day,segment,wallet,events,cents
20,0,1810,3,3835
20,0,1856,2,4866
21,0,1842,1,4852
21,0,1856,4,2890
21,0,1863,7,28324
21,0,1873,1,932
22,0,1810,2,350
22,0,1856,1,1763
22,0,1863,13,38954
22,0,1873,5,4913
23,0,1810,2,534
23,0,1856,1,3317
23,0,1863,5,3148
23,0,1873,1,2256
24,0,1810,5,1689
24,0,1856,4,6600
24,0,1863,4,2072
24,0,1873,2,4154
25,0,1810,3,1260
25,0,1856,3,2415
25,0,1863,4,7130
25,0,1873,1,932
25,0,1885,1,206
26,0,1856,2,5531
26,0,1863,3,10193
26,0,1873,6,13233
26,0,1972,1,795
27,0,1987,4,4909
28,0,1987,8,16905
28,0,1993,1,169
29,0,1987,5,43709
29,0,1993,2,383
29,0,2021,2,2397
30,0,2025,1,3495
31,0,1987,2,8201
31,0,1990,1,4071
31,0,2021,2,279
31,0,2025,5,4304
32,0,1987,3,2556
32,0,1993,2,2832
32,0,2020,3,12382
32,0,2025,5,175916
32,0,2042,1,17896
33,0,1993,4,1055
33,0,2019,1,61
33,0,2020,5,74216
33,0,2021,2,2399
33,0,2025,3,19964
33,0,2036,2,13791
34,0,1987,2,17777
34,0,1993,2,753
34,0,2019,1,71
34,0,2020,3,2189
34,0,2025,2,2648
34,0,2029,1,541
34,0,2043,1,612
34,0,2049,1,379
35,0,1987,7,7996
35,0,1992,3,4640
35,0,1993,2,627
35,0,2020,8,74991
35,0,2029,1,2774
35,0,2036,4,8678
35,0,2043,5,3177
35,0,2075,1,2954
36,0,1992,2,2997
36,0,1993,5,9594
36,0,2020,2,20325
36,0,2025,6,7354
36,0,2034,4,3530
36,0,2036,1,5440
36,0,2055,3,38407
36,0,2075,1,582
36,0,2077,1,1062
37,0,1990,2,1885
37,0,1992,1,1209
37,0,1993,2,2390
37,0,2020,1,1086
37,0,2025,1,1279
37,0,2034,4,4804
37,0,2077,2,13982
38,0,1990,1,138
38,0,1992,4,4658
38,0,1993,2,300
38,0,2025,1,816
38,0,2029,2,2403
38,0,2034,3,1965
38,0,2043,3,3782
38,0,2055,3,11499
39,0,1993,2,2449
39,0,2020,4,28109
39,0,2025,2,1244
39,0,2034,7,12119
39,0,2036,2,3594
39,0,2043,1,1663
39,0,2077,3,7413
40,0,1990,1,1001
40,0,1992,6,5796
40,0,1993,3,3531
40,0,2025,1,22800
40,0,2030,4,3141
40,0,2034,4,4079
40,0,2036,3,2079
40,0,2043,1,2558
41,0,1990,1,137
41,0,1993,7,5901
41,0,2021,1,159
41,0,2025,6,66146
41,0,2030,1,81
41,0,2034,6,8799
41,0,2036,3,9563
41,0,2048,1,1014
42,0,1990,1,137
42,0,1992,5,7117
42,0,1993,1,166
42,0,2020,1,229
42,0,2021,2,393
42,0,2025,4,9643
42,0,2034,5,10279
42,0,2036,9,75197
42,0,2048,1,241
42,0,2075,1,1082
42,0,2077,2,4944
43,0,1990,1,745
43,0,1992,1,2501
43,0,2021,1,220
43,0,2030,1,377
43,0,2034,7,20304
43,0,2036,2,10914
43,0,2075,3,5300
44,0,1992,1,813
44,0,2025,7,18893
44,0,2034,11,21232
44,0,2036,4,31754
44,0,2077,7,33231
44,0,2090,1,9008
45,0,1990,2,19102
45,0,1992,6,7525
45,0,2021,1,235
45,0,2025,1,363
45,0,2034,4,6686
45,0,2036,1,5863
45,0,2077,6,38395
45,0,2087,1,1524
45,0,2090,3,4849
46,0,1992,1,736
46,0,2020,1,2017
46,0,2021,1,212
46,0,2025,1,410
46,0,2034,2,4855
46,0,2036,4,48494
46,0,2077,6,7273
46,0,2087,8,263317
46,0,2090,3,7513
47,0,1992,1,948
47,0,2019,1,346
47,0,2025,1,425
47,0,2034,1,1575
47,0,2036,2,3397
47,0,2043,2,3585
47,0,2048,3,6365
47,0,2077,4,7584
47,0,2087,6,14864
47,0,2090,2,2055
48,0,1990,4,5642
48,0,1992,1,174
48,0,2025,6,24410
48,0,2034,2,4305
48,0,2036,2,38738
48,0,2048,1,463
48,0,2077,6,75116
48,0,2087,5,12566
48,0,2090,1,1674
49,0,1990,2,1878
49,0,1992,2,2310
49,0,1993,1,1275
49,0,2021,1,236
49,0,2025,2,3485
49,0,2034,2,5478
49,0,2036,4,14424
49,0,2042,1,2094
49,0,2048,2,663
49,0,2087,6,37452
49,0,2090,2,1943
50,0,2025,3,114301
50,0,2030,1,155
50,0,2034,5,10096
50,0,2036,4,20976
50,0,2042,1,787
50,0,2048,2,2775
50,0,2077,1,5442
50,0,2087,1,424
50,0,2090,4,34128
51,0,1992,2,2751
51,0,2025,4,6871
51,0,2036,4,4463
51,0,2042,1,19263
51,0,2048,2,1061
51,0,2090,1,547
52,0,1990,1,6192
52,0,1992,2,2847
52,0,2020,1,683
52,0,2025,3,6117
52,0,2034,2,1365
52,0,2036,5,3484
52,0,2048,2,5081
52,0,2075,1,2779
52,0,2077,4,273703
52,0,2087,5,38677
52,0,2088,1,338
52,0,2090,1,1243
53,0,1992,2,925
53,0,2025,4,6875
53,0,2034,2,1690
53,0,2036,6,3707
53,0,2048,1,463
53,0,2077,4,12154
53,0,2087,1,7356
53,0,2090,3,6184
54,0,1990,4,9142
54,0,1992,3,7392
54,0,2020,3,3688
54,0,2021,1,236
54,0,2025,3,11748
54,0,2034,4,13683
54,0,2036,9,15833
54,0,2048,1,463
54,0,2075,1,2695
54,0,2077,2,960
54,0,2087,1,11807
54,0,2090,1,1752
54,0,2114,1,2347
54,0,2126,1,7582
55,0,1990,3,1516
55,0,1992,3,5787
55,0,2020,1,759
55,0,2025,3,278028
55,0,2033,1,1353
55,0,2034,3,1826
55,0,2036,8,44059
55,0,2048,2,884
55,0,2075,2,1247
55,0,2077,4,11027
55,0,2087,1,12079
55,0,2090,2,2131
55,0,2114,5,6419
55,0,2117,2,2182
55,0,2126,3,7013
55,0,2128,6,15333
56,0,1992,3,1727
56,0,2025,3,4408
56,0,2034,1,222
56,0,2087,1,1400
56,0,2114,1,2727
56,0,2117,1,1276
56,0,2126,1,943
56,0,2128,2,2443
56,0,2159,3,99361
58,0,1992,15,13896
58,0,1993,1,213
58,0,2020,3,4780
58,0,2025,7,21864
58,0,2036,22,69453
58,0,2042,2,46545
58,0,2048,3,14048
58,0,2077,4,14145
58,0,2087,15,270363
58,0,2090,7,25145
58,0,2114,7,12254
58,0,2117,3,1247
58,0,2126,3,11926
58,0,2127,1,2038
58,0,2128,9,44718
58,0,2140,1,408
58,0,2159,8,131883
58,0,2162,4,2908
59,0,1987,1,926
59,0,1990,2,5120
59,0,1992,8,5161
59,0,2020,1,2299
59,0,2025,5,15185
59,0,2034,1,1344
59,0,2036,21,60645
59,0,2048,2,930
59,0,2077,1,19017
59,0,2087,3,12798
59,0,2090,2,4881
59,0,2114,3,7972
59,0,2122,1,1113
59,0,2126,1,1196
59,0,2127,3,2281
59,0,2128,4,5832
59,0,2140,1,1356
59,0,2159,12,86432
60,0,1987,1,509
60,0,1990,3,13391
60,0,1992,15,12905
60,0,2020,2,2025
60,0,2021,1,236
60,0,2025,3,4475
60,0,2034,1,1155
60,0,2036,7,28890
60,0,2077,4,3752
60,0,2087,2,33152
60,0,2114,3,8630
60,0,2126,2,1809
60,0,2127,2,1294
60,0,2128,3,41202
60,0,2159,8,16521
61,0,1992,7,6756
61,0,2020,1,540
61,0,2025,4,52554
61,0,2034,1,116
61,0,2036,8,26652
61,0,2048,2,1515
61,0,2075,2,6191
61,0,2087,1,2063
61,0,2114,4,3802
61,0,2127,3,3361
61,0,2128,4,68926
61,0,2159,6,13922
62,0,1992,4,2426
62,0,2020,4,10214
62,0,2025,2,3737
62,0,2036,5,11672
62,0,2075,3,3759
62,0,2087,1,45541
62,0,2088,1,2301
62,0,2114,2,2957
62,0,2119,2,1054
62,0,2127,1,1370
62,0,2128,2,1876
62,0,2159,8,10801
63,0,1992,12,12219
63,0,2020,3,5990
63,0,2025,2,1281
63,0,2036,5,9608
63,0,2042,2,27111
63,0,2075,1,1310
63,0,2087,2,405748
63,0,2114,2,4515
63,0,2128,1,2121
63,0,2159,8,30470
64,0,1990,2,38906
64,0,1992,7,3049
64,0,2020,4,3533
64,0,2025,4,7575
64,0,2036,7,9563
64,0,2077,2,6524
64,0,2087,1,93242
64,0,2090,3,11132
64,0,2128,1,8
64,0,2159,9,16367
65,0,1990,1,1754
65,0,1992,8,6366
65,0,2020,6,16103
65,0,2025,8,10758
65,0,2034,4,28655
65,0,2036,5,31415
65,0,2048,2,794
65,0,2075,1,1574
65,0,2077,4,6883
65,0,2087,4,26509
65,0,2090,1,764
65,0,2114,10,45730
65,0,2126,4,17178
65,0,2127,4,9383
65,0,2128,2,4153
65,0,2159,7,25140
66,0,1992,3,3564
66,0,2020,1,14299
66,0,2025,6,71594
66,0,2030,1,441
66,0,2034,3,2462
66,0,2036,7,6143
66,0,2048,3,884
66,0,2075,1,3710
66,0,2077,1,2950
66,0,2114,1,6941
66,0,2128,2,12610
66,0,2159,7,16757
67,0,1990,1,558
67,0,2020,4,3587
67,0,2025,5,38813
67,0,2034,2,2106
67,0,2036,3,57833
67,0,2048,1,1361
67,0,2077,5,29376
67,0,2087,4,165555
67,0,2090,2,856
67,0,2114,3,6418
67,0,2126,1,2313
67,0,2159,10,27006
68,0,1990,2,195981
68,0,1992,3,1429
68,0,2020,5,5412
68,0,2025,7,465300
68,0,2034,5,56233
68,0,2036,8,50144
68,0,2043,1,976
68,0,2048,1,765
68,0,2077,1,28861
68,0,2087,2,282950
68,0,2090,2,4072
68,0,2114,2,1662
68,0,2126,1,6534
68,0,2127,1,680
68,0,2128,1,6534
68,0,2159,4,7803
69,0,1990,1,1226
69,0,2020,7,12378
69,0,2025,2,1305
69,0,2033,2,31431
69,0,2034,7,4959
69,0,2036,4,2851
69,0,2043,1,379
69,0,2048,1,1158
69,0,2075,3,6340
69,0,2077,4,10130
69,0,2087,6,58412
69,0,2090,2,756
69,0,2114,2,7731
69,0,2126,5,6561
69,0,2127,1,933
69,0,2128,4,27123
69,0,2159,3,5136
69,0,2184,1,605
69,0,2185,1,912
70,0,1992,3,1950
70,0,2019,1,54
70,0,2020,7,19794
70,0,2025,4,254579
70,0,2034,4,6206
70,0,2036,6,12306
70,0,2043,4,9175
70,0,2048,1,848
70,0,2077,2,59859
70,0,2087,4,10417
70,0,2090,6,34021
70,0,2114,4,51986
70,0,2119,1,479
70,0,2128,12,29132
70,0,2140,1,622
70,0,2159,1,1442
70,0,2184,2,3052
70,0,2186,1,4966
71,0,2020,3,13992
71,0,2025,5,69837
71,0,2033,1,6080
71,0,2034,9,90611
71,0,2036,4,3572
71,0,2043,1,2144
71,0,2048,3,1762
71,0,2077,3,6067
71,0,2087,4,9572
71,0,2090,4,13525
71,0,2114,3,4979
71,0,2126,1,2799
71,0,2128,3,10956
71,0,2159,2,4274
71,0,2184,2,3061
71,0,2185,2,852
71,0,2186,5,18820
71,0,2187,1,184
72,0,1992,1,876
72,0,2020,4,5601
72,0,2025,7,10948
72,0,2029,1,2832
72,0,2033,5,39161
72,0,2034,2,4900
72,0,2036,8,31467
72,0,2043,2,2173
72,0,2048,2,710
72,0,2087,4,4837
72,0,2090,2,4619
72,0,2114,2,12081
72,0,2128,5,12791
72,0,2159,4,10621
72,0,2185,1,1065
72,0,2187,1,410
72,0,2195,1,617
73,0,1979,1,576
73,0,1990,3,4456
73,0,1992,1,776
73,0,2020,5,7698
73,0,2025,6,82709
73,0,2033,2,13666
73,0,2034,2,1860
73,0,2036,8,15581
73,0,2043,2,2645
73,0,2048,2,878
73,0,2075,2,2489
73,0,2077,2,16435
73,0,2087,4,63987
73,0,2114,1,1887
73,0,2126,1,560
73,0,2128,3,4416
73,0,2159,7,23174
73,0,2184,1,1355
73,0,2187,1,705
73,0,2195,3,46993
73,0,2197,1,902
73,0,2198,1,271
74,0,2020,8,24738
74,0,2025,6,284969
74,0,2033,1,15000
74,0,2034,4,3210
74,0,2036,4,4457
74,0,2042,1,48157
74,0,2043,1,867
74,0,2048,1,764
74,0,2075,1,587
74,0,2090,1,322
74,0,2114,4,6117
74,0,2128,5,7437
74,0,2159,2,3717
74,0,2185,1,1278
74,0,2187,7,3685
74,0,2195,6,12052
74,0,2198,1,3033
74,0,2200,1,696
74,0,2206,1,496
74,0,2211,3,12708
74,0,2212,2,1313
75,0,1990,1,136
75,0,2020,3,2200
75,0,2025,1,778
75,0,2033,5,19222
75,0,2034,5,2092
75,0,2036,6,10576
75,0,2048,1,563
75,0,2075,2,1346
75,0,2077,1,644
75,0,2087,2,11375
75,0,2090,1,1210
75,0,2128,3,37954
75,0,2159,3,7946
75,0,2184,1,1212
75,0,2187,4,6822
75,0,2195,3,10587
75,0,2197,1,1159
75,0,2200,2,20626
75,0,2206,2,264
75,0,2211,4,1935
75,0,2213,2,955
75,0,2217,4,7339
75,0,2220,2,1605
76,0,1990,1,870
76,0,1992,1,4951
76,0,2020,3,209199
76,0,2025,6,33532
76,0,2033,6,20163
76,0,2034,5,12323
76,0,2036,4,2754
76,0,2048,2,583
76,0,2077,2,6326
76,0,2087,3,3408
76,0,2090,1,323
76,0,2114,1,967
76,0,2119,2,1386
76,0,2128,8,18625
76,0,2140,1,19
76,0,2159,4,64881
76,0,2186,7,25466
76,0,2187,2,577
76,0,2188,1,619
76,0,2195,4,351788
76,0,2206,1,3480
76,0,2211,1,199
76,0,2212,5,5950
76,0,2217,1,1098
76,0,2219,1,13265
76,0,2220,1,3183
76,0,2225,1,536
77,0,1990,2,1383
77,0,1992,1,744
77,0,2020,2,4391
77,0,2025,11,36482
77,0,2033,6,37541
77,0,2034,6,27330
77,0,2036,6,15176
77,0,2043,3,2326
77,0,2048,1,251
77,0,2077,3,15303
77,0,2090,1,1446
77,0,2114,1,2499
77,0,2126,2,3390
77,0,2128,12,24010
77,0,2140,1,3846
77,0,2159,4,9596
77,0,2184,2,1960
77,0,2186,2,1331
77,0,2187,3,2868
77,0,2195,6,30677
77,0,2198,4,13915
77,0,2200,1,696
77,0,2206,2,3455
77,0,2211,2,5599
77,0,2212,3,4218
77,0,2217,2,79408
77,0,2225,4,9813
77,0,2229,2,677
77,0,2230,2,4761
78,0,1990,4,9669
78,0,1992,2,10932
78,0,2020,2,5900
78,0,2025,10,14757
78,0,2033,2,50314
78,0,2034,6,7463
78,0,2036,10,16235
78,0,2043,6,3091
78,0,2077,3,4584
78,0,2087,4,31850
78,0,2090,6,15791
78,0,2114,3,5430
78,0,2122,1,11172
78,0,2126,2,4307
78,0,2128,8,11492
78,0,2140,1,2372
78,0,2159,7,27180
78,0,2185,1,443
78,0,2186,6,15563
78,0,2187,3,5983
78,0,2195,3,3395
78,0,2197,1,580
78,0,2198,6,9855
78,0,2206,1,404
78,0,2211,5,7778
78,0,2212,1,1497
78,0,2217,2,4787
78,0,2220,1,507
78,0,2242,1,303
79,0,1990,3,13518
79,0,2020,2,2743
79,0,2025,1,12713
79,0,2033,5,9637
79,0,2034,1,37
79,0,2036,4,14260
79,0,2043,2,1680
79,0,2122,1,2613
79,0,2126,2,5010
79,0,2128,2,3918
79,0,2140,1,700
79,0,2159,5,720993
79,0,2187,4,5800
79,0,2195,3,16970
79,0,2198,7,16418
79,0,2199,1,69468
79,0,2200,1,10600
79,0,2206,2,5127
79,0,2212,1,7020
79,0,2217,2,4742
79,0,2221,1,1235
79,0,2228,2,2654
79,0,2242,2,5581
80,0,2020,3,5813
80,0,2025,4,6630
80,0,2033,5,17806
80,0,2034,1,249
80,0,2036,4,14509
80,0,2043,1,1152
80,0,2075,1,593
80,0,2077,1,15862
80,0,2087,1,513
80,0,2090,3,37323
80,0,2114,1,634
80,0,2122,4,51234
80,0,2128,3,1116
80,0,2159,5,425884
80,0,2184,1,546
80,0,2187,6,3564
80,0,2195,1,1017
80,0,2198,2,2681
80,0,2200,1,786
80,0,2211,3,2777
80,0,2217,1,796
80,0,2220,2,2205
80,0,2228,1,426
80,0,2245,3,13233
80,0,2248,1,143
81,0,1990,5,34253
81,0,1992,1,901
81,0,2020,2,24318
81,0,2025,5,58800
81,0,2033,3,8814
81,0,2034,2,1343
81,0,2036,5,8915
81,0,2075,1,683
81,0,2077,1,1203
81,0,2087,1,981
81,0,2090,1,1967
81,0,2114,1,37356
81,0,2128,3,8838
81,0,2159,7,138211
81,0,2186,6,45574
81,0,2187,9,2460
81,0,2195,1,911
81,0,2198,4,5178
81,0,2200,1,17263
81,0,2206,4,8238
81,0,2211,1,320
81,0,2217,4,1233
81,0,2220,2,2348
81,0,2228,2,935
81,0,2241,1,3860
81,0,2245,1,2219
81,0,2247,1,893
81,0,2248,2,35015
81,0,2251,1,415
82,0,1990,7,10400
82,0,1992,2,13357
82,0,2020,5,21646
82,0,2025,3,3659
82,0,2033,4,24031
82,0,2036,6,77879
82,0,2077,6,55191
82,0,2090,4,17270
82,0,2114,1,632
82,0,2122,1,379969
82,0,2126,1,1494
82,0,2128,4,4280
82,0,2159,6,55773
82,0,2185,2,4264
82,0,2186,3,3322
82,0,2187,4,2265
82,0,2193,4,7027
82,0,2195,2,731
82,0,2197,1,4592
82,0,2198,6,4784
82,0,2200,1,670
82,0,2206,1,1939
82,0,2211,3,3891
82,0,2212,1,2738
82,0,2217,7,1798
82,0,2228,3,2009
82,0,2241,2,144
82,0,2245,4,5688
82,0,2248,1,6519
82,0,2250,2,9438
82,0,2251,7,6253
82,0,2253,1,27
82,0,2260,1,1080
83,0,1990,4,134311
83,0,1992,3,1056
83,0,2020,6,14866
83,0,2025,3,16885
83,0,2030,1,101
83,0,2033,4,9388
83,0,2036,6,4053
83,0,2043,1,535
83,0,2077,3,4558
83,0,2087,3,15425
83,0,2090,5,10555
83,0,2114,4,3072
83,0,2122,3,90409
83,0,2128,4,15131
83,0,2159,3,3405
83,0,2186,9,46186
83,0,2187,11,5455
83,0,2193,3,16070
83,0,2195,2,4727
83,0,2198,10,16784
83,0,2206,1,14187
83,0,2211,2,1143
83,0,2228,1,440
83,0,2241,2,788
83,0,2245,2,5325
83,0,2251,5,6809
83,0,2252,1,324
84,0,1990,2,5186
84,0,1992,2,6240
84,0,2020,5,7882
84,0,2025,5,26643
84,0,2033,7,68011
84,0,2034,2,11355
84,0,2036,6,14047
84,0,2043,2,1774
84,0,2087,1,10400
84,0,2114,3,3026
84,0,2122,5,57710
84,0,2126,1,3472
84,0,2128,4,23575
84,0,2159,4,6755
84,0,2184,2,1700
84,0,2186,2,2636
84,0,2187,12,4002
84,0,2193,4,35609
84,0,2195,6,9172
84,0,2198,1,2978
84,0,2206,3,9105
84,0,2211,5,4735
84,0,2212,1,7290
84,0,2217,1,473
84,0,2220,1,440
84,0,2228,1,440
84,0,2241,1,151
84,0,2245,5,14426
84,0,2251,18,21610
84,0,2259,1,1082
85,0,1992,4,3917
85,0,2020,4,32841
85,0,2025,12,50764
85,0,2029,1,2155
85,0,2033,2,10573
85,0,2034,3,11548
85,0,2036,2,6872
85,0,2042,1,1520
85,0,2075,1,655
85,0,2114,4,9024
85,0,2122,5,115356
85,0,2128,9,23490
85,0,2159,7,167157
85,0,2186,4,5876
85,0,2187,5,6271
85,0,2193,6,232633
85,0,2195,2,12204
85,0,2197,1,48706
85,0,2198,8,22534
85,0,2206,7,26109
85,0,2211,3,4824
85,0,2217,1,343
85,0,2225,1,1013
85,0,2228,2,1375
85,0,2241,1,660
85,0,2245,2,191427
85,0,2248,4,6504
85,0,2251,10,7922
86,0,1990,2,4131
86,0,2020,2,13644
86,0,2025,5,42370
86,0,2033,4,15920
86,0,2034,1,584
86,0,2036,5,33730
86,0,2114,1,3975
86,0,2128,6,33408
86,0,2159,4,16835
86,0,2186,3,56550
86,0,2187,7,6370
86,0,2193,1,5701
86,0,2195,3,4977
86,0,2198,14,52637
86,0,2206,2,861
86,0,2211,3,32532
86,0,2217,1,431
86,0,2219,3,3110
86,0,2241,1,216
86,0,2245,1,369
86,0,2248,1,1276
86,0,2250,3,16962
86,0,2251,9,7811
86,0,2253,1,5883
86,0,2260,1,865
86,0,2274,10,7586
87,0,1992,2,1252
87,0,2020,1,1047
87,0,2025,10,25274
87,0,2030,1,327
87,0,2033,3,28208
87,0,2034,1,3905
87,0,2036,17,7576
87,0,2077,5,15666
87,0,2087,1,258
87,0,2090,1,714
87,0,2114,4,3459
87,0,2122,1,219718
87,0,2159,8,17314
87,0,2186,6,39401
87,0,2187,3,1352
87,0,2193,6,55640
87,0,2195,2,3020
87,0,2197,2,184358
87,0,2198,3,11188
87,0,2200,1,979
87,0,2211,5,5515
87,0,2217,2,508
87,0,2219,2,571
87,0,2225,1,1965
87,0,2228,1,426
87,0,2241,1,72
87,0,2245,1,1
87,0,2250,3,492724
87,0,2251,12,13297
87,0,2274,4,41383
87,0,2282,1,966
87,0,2284,1,9739
87,0,2291,4,30662
88,0,1990,2,5115
88,0,2020,1,841
88,0,2025,5,5936
88,0,2030,1,477
88,0,2033,6,16605
88,0,2034,4,2647
88,0,2036,2,820
88,0,2048,3,2574
88,0,2077,4,49572
88,0,2087,1,17009
88,0,2114,1,2049
88,0,2122,2,9554
88,0,2159,3,9560
88,0,2185,3,2884
88,0,2186,5,14895
88,0,2187,3,1258
88,0,2193,9,171488
88,0,2195,5,4350
88,0,2198,4,3591
88,0,2211,7,3690
88,0,2219,1,1
88,0,2248,1,513
88,0,2250,3,6285
88,0,2251,10,103749
88,0,2274,5,3760
88,0,2278,1,34290
88,0,2291,7,7019
88,0,2293,1,1072
89,0,1990,2,3608
89,0,1992,1,728
89,0,2020,6,8032
89,0,2025,3,4971
89,0,2029,1,3359
89,0,2033,1,17923
89,0,2034,7,9402
89,0,2036,8,6829
89,0,2048,2,1262
89,0,2077,3,6670
89,0,2114,1,2731
89,0,2122,1,36943
89,0,2126,2,1228
89,0,2128,1,232
89,0,2159,4,710797
89,0,2184,1,1774
89,0,2186,5,17407
89,0,2193,6,91320
89,0,2195,7,135668
89,0,2198,4,3615
89,0,2211,3,2698
89,0,2219,2,949
89,0,2229,1,8624
89,0,2245,2,41805
89,0,2248,1,346
89,0,2250,4,24153
89,0,2251,9,9502
89,0,2274,6,3178
89,0,2278,3,6095
89,0,2291,9,9033
89,0,2293,1,475
89,0,2300,1,1311
89,0,2326,2,6018
89,0,2327,3,4905
89,0,2336,2,9763
90,0,1990,3,4568
90,0,1992,10,18304
90,0,2020,2,23328
90,0,2025,3,6046
90,0,2029,2,1747
90,0,2033,3,20450
90,0,2034,4,5112
90,0,2036,6,11151
90,0,2048,1,368
90,0,2077,1,78960
90,0,2114,2,1163
90,0,2159,7,16233
90,0,2184,3,5253
90,0,2186,5,35469
90,0,2187,4,4707
90,0,2193,2,5089
90,0,2195,3,13548
90,0,2197,1,8189
90,0,2198,2,1804
90,0,2206,1,2066
90,0,2211,3,1331
90,0,2212,3,2157
90,0,2217,1,1147
90,0,2219,1,7460
90,0,2241,1,341
90,0,2245,6,23296
90,0,2250,9,22556
90,0,2251,15,10969
90,0,2274,3,1170
90,0,2278,1,10672
90,0,2282,1,1003
90,0,2291,8,16978
90,0,2293,1,9960
90,0,2326,2,2643
90,0,2327,7,39493
90,0,2336,1,1007
90,0,2337,2,483
91,0,1992,4,5361
91,0,1993,1,213
91,0,2020,11,32842
91,0,2025,11,57306
91,0,2029,2,21603
91,0,2033,3,13867
91,0,2034,10,13726
91,0,2036,6,3650
91,0,2043,4,7409
91,0,2048,2,1021
91,0,2087,4,8494
91,0,2114,4,1312
91,0,2122,1,10922
91,0,2126,1,1215
91,0,2159,7,18961
91,0,2184,1,578
91,0,2186,3,14657
91,0,2187,5,2126
91,0,2193,3,37013
91,0,2195,4,13308
91,0,2197,1,605
91,0,2198,8,6518
91,0,2211,4,3618
91,0,2212,2,239
91,0,2217,1,118
91,0,2248,2,4026
91,0,2250,7,107056
91,0,2251,6,30546
91,0,2260,2,10890
91,0,2267,1,222
91,0,2274,6,2350
91,0,2278,1,50000
91,0,2291,10,12413
91,0,2293,5,9440
91,0,2316,1,114
91,0,2326,2,23097
91,0,2327,5,21894
91,0,2336,2,1280
91,0,2337,1,249
91,0,2349,4,52698
91,0,2350,1,611
91,0,2356,3,10647
92,0,2020,7,18338
92,0,2025,5,23699
92,0,2029,2,22438
92,0,2033,2,3849
92,0,2034,9,10989
92,0,2036,6,10228
92,0,2043,2,10824
92,0,2048,2,1956
92,0,2087,3,6156
92,0,2114,1,261
92,0,2159,8,46543
92,0,2186,1,21507
92,0,2187,2,1090
92,0,2193,6,25803
92,0,2195,2,4148
92,0,2198,9,6099
92,0,2206,8,95976
92,0,2211,5,11404
92,0,2219,2,1891
92,0,2245,1,948
92,0,2248,3,16702
92,0,2250,8,49910
92,0,2251,17,34406
92,0,2274,3,1152
92,0,2278,1,1703
92,0,2282,1,1423
92,0,2291,5,328363
92,0,2326,4,9757
92,0,2327,4,36670
92,0,2336,1,1600
92,0,2337,4,2173
92,0,2349,1,2930
92,0,2356,4,4623
93,0,1992,2,1073
93,0,2020,5,11079
93,0,2025,5,20515
93,0,2029,1,2192
93,0,2033,2,12976
93,0,2036,7,126553
93,0,2043,5,4693
93,0,2048,1,1913
93,0,2087,2,35779
93,0,2159,12,30537
93,0,2186,3,21227
93,0,2187,4,8885
93,0,2195,3,14147
93,0,2198,14,28979
93,0,2206,3,3952
93,0,2219,2,2262
93,0,2250,1,39795
93,0,2251,12,7364
93,0,2274,8,15718
93,0,2282,3,5594
93,0,2291,4,8513
93,0,2293,4,3186
93,0,2318,1,7381
93,0,2326,6,9797
93,0,2337,4,5294
93,0,2349,4,9465
93,0,2356,1,6262
94,0,1990,2,2507
94,0,1992,1,2338
94,0,2020,1,1129
94,0,2025,6,46589
94,0,2033,2,5947
94,0,2034,1,1691
94,0,2036,4,2055
94,0,2048,2,813
94,0,2087,1,614
94,0,2114,1,1303
94,0,2159,3,6687
94,0,2185,1,2242
94,0,2186,5,47597
94,0,2187,3,981
94,0,2193,4,9607
94,0,2195,3,12490
94,0,2197,1,3346
94,0,2198,5,7291
94,0,2200,1,979
94,0,2211,1,2533
94,0,2219,1,1781
94,0,2245,5,14671
94,0,2248,2,4817
94,0,2250,1,21428
94,0,2251,11,20296
94,0,2267,1,677
94,0,2273,1,7768
94,0,2274,4,6053
94,0,2282,1,1378
94,0,2291,3,34084
94,0,2293,1,1208
94,0,2309,1,585
94,0,2318,1,1197
94,0,2326,5,7894
94,0,2337,6,22963
94,0,2356,8,19120
95,0,1990,4,26183
95,0,2020,1,2104
95,0,2025,7,258112
95,0,2033,2,15299
95,0,2034,2,2872
95,0,2036,5,6709
95,0,2043,1,877
95,0,2048,2,778
95,0,2087,3,2870
95,0,2122,1,78152
95,0,2159,3,12706
95,0,2185,2,2750
95,0,2186,6,19819
95,0,2187,3,861
95,0,2193,5,72436
95,0,2195,2,1790
95,0,2197,1,580
95,0,2198,6,12170
95,0,2200,1,1289
95,0,2211,1,4900
95,0,2212,3,1872
95,0,2219,2,6981
95,0,2224,2,4369
95,0,2225,3,3647
95,0,2227,1,1182
95,0,2245,2,4114
95,0,2248,1,12912
95,0,2250,1,12097
95,0,2251,15,29796
95,0,2267,1,200
95,0,2274,6,2469
95,0,2284,1,179
95,0,2291,10,24862
95,0,2309,7,14847
95,0,2316,3,197099
95,0,2326,6,16931
95,0,2337,5,7768
95,0,2349,2,14567
95,0,2356,4,6739
95,0,2372,1,894
95,0,2378,1,13751
96,0,2020,1,351
96,0,2025,6,137647
96,0,2033,1,80232
96,0,2034,3,4086
96,0,2036,6,2845
96,0,2042,1,4344
96,0,2043,2,1812
96,0,2077,2,1092
96,0,2087,1,615
96,0,2088,3,14510
96,0,2090,1,302
96,0,2122,1,232242
96,0,2159,3,4247
96,0,2186,2,1392
96,0,2187,3,994
96,0,2193,4,46590
96,0,2195,1,190
96,0,2198,4,14733
96,0,2219,2,3732
96,0,2229,1,6991
96,0,2230,1,848
96,0,2245,1,839
96,0,2250,4,510939
96,0,2251,10,6872
96,0,2252,1,305
96,0,2267,1,277
96,0,2274,8,25208
96,0,2282,5,12281
96,0,2291,6,30448
96,0,2309,3,4251
96,0,2316,1,11852
96,0,2326,5,16906
96,0,2337,1,2000
96,0,2356,1,1138
96,0,2363,1,576
96,0,2372,1,666
96,0,2382,1,10616
97,0,1990,2,708
97,0,1992,1,2429
97,0,2020,3,6056
97,0,2025,5,21026
97,0,2033,2,18585
97,0,2034,7,29580
97,0,2036,2,4883
97,0,2043,2,12958
97,0,2048,3,3106
97,0,2087,6,142528
97,0,2088,5,3289
97,0,2114,1,213
97,0,2126,1,2107
97,0,2128,1,609
97,0,2159,10,39729
97,0,2186,7,95370
97,0,2187,1,208
97,0,2193,9,45529
97,0,2195,2,3529
97,0,2198,1,375
97,0,2200,1,747
97,0,2211,5,16396
97,0,2219,1,927
97,0,2227,2,11457
97,0,2248,1,3906
97,0,2250,6,37467
97,0,2251,11,9707
97,0,2278,1,11975
97,0,2282,2,1187
97,0,2291,1,112500
97,0,2309,2,2624
97,0,2326,3,3571
97,0,2327,3,8239
97,0,2337,3,4076
97,0,2349,3,122615
97,0,2356,2,3467
97,0,2363,1,115
97,0,2372,1,820
97,0,2378,4,42604
98,0,1990,5,65682
98,0,1992,4,2299
98,0,2025,7,357439
98,0,2029,1,1691
98,0,2036,2,4236
98,0,2048,2,889
98,0,2077,1,792
98,0,2088,3,9874
98,0,2119,5,6207
98,0,2159,6,28162
98,0,2186,4,14159
98,0,2187,2,451
98,0,2193,1,101650
98,0,2195,3,261963
98,0,2197,1,593
98,0,2198,9,16889
98,0,2211,2,1410
98,0,2212,4,2958
98,0,2227,2,4752
98,0,2230,1,500
98,0,2245,2,5182
98,0,2248,2,1725
98,0,2250,5,59891
98,0,2251,14,10938
98,0,2260,2,9312
98,0,2267,1,200
98,0,2274,4,548
98,0,2278,2,18134
98,0,2291,1,1110
98,0,2304,6,16840
98,0,2309,3,7261
98,0,2316,2,6623
98,0,2318,2,9553
98,0,2326,4,2443
98,0,2327,1,9547
98,0,2337,5,8046
98,0,2349,1,976
98,0,2363,1,217
98,0,2372,1,1117
98,0,2378,7,21905
98,0,2389,1,10362
99,0,1990,1,1171
99,0,2020,6,12268
99,0,2025,3,11577
99,0,2033,4,31865
99,0,2036,6,15381
99,0,2087,2,6860
99,0,2088,2,5806
99,0,2119,3,7420
99,0,2122,2,28567
99,0,2159,10,110434
99,0,2186,2,29315
99,0,2187,3,2024
99,0,2193,2,7902
99,0,2195,2,7477
99,0,2198,4,46811
99,0,2211,4,3775
99,0,2212,4,1147
99,0,2227,3,123283
99,0,2230,2,600
99,0,2235,3,3389
99,0,2245,9,9582
99,0,2248,1,5568
99,0,2250,1,7008
99,0,2251,12,21383
99,0,2267,1,450
99,0,2274,1,772
99,0,2278,1,6305
99,0,2282,3,3028
99,0,2291,3,3054
99,0,2304,1,3096
99,0,2309,5,7024
99,0,2316,2,1530
99,0,2317,3,22591
99,0,2318,5,23235
99,0,2326,8,32188
99,0,2327,5,994730
99,0,2337,4,6633
99,0,2340,2,867
99,0,2348,1,394
99,0,2350,1,587
99,0,2353,1,526
99,0,2378,10,13838
99,0,2389,2,6664
100,0,2020,1,2322
100,0,2025,1,1898
100,0,2033,8,34668
100,0,2036,2,14072
100,0,2042,1,2956
100,0,2048,2,3529
100,0,2077,2,3318
100,0,2088,1,1340
100,0,2119,1,1278
100,0,2122,1,1597
100,0,2159,4,23052
100,0,2185,6,6789
100,0,2186,2,1083
100,0,2187,2,6798
100,0,2188,4,52395
100,0,2193,4,4073
100,0,2195,2,1790
100,0,2197,3,23697
100,0,2198,5,13103
100,0,2211,2,8559
100,0,2212,10,3865
100,0,2219,1,1066
100,0,2227,3,509463
100,0,2245,5,9793
100,0,2248,4,22177
100,0,2250,4,11788
100,0,2251,10,7020
100,0,2267,2,476
100,0,2274,7,8643
100,0,2278,2,19724
100,0,2291,4,41377
100,0,2304,1,13581
100,0,2309,1,2385
100,0,2316,1,7655
100,0,2317,1,2702
100,0,2318,5,8764
100,0,2322,5,44082
100,0,2326,1,5450
100,0,2327,1,8312
100,0,2336,1,4325
100,0,2337,5,11888
100,0,2340,2,1466
100,0,2348,3,12652
100,0,2372,1,963
100,0,2378,8,88746
100,0,2384,1,49
100,0,2389,2,11284
101,0,1990,1,6099
101,0,1992,5,4547
101,0,2025,6,40880
101,0,2033,4,30869
101,0,2034,2,81929
101,0,2036,16,60626
101,0,2043,1,857
101,0,2077,1,198007
101,0,2088,1,1105
101,0,2119,1,511
101,0,2122,1,316106
101,0,2128,6,130786
101,0,2159,6,9864
101,0,2184,1,20000
101,0,2186,3,3205
101,0,2187,4,4394
101,0,2188,1,433
101,0,2193,3,53198
101,0,2197,3,19598
101,0,2212,8,2126
101,0,2217,2,101943
101,0,2219,3,6752
101,0,2230,2,1869
101,0,2245,5,11742
101,0,2248,1,145
101,0,2250,6,45461
101,0,2251,7,8813
101,0,2267,1,200
101,0,2274,3,1265
101,0,2278,3,8035
101,0,2282,2,1833
101,0,2291,6,5909
101,0,2316,3,4305
101,0,2322,2,1106
101,0,2326,4,23127
101,0,2327,4,226082
101,0,2337,3,2325
101,0,2341,1,866
101,0,2348,5,3323
101,0,2378,8,18610
101,0,2385,3,67433
101,0,2429,4,13825
101,0,2431,5,10695
102,0,1990,3,8332
102,0,1992,6,11263
102,0,2020,3,5496
102,0,2025,3,41954
102,0,2030,1,603
102,0,2033,3,55867
102,0,2034,4,5660
102,0,2036,3,33871
102,0,2043,1,6900
102,0,2077,2,29036
102,0,2087,2,1470
102,0,2088,1,828
102,0,2114,1,966
102,0,2119,3,4254
102,0,2128,4,13066
102,0,2159,11,137354
102,0,2186,1,708
102,0,2187,2,558
102,0,2188,1,117900
102,0,2193,3,4819
102,0,2195,2,13303
102,0,2198,2,4564
102,0,2209,1,6105
102,0,2211,1,580
102,0,2212,8,7057
102,0,2213,3,708
102,0,2219,3,3228
102,0,2224,1,2840
102,0,2226,1,63595
102,0,2230,1,1867
102,0,2245,5,16272
102,0,2248,1,1651
102,0,2250,12,287165
102,0,2251,7,20177
102,0,2260,2,12829
102,0,2265,5,5756
102,0,2267,3,25400
102,0,2274,2,308
102,0,2291,7,49676
102,0,2318,1,4093
102,0,2322,1,1341
102,0,2326,3,153648
102,0,2337,4,3272
102,0,2348,5,9279
102,0,2353,4,356079
102,0,2378,11,50992
102,0,2385,7,21333
102,0,2395,2,493
102,0,2429,1,977
102,0,2431,3,28634
103,0,1990,5,197976
103,0,1992,1,4565
103,0,2020,1,2177
103,0,2025,4,5156
103,0,2029,1,2274
103,0,2030,1,693
103,0,2033,4,30293
103,0,2034,10,26780
103,0,2036,7,59277
103,0,2043,1,2353
103,0,2048,1,492
103,0,2077,1,584
103,0,2087,3,3686
103,0,2107,1,1534
103,0,2119,3,20380
103,0,2122,2,144770
103,0,2128,3,2193
103,0,2159,9,83459
103,0,2186,6,33786
103,0,2187,4,17311
103,0,2188,3,3445
103,0,2193,6,41454
103,0,2195,3,5018
103,0,2198,5,18637
103,0,2200,2,1328
103,0,2206,1,331
103,0,2212,6,5785
103,0,2213,1,197
103,0,2217,3,4092
103,0,2219,4,4347
103,0,2225,1,363
103,0,2230,1,709
103,0,2245,7,21567
103,0,2248,2,16834
103,0,2250,8,24107
103,0,2251,15,26775
103,0,2260,5,7333
103,0,2267,2,401
103,0,2269,3,1971
103,0,2274,4,2285
103,0,2278,3,16389
103,0,2282,1,8638
103,0,2291,4,3662
103,0,2293,1,922
103,0,2304,1,407
103,0,2326,2,3064
103,0,2327,7,20892
103,0,2337,4,2588
103,0,2348,3,5365
103,0,2353,3,4322
103,0,2378,11,80908
103,0,2379,1,110
103,0,2385,5,39125
103,0,2389,3,10995
103,0,2429,2,1771
103,0,2431,3,7000
103,0,2446,1,145
103,0,2456,1,25
103,0,2467,2,10353
104,0,1990,1,556
104,0,1992,1,707
104,0,2020,2,4688
104,0,2025,7,43899
104,0,2030,1,214
104,0,2033,4,27437
104,0,2034,2,2354
104,0,2036,7,8209
104,0,2043,1,932
104,0,2087,1,619
104,0,2122,2,5904
104,0,2128,6,24800
104,0,2159,9,69157
104,0,2185,2,2860
104,0,2186,5,11966
104,0,2187,2,490
104,0,2193,5,4125
104,0,2195,1,2518
104,0,2198,7,27872
104,0,2206,3,8733
104,0,2212,9,4987
104,0,2219,3,4327
104,0,2224,1,1022
104,0,2227,2,442
104,0,2229,2,3728
104,0,2245,1,3444
104,0,2250,1,4940
104,0,2251,13,18096
104,0,2260,1,4988
104,0,2265,1,2359
104,0,2267,1,45
104,0,2274,6,3532
104,0,2278,1,3780
104,0,2282,2,1725
104,0,2291,1,1798
104,0,2293,2,1140
104,0,2309,1,509
104,0,2322,2,66271
104,0,2326,4,7561
104,0,2327,1,17824
104,0,2335,4,3967
104,0,2337,3,1688
104,0,2348,5,7768
104,0,2353,5,7944
104,0,2378,2,2099
104,0,2379,1,440
104,0,2385,2,8827
104,0,2429,4,14475
104,0,2431,4,9423
104,0,2446,1,182
104,0,2468,2,675
104,0,2479,2,41137
104,0,2480,5,47365
105,0,1990,3,36063
105,0,1992,1,28878
105,0,2020,4,6628
105,0,2025,4,10357
105,0,2029,1,7600
105,0,2033,4,52619
105,0,2036,9,23184
105,0,2043,1,948
105,0,2077,2,513
105,0,2087,3,144933
105,0,2119,1,3922
105,0,2128,11,38069
105,0,2159,2,7358
105,0,2186,1,949
105,0,2187,4,2579
105,0,2193,5,41336
105,0,2195,6,28793
105,0,2197,2,1855
105,0,2198,10,24448
105,0,2200,1,6804
105,0,2211,3,12667
105,0,2212,6,1430
105,0,2213,2,17505
105,0,2217,8,91006
105,0,2219,1,36124
105,0,2224,1,1638
105,0,2227,1,1100
105,0,2235,1,1332
105,0,2245,4,29956
105,0,2250,13,46132
105,0,2251,19,28248
105,0,2260,3,13876
105,0,2265,1,2827
105,0,2274,3,567
105,0,2278,2,4878
105,0,2286,1,1425
105,0,2293,3,2604
105,0,2318,1,303784
105,0,2322,5,52894
105,0,2326,2,1576
105,0,2327,1,381
105,0,2337,1,20663
105,0,2340,2,2000
105,0,2341,2,6327
105,0,2348,5,7475
105,0,2353,4,5503
105,0,2385,3,9558
105,0,2388,8,23040
105,0,2389,1,1632
105,0,2424,3,7114
105,0,2425,1,529
105,0,2429,3,2766
105,0,2431,5,6192
105,0,2468,1,176
105,0,2480,7,98960
106,0,1990,1,617
106,0,1992,1,895
106,0,2020,7,13478
106,0,2025,6,12963
106,0,2033,5,16676
106,0,2036,14,13878
106,0,2048,2,1068
106,0,2077,1,635
106,0,2087,2,288007
106,0,2088,2,8427
106,0,2128,6,18320
106,0,2159,11,94378
106,0,2184,1,10547
106,0,2186,3,1797
106,0,2187,2,616
106,0,2188,2,2436
106,0,2193,6,30032
106,0,2198,2,6789
106,0,2211,1,2938
106,0,2212,6,2421
106,0,2213,3,4069
106,0,2217,3,9314
106,0,2219,5,7780
106,0,2221,1,319
106,0,2245,4,13182
106,0,2248,1,822
106,0,2250,16,45084
106,0,2251,9,7501
106,0,2260,1,2613
106,0,2265,1,2355
106,0,2267,1,704
106,0,2274,3,1076
106,0,2278,1,3588
106,0,2291,4,9329
106,0,2316,1,2029
106,0,2322,1,9596
106,0,2326,4,5342
106,0,2327,3,97693
106,0,2335,1,2201
106,0,2336,1,1241
106,0,2337,3,9085
106,0,2348,5,37160
106,0,2353,4,10882
106,0,2378,1,1199
106,0,2385,2,3748
106,0,2388,4,1972
106,0,2389,1,3896
106,0,2424,2,11599
106,0,2425,1,1869
106,0,2429,4,1663
106,0,2431,7,49628
106,0,2480,13,22075
107,0,1990,3,5262
107,0,2020,1,352
107,0,2025,7,25919
107,0,2033,3,9878
107,0,2036,11,9100
107,0,2042,2,9891
107,0,2077,3,78179
107,0,2087,2,2248
107,0,2090,2,20213
107,0,2119,2,14524
107,0,2122,1,647
107,0,2128,6,12797
107,0,2159,8,29421
107,0,2186,7,11004
107,0,2187,3,2137
107,0,2188,5,20861
107,0,2193,2,869
107,0,2198,11,9650
107,0,2206,1,819
107,0,2212,6,2380
107,0,2213,3,1864
107,0,2217,1,241
107,0,2219,4,9171
107,0,2235,2,331
107,0,2245,1,513
107,0,2248,4,21049
107,0,2250,20,55532
107,0,2251,12,15945
107,0,2260,3,23242
107,0,2267,1,1810
107,0,2273,1,2630
107,0,2274,3,1565
107,0,2278,1,2730
107,0,2282,2,1923
107,0,2291,2,7120
107,0,2309,1,194
107,0,2316,2,28156
107,0,2318,1,7210
107,0,2326,3,6327
107,0,2327,3,174127
107,0,2337,3,1960
107,0,2348,5,16430
107,0,2353,1,364
107,0,2385,2,2070
107,0,2388,6,7718
107,0,2389,2,15855
107,0,2424,1,5393
107,0,2425,2,2254
107,0,2429,6,5725
107,0,2431,2,16477
107,0,2468,2,50104
107,0,2480,12,39894
108,0,2020,1,319
108,0,2025,2,881
108,0,2033,2,428
108,0,2036,12,66411
108,0,2048,1,883
108,0,2077,2,2604
108,0,2087,3,114526
108,0,2128,5,6302
108,0,2159,5,6397
108,0,2184,9,6318
108,0,2186,2,30610
108,0,2187,3,2583
108,0,2193,5,8451
108,0,2195,1,244
108,0,2197,2,3865
108,0,2198,1,1172
108,0,2211,2,10293
108,0,2212,4,4196
108,0,2213,2,1715
108,0,2217,4,9569
108,0,2221,1,192
108,0,2230,2,1424
108,0,2245,1,7000
108,0,2248,2,135347
108,0,2250,5,79340
108,0,2251,10,3188
108,0,2267,2,4121
108,0,2274,5,7099
108,0,2278,4,10357
108,0,2282,1,20973
108,0,2291,1,2900
108,0,2326,4,157050
108,0,2327,1,9936
108,0,2336,1,1382
108,0,2353,2,1627
108,0,2378,8,18240
108,0,2382,6,15072
108,0,2385,1,2339
108,0,2388,6,15018
108,0,2389,1,1882
108,0,2425,1,837
108,0,2429,5,4639
108,0,2431,3,3228
108,0,2452,1,835
108,0,2468,1,248
108,0,2479,1,4008
108,0,2480,7,4568
109,0,1990,2,4358
109,0,2020,1,352
109,0,2025,3,7054
109,0,2029,1,6829
109,0,2034,3,2793
109,0,2036,16,63061
109,0,2077,3,14639
109,0,2090,1,898
109,0,2119,1,8592
109,0,2122,1,22193
109,0,2128,1,480
109,0,2159,3,27560
109,0,2184,7,24293
109,0,2185,1,4900
109,0,2186,4,36008
109,0,2187,2,8197
109,0,2193,4,2614
109,0,2197,1,567
109,0,2198,6,239115
109,0,2200,1,89
109,0,2212,1,197
109,0,2213,4,68875
109,0,2217,1,3050
109,0,2219,6,6110
109,0,2224,2,4092
109,0,2227,1,1953
109,0,2230,1,484
109,0,2235,2,1072
109,0,2245,2,9597
109,0,2248,1,143
109,0,2250,8,77896
109,0,2251,2,6584
109,0,2267,1,3425
109,0,2274,6,6218
109,0,2278,2,6025
109,0,2282,1,1226
109,0,2291,6,14288
109,0,2317,1,2701
109,0,2326,2,1674
109,0,2327,3,400762
109,0,2337,3,927
109,0,2340,3,1922
109,0,2341,1,1397
109,0,2348,1,1110
109,0,2353,3,3636
109,0,2359,1,2695
109,0,2372,2,3271
109,0,2378,13,12013
109,0,2382,1,1650
109,0,2424,4,10855
109,0,2425,4,1687
109,0,2429,2,2764
109,0,2431,2,13783
109,0,2452,1,906
109,0,2468,1,816
109,0,2479,3,196823
109,0,2480,2,542
109,0,2534,1,150000
109,0,2586,6,13218
109,0,2672,1,742
109,0,2708,1,3616
109,0,2729,2,56960
109,0,2757,1,357
109,0,2857,1,986
109,0,2926,2,122
109,0,2971,2,824
109,0,3042,1,3448
109,0,3092,1,213
109,0,3451,2,6557
109,0,3556,1,449
109,0,3754,1,100
109,0,3793,1,18708
109,0,4073,1,558
109,0,5432,2,900
110,0,1990,2,2754
110,0,1992,5,3733
110,0,2020,7,7756
110,0,2025,6,46134
110,0,2033,2,49632
110,0,2036,8,16294
110,0,2043,3,5418
110,0,2049,2,11787
110,0,2087,2,61994
110,0,2119,1,16733
110,0,2128,1,494
110,0,2159,6,12044
110,0,2185,1,303
110,0,2187,1,733
110,0,2193,6,9682
110,0,2195,2,3749
110,0,2198,4,6753
110,0,2211,1,467
110,0,2212,3,2629
110,0,2213,3,51455
110,0,2216,1,8715
110,0,2219,2,787
110,0,2227,1,333
110,0,2229,1,3721
110,0,2245,5,30334
110,0,2248,1,16725
110,0,2250,9,29941
110,0,2251,1,35
110,0,2260,1,1078
110,0,2274,4,3328
110,0,2278,1,13538
110,0,2282,1,880
110,0,2291,4,5419
110,0,2293,3,3988
110,0,2316,2,3288
110,0,2326,1,153
110,0,2327,2,106208
110,0,2336,2,2444
110,0,2337,3,6045
110,0,2340,1,974
110,0,2341,1,507
110,0,2353,3,4931
110,0,2378,10,141598
110,0,2382,1,1303
110,0,2385,5,18620
110,0,2389,1,5590
110,0,2424,1,346
110,0,2425,1,352
110,0,2429,2,2346
110,0,2446,5,19147
110,0,2452,1,835
110,0,2479,4,63227
110,0,2535,2,1690
110,0,2544,1,449
110,0,2548,6,114595
110,0,2586,2,5905
110,0,2606,1,7685
110,0,2757,2,2813
110,0,2768,2,27239
110,0,2787,2,2407
110,0,2868,1,155
110,0,2905,1,314243
110,0,2971,9,14127
110,0,3092,1,117
110,0,3097,5,8621
110,0,3388,2,762
110,0,3431,4,1826
110,0,3653,2,6481
110,0,3754,7,33164
110,0,3793,1,6158
110,0,3979,2,756
110,0,3980,1,806
110,0,4066,5,9068
110,0,4073,2,3639
110,0,4171,1,3067
110,0,4285,1,1488
110,0,4316,2,4352
110,0,4555,1,593
110,0,4673,1,2387
110,0,4702,2,1971
110,0,4782,1,874
110,0,4840,1,80
110,0,4913,3,11210
110,0,5432,2,5504
110,0,5623,2,167224
110,0,5748,1,75
110,0,6190,2,3905
110,0,6297,2,4200
110,0,6327,3,1416
110,0,6861,3,123326
110,0,7186,3,5679
110,0,7246,1,240
110,0,7418,2,2389
110,0,7802,2,2652
110,0,8057,3,8766
111,0,1990,3,2935
111,0,1992,2,837
111,0,2020,3,1674
111,0,2025,9,109514
111,0,2034,1,539
111,0,2036,7,225
111,0,2037,1,78
111,0,2043,3,6606
111,0,2048,1,1
111,0,2077,2,3291
111,0,2087,3,64047
111,0,2090,1,8958
111,0,2119,3,14606
111,0,2122,2,670699
111,0,2128,6,9594
111,0,2159,10,2115
111,0,2184,1,2494
111,0,2186,1,13539
111,0,2187,6,13779
111,0,2188,1,4274
111,0,2193,2,2601
111,0,2195,2,7287
111,0,2197,2,2216
111,0,2198,6,6159
111,0,2206,1,7927
111,0,2211,3,3457
111,0,2212,9,1588
111,0,2213,3,28213
111,0,2216,2,1661
111,0,2217,4,804079
111,0,2219,4,2223
111,0,2220,1,785
111,0,2221,5,2899
111,0,2222,1,5655
111,0,2227,1,236
111,0,2229,1,21288
111,0,2230,2,1056
111,0,2245,2,87887
111,0,2248,3,16522
111,0,2250,9,207882
111,0,2251,1,468
111,0,2260,1,1052
111,0,2267,1,245
111,0,2273,1,5245
111,0,2274,2,4236
111,0,2278,1,1445
111,0,2282,3,49977
111,0,2291,5,4999
111,0,2293,1,477
111,0,2316,1,3520
111,0,2318,1,11668
111,0,2322,7,14414
111,0,2326,3,6859
111,0,2327,6,408724
111,0,2336,1,726
111,0,2337,6,34793
111,0,2340,4,12200
111,0,2349,2,398
111,0,2353,5,32543
111,0,2372,5,6254
111,0,2378,12,70093
111,0,2382,3,19472
111,0,2385,9,30862
111,0,2389,1,1422
111,0,2425,1,418
111,0,2429,6,10288
111,0,2434,1,79509
111,0,2446,2,3049
111,0,2452,4,153282
111,0,2456,1,1113
111,0,2468,2,2365
111,0,2479,5,20855
111,0,2480,1,1368
111,0,2525,1,251
111,0,2535,2,2484
111,0,2539,2,10018
111,0,2546,1,444
111,0,2548,2,1540
111,0,2586,2,6494
111,0,2606,1,9502
111,0,2726,1,158
111,0,2757,1,715
111,0,2768,4,18788
111,0,2787,5,7761
111,0,2868,2,550
111,0,2905,3,8631
111,0,2971,10,4868
111,0,2974,1,700
111,0,3092,1,249
111,0,3097,1,1224
111,0,3111,1,3890
111,0,3213,1,1691
111,0,3388,2,326
111,0,3431,7,4904
111,0,3451,2,2875
111,0,3453,1,795
111,0,3653,1,17413
111,0,3750,1,558
111,0,3754,3,28964
111,0,3780,2,6826
111,0,3793,3,56912
111,0,3814,5,1296
111,0,3869,7,3839
111,0,3980,2,1520
111,0,4053,3,22886
111,0,4066,3,3254
111,0,4073,2,10091
111,0,4137,1,8000
111,0,4254,1,398
111,0,4285,2,718
111,0,4316,4,3403
111,0,4402,1,806
111,0,4555,1,696
111,0,4673,1,526
111,0,4702,4,1496
111,0,4759,1,8337
111,0,4794,1,4213
111,0,4840,6,90078
111,0,4913,1,2699
111,0,4916,1,3217
111,0,5432,2,1987
111,0,5748,8,16670
111,0,6093,3,23640
111,0,6297,1,980
111,0,6541,1,1264
111,0,7088,5,268011
111,0,7139,1,100
111,0,7186,5,8208
111,0,7418,3,5119
111,0,7439,1,550
111,0,7518,1,820
111,0,7728,1,2154
111,0,7802,4,5666
111,0,8057,3,7347
111,0,8961,4,5432
111,0,9139,1,29455
112,0,1990,3,3620
112,0,1992,8,6020
112,0,2020,9,15871
112,0,2025,3,10490
112,0,2033,4,413
112,0,2036,3,8940
112,0,2037,1,939
112,0,2043,4,6552
112,0,2048,1,955
112,0,2077,7,24917
112,0,2087,1,739
112,0,2090,2,9958
112,0,2119,2,2519
112,0,2122,1,35587
112,0,2128,4,14195
112,0,2159,15,75703
112,0,2184,1,5000
112,0,2185,2,1196
112,0,2186,2,5505
112,0,2187,2,1604
112,0,2188,1,10485
112,0,2193,2,1200
112,0,2195,1,500
112,0,2197,1,644
112,0,2198,9,79985
112,0,2206,2,9786
112,0,2211,2,2329
112,0,2212,5,3293
112,0,2213,6,14041
112,0,2216,1,3793
112,0,2219,4,6067
112,0,2221,8,4588
112,0,2222,2,2965
112,0,2227,1,2074
112,0,2230,1,38034
112,0,2245,2,7630
112,0,2250,1,59023
112,0,2251,5,123539
112,0,2267,1,200
112,0,2274,4,1192
112,0,2278,2,2617
112,0,2282,1,1063
112,0,2291,2,3510
112,0,2293,2,2812
112,0,2300,1,4107
112,0,2316,2,7409
112,0,2318,1,1341
112,0,2322,7,17592
112,0,2326,3,7521
112,0,2327,2,203732
112,0,2336,3,3393
112,0,2337,3,2592
112,0,2349,3,456
112,0,2353,2,6308
112,0,2372,3,63898
112,0,2378,3,4894
112,0,2382,3,17524
112,0,2385,8,12069
112,0,2425,1,1035
112,0,2429,2,2255
112,0,2430,1,178
112,0,2446,4,4499
112,0,2452,2,4230
112,0,2456,1,7400
112,0,2468,3,2561
112,0,2479,1,19079
112,0,2480,5,28802
112,0,2535,3,2911
112,0,2539,2,3174
112,0,2544,1,9626
112,0,2546,3,453
112,0,2548,1,941
112,0,2549,1,1800
112,0,2563,2,28073
112,0,2586,1,1957
112,0,2693,2,1461
112,0,2757,2,10846
112,0,2768,5,35898
112,0,2787,3,3150
112,0,2868,2,1039
112,0,2971,4,564472
112,0,2974,3,1801
112,0,3092,2,2061
112,0,3097,1,1490
112,0,3148,2,251325
112,0,3213,3,1192
112,0,3351,1,2499
112,0,3386,2,1092
112,0,3388,4,1544
112,0,3431,6,7160
112,0,3451,1,6313
112,0,3573,6,11984
112,0,3653,4,12607
112,0,3750,2,2351
112,0,3754,2,17553
112,0,3793,4,10945
112,0,3814,3,1136
112,0,3869,4,1983
112,0,3980,3,1927
112,0,4053,1,510
112,0,4066,9,116380
112,0,4073,5,9219
112,0,4137,4,82420
112,0,4254,1,4402
112,0,4285,5,9095
112,0,4316,1,201
112,0,4326,2,2642
112,0,4402,1,501
112,0,4552,3,2418
112,0,4702,2,1696
112,0,4840,6,8891
112,0,4913,3,14967
112,0,4916,1,1308
112,0,5432,3,5259
112,0,5623,1,93591
112,0,5624,1,1355
112,0,5675,1,6460
112,0,5748,2,105
112,0,6093,1,16152
112,0,6297,8,4382
112,0,6327,1,574
112,0,6541,1,462
112,0,6963,1,10000
112,0,6975,1,238
112,0,7088,4,10502
112,0,7139,1,7098
112,0,7186,1,320
112,0,7518,2,677
112,0,7632,2,25284
112,0,7728,1,553
112,0,7802,1,715
112,0,7928,1,1862
112,0,8057,3,8912
112,0,8084,1,3067
112,0,8277,1,394
112,0,8665,4,29337
112,0,8961,4,2329
112,0,9059,2,3281
112,0,9139,1,4957
113,0,1992,4,8427
113,0,2020,2,4661
113,0,2025,4,16751
113,0,2033,7,31172
113,0,2036,6,10655
113,0,2037,1,5187
113,0,2043,3,6411
113,0,2077,3,3154
113,0,2087,5,126453
113,0,2090,2,8754
113,0,2119,2,4654
113,0,2122,2,80763
113,0,2126,1,752
113,0,2128,9,81083
113,0,2159,15,75740
113,0,2185,1,10000
113,0,2186,1,1234
113,0,2187,2,776
113,0,2188,2,32384
113,0,2193,7,27900
113,0,2198,7,79734
113,0,2206,2,6420
113,0,2211,8,48934
113,0,2212,6,1625
113,0,2213,2,4097
113,0,2216,2,22022
113,0,2217,2,9760
113,0,2221,8,3760
113,0,2227,2,2958
113,0,2230,2,2448
113,0,2248,3,8074
113,0,2250,12,45824
113,0,2251,3,19539
113,0,2260,4,9351
113,0,2265,2,20384
113,0,2273,1,26716
113,0,2274,2,276972
113,0,2278,2,6248
113,0,2291,7,17434
113,0,2293,5,66797
113,0,2300,1,3634
113,0,2309,1,35082
113,0,2316,2,29554
113,0,2322,9,20712
113,0,2326,2,2332
113,0,2327,4,8461
113,0,2336,4,10772
113,0,2337,4,6256
113,0,2340,4,2856
113,0,2341,2,2073
113,0,2349,2,2711
113,0,2353,3,1112
113,0,2359,1,4473
113,0,2378,3,2803
113,0,2385,1,1328
113,0,2389,3,10983
113,0,2424,1,22150
113,0,2425,2,10737
113,0,2446,3,9454
113,0,2452,4,16930
113,0,2468,6,7890
113,0,2479,3,97892
113,0,2480,9,36254
113,0,2535,1,123
113,0,2539,1,5328
113,0,2548,3,1575
113,0,2693,2,1389
113,0,2726,1,268
113,0,2757,5,8161
113,0,2768,1,9072
113,0,2787,1,2543
113,0,2905,3,22106
113,0,2971,2,1218
113,0,2974,2,2987
113,0,3097,1,1423
113,0,3169,3,6958
113,0,3186,1,20810
113,0,3188,4,6382
113,0,3351,1,3750
113,0,3431,2,1751
113,0,3451,2,9080
113,0,3453,1,956
113,0,3573,1,2351
113,0,3624,1,5946
113,0,3653,1,2468
113,0,3750,1,291
113,0,3754,1,2601
113,0,3780,1,2943
113,0,3793,2,8541
113,0,3814,5,1315
113,0,3920,1,509
113,0,3980,3,2672
113,0,4053,3,46873
113,0,4066,8,33669
113,0,4073,2,14826
113,0,4137,4,4625
113,0,4285,3,2225
113,0,4402,1,784
113,0,4431,1,1427
113,0,4552,11,9325
113,0,4555,2,14465
113,0,4702,5,1174
113,0,4759,1,2540
113,0,4782,4,12158
113,0,4821,1,4177
113,0,4840,5,16887
113,0,4913,3,5220
113,0,4916,5,9887
113,0,4957,1,15503
113,0,5161,2,4559
113,0,5380,1,2854
113,0,5432,7,6012
113,0,5748,2,406
113,0,6093,1,5877
113,0,6256,1,9080
113,0,6297,2,1292
113,0,6359,1,135517
113,0,6861,6,9441
113,0,6975,1,550
113,0,7088,8,17043
113,0,7186,7,14732
113,0,7418,1,2250
113,0,7439,4,7129
113,0,7518,5,15845
113,0,7728,1,651
113,0,7859,1,4334
113,0,8057,4,6123
113,0,8279,2,5522
113,0,9059,1,267
113,0,9139,2,2099
113,0,9380,1,790
114,0,1992,1,1093
114,0,2020,3,7958
114,0,2025,5,42637
114,0,2033,4,22029
114,0,2036,11,15153
114,0,2042,1,821
114,0,2077,3,82459
114,0,2087,1,13012
114,0,2090,5,72015
114,0,2119,4,3135
114,0,2122,3,34217
114,0,2126,2,912
114,0,2128,3,7630
114,0,2159,5,16660
114,0,2186,2,1116
114,0,2187,4,3049
114,0,2188,7,47345
114,0,2193,8,37625
114,0,2197,1,3376
114,0,2198,10,25709
114,0,2211,1,3892
114,0,2212,12,4173
114,0,2213,2,4076
114,0,2216,2,5173
114,0,2217,1,438
114,0,2219,7,10927
114,0,2221,2,1449
114,0,2222,2,306029
114,0,2227,3,4838
114,0,2235,1,1778
114,0,2248,2,11485
114,0,2250,5,160913
114,0,2251,1,4584
114,0,2260,2,11219
114,0,2267,2,275
114,0,2273,2,102848
114,0,2274,10,7564
114,0,2278,1,3831
114,0,2282,1,1123
114,0,2291,5,4859
114,0,2293,3,3426
114,0,2300,3,10355
114,0,2309,2,2289
114,0,2316,4,206483
114,0,2317,3,16283
114,0,2322,4,10889
114,0,2326,2,6235
114,0,2336,4,3829
114,0,2337,6,3437
114,0,2349,2,32462
114,0,2378,6,53366
114,0,2383,1,13751
114,0,2385,7,11790
114,0,2389,1,4703
114,0,2424,1,374
114,0,2425,1,3852
114,0,2429,5,3760
114,0,2430,1,360
114,0,2452,2,509
114,0,2456,1,1763
114,0,2468,1,880
114,0,2479,1,1495
114,0,2480,4,15119
114,0,2535,2,1090
114,0,2548,4,2290
114,0,2557,1,2205
114,0,2563,1,14400
114,0,2586,4,41834
114,0,2606,2,1203
114,0,2757,2,3924
114,0,2768,1,1450
114,0,2787,4,46565
114,0,2905,5,2217519
114,0,2974,7,22376
114,0,2995,4,18278
114,0,3169,1,4669
114,0,3188,10,10313
114,0,3213,1,1828
114,0,3431,3,1845
114,0,3453,2,3744
114,0,3573,1,1176
114,0,3653,3,3000
114,0,3750,3,13246
114,0,3754,2,12912
114,0,3814,2,1553
114,0,3869,3,1789
114,0,3920,1,669
114,0,3980,1,1257
114,0,4053,4,5577
114,0,4066,4,30876
114,0,4073,2,8549
114,0,4137,1,474
114,0,4254,2,1986
114,0,4285,5,15200
114,0,4316,1,1705
114,0,4402,4,6292
114,0,4431,3,16045
114,0,4552,8,41721
114,0,4702,1,88
114,0,4782,2,2574
114,0,4840,7,20921
114,0,4913,3,222715
114,0,4957,1,4436
114,0,5161,10,27772
114,0,5380,1,19720
114,0,5432,3,6928
114,0,5748,2,361
114,0,5816,2,737
114,0,6093,1,7376
114,0,6297,2,2752
114,0,6861,2,2999
114,0,7088,10,25957
114,0,7186,1,2609
114,0,7419,2,8754
114,0,7518,1,2062
114,0,7632,6,169447
114,0,7928,1,6958
114,0,8057,2,9430
114,0,9059,1,1522
114,0,9139,1,679
115,0,1992,5,7012
115,0,2020,1,1993
115,0,2025,3,10456
115,0,2033,11,72954
115,0,2034,3,120017
115,0,2036,8,11783
115,0,2043,4,6930
115,0,2077,3,5849
115,0,2090,1,2461
115,0,2107,1,1640
115,0,2119,2,5940
115,0,2122,1,28062
115,0,2128,2,287
115,0,2159,9,50722
115,0,2184,2,38138
115,0,2186,4,20558
115,0,2187,1,403
115,0,2188,1,2196
115,0,2193,5,17154
115,0,2197,1,2951
115,0,2198,3,4175
115,0,2211,1,1513
115,0,2212,8,4003
115,0,2213,10,16196
115,0,2216,1,299
115,0,2217,4,1496
115,0,2219,4,6814
115,0,2222,1,1157
115,0,2227,2,4041
115,0,2230,2,4071
115,0,2245,1,7000
115,0,2248,2,1055
115,0,2250,27,190504
115,0,2251,4,8486
115,0,2260,1,24624
115,0,2265,1,611
115,0,2273,2,5051
115,0,2274,2,328
115,0,2278,4,11708
115,0,2282,1,984
115,0,2291,2,10268
115,0,2293,5,20848
115,0,2298,2,50056
115,0,2309,1,653
115,0,2316,1,7358
115,0,2317,1,6502
115,0,2322,1,3063
115,0,2326,5,6885
115,0,2327,1,519
115,0,2336,3,18976
115,0,2337,5,2893
115,0,2348,1,5100
115,0,2349,1,3254
115,0,2353,5,3770
115,0,2372,1,1415
115,0,2378,4,3616
115,0,2382,1,630
115,0,2383,1,820
115,0,2385,5,36833
115,0,2421,1,5941
115,0,2424,3,8738
115,0,2425,2,6004
115,0,2429,1,3131
115,0,2446,1,332
115,0,2452,2,50551
115,0,2479,2,3326
115,0,2480,7,23426
115,0,2534,15,247036
115,0,2536,1,3581
115,0,2539,2,5015
115,0,2546,4,775
115,0,2586,3,5283
115,0,2693,1,2276
115,0,2718,1,135
115,0,2745,1,6000
115,0,2757,1,10266
115,0,2768,2,24114
115,0,2787,1,1857
115,0,2830,1,1086
115,0,2868,1,627
115,0,2890,1,271
115,0,2905,1,3139
115,0,2974,1,2110
115,0,2995,1,9436
115,0,3097,1,1639
115,0,3169,1,39172
115,0,3186,1,1366
115,0,3188,5,2927
115,0,3213,3,5653
115,0,3351,1,525
115,0,3388,4,6033
115,0,3431,3,7255
115,0,3453,1,311
115,0,3603,3,23664
115,0,3624,5,2405
115,0,3653,2,32148
115,0,3814,4,1215
115,0,3920,2,10681
115,0,3980,2,1667
115,0,4053,1,480
115,0,4066,6,6242
115,0,4073,2,3331
115,0,4137,1,477
115,0,4316,1,576
115,0,4402,3,3527
115,0,4552,3,31260
115,0,4555,1,2191
115,0,4702,2,1067
115,0,4840,3,56923
115,0,4913,1,77
115,0,4916,2,2890
115,0,5161,5,11451
115,0,5432,5,8859
115,0,5606,1,7843
115,0,5748,3,617
115,0,5816,1,3399
115,0,6093,1,19208
115,0,6130,1,1050835
115,0,6190,1,1
115,0,6297,2,2311
115,0,6495,1,26800
115,0,6861,1,641
115,0,7088,9,10418
115,0,7139,1,16995
115,0,7186,4,1858
115,0,7419,1,572
115,0,7488,2,13400
115,0,7518,1,364
115,0,7632,1,1280
115,0,8057,1,3601
115,0,9036,1,2463
115,0,9147,1,100055
116,0,2020,3,5671
116,0,2025,6,21251
116,0,2033,7,147513
116,0,2034,3,4514
116,0,2036,4,4328
116,0,2037,1,2080
116,0,2043,2,1810
116,0,2049,1,13000
116,0,2077,2,5010
116,0,2087,1,2137
116,0,2119,1,6844
116,0,2128,4,9592
116,0,2159,2,3460
116,0,2186,15,52406
116,0,2187,5,6557
116,0,2188,1,1105
116,0,2193,8,54004
116,0,2198,9,20472
116,0,2211,1,717
116,0,2212,11,3820
116,0,2213,5,5727
116,0,2216,2,5116
116,0,2217,2,437
116,0,2219,4,8075
116,0,2222,4,209533
116,0,2224,1,1608
116,0,2227,1,902
116,0,2229,1,1382
116,0,2230,2,5283
116,0,2250,6,371552
116,0,2251,2,6326
116,0,2260,1,35728
116,0,2267,2,245
116,0,2274,2,455
116,0,2278,1,75001
116,0,2282,1,1238
116,0,2291,7,4855
116,0,2293,3,3308
116,0,2316,4,5088
116,0,2317,1,1803
116,0,2318,1,11999
116,0,2322,1,1128
116,0,2326,3,989
116,0,2337,3,2957
116,0,2341,1,831
116,0,2348,1,1768
116,0,2349,2,4839
116,0,2359,2,2102
116,0,2385,3,6925
116,0,2399,2,146774
116,0,2425,2,42377
116,0,2429,4,245186
116,0,2452,2,1633
116,0,2456,1,1763
116,0,2467,1,7995
116,0,2479,2,4593
116,0,2480,6,84937
116,0,2525,1,150
116,0,2534,7,59633
116,0,2535,3,4258
116,0,2539,1,6557
116,0,2546,7,524
116,0,2548,4,24321
116,0,2586,3,7896
116,0,2606,5,26504
116,0,2718,6,1780
116,0,2726,2,1060
116,0,2729,1,420
116,0,2745,1,1000
116,0,2757,1,326
116,0,2768,3,21960
116,0,2787,8,88210
116,0,2905,1,2379
116,0,2926,1,615
116,0,2995,1,5840
116,0,3092,1,180
116,0,3155,5,12164
116,0,3169,1,1002
116,0,3186,8,19696
116,0,3213,1,1068
116,0,3388,2,687
116,0,3431,3,1065
116,0,3533,3,2918161
116,0,3624,2,1023
116,0,3780,1,11964
116,0,3793,2,7422
116,0,3814,1,1853
116,0,3869,2,285
116,0,3920,4,4819
116,0,3979,1,795
116,0,3980,1,6678
116,0,4066,8,10088
116,0,4073,3,5088
116,0,4254,1,223
116,0,4285,1,13
116,0,4402,1,1952
116,0,4552,9,22628
116,0,4668,3,22449
116,0,4702,2,763
116,0,4759,1,1107
116,0,4783,1,1748
116,0,4840,6,82974
116,0,4913,2,370
116,0,5161,6,16336
116,0,5367,2,2000
116,0,5432,4,8254
116,0,5748,2,399
116,0,5853,1,129801
116,0,6130,1,6876
116,0,6297,1,579
116,0,6455,3,2656
116,0,6861,2,6008
116,0,7088,9,9349
116,0,7186,3,1221
116,0,7439,1,1836
116,0,7518,1,847
116,0,7632,1,1903
116,0,8057,1,10451
116,0,8279,3,2909
116,0,9059,2,19770
116,0,9147,1,80
116,0,9198,1,105789
116,0,9266,2,3806
116,0,9308,1,1634
117,0,1990,2,3288
117,0,1992,5,3927
117,0,2025,4,7430
117,0,2026,4,24392
117,0,2033,3,57409
117,0,2034,2,2190
117,0,2036,11,36194
117,0,2043,5,12280
117,0,2077,5,86452
117,0,2087,2,2416
117,0,2090,1,1088
117,0,2119,2,8741
117,0,2122,6,52111
117,0,2128,5,11547
117,0,2159,4,6888
117,0,2185,1,1806
117,0,2186,7,18831
117,0,2187,4,4211
117,0,2188,1,21889
117,0,2190,1,1176
117,0,2193,8,28454
117,0,2195,1,1453
117,0,2198,6,27948
117,0,2200,1,209000
117,0,2211,2,12548
117,0,2212,7,2255
117,0,2213,7,9730
117,0,2216,3,9969
117,0,2219,5,64262
117,0,2220,2,250051
117,0,2222,5,339183
117,0,2224,2,4023
117,0,2227,4,5152
117,0,2230,1,1417
117,0,2248,3,5338
117,0,2250,17,102412
117,0,2251,2,6689
117,0,2260,1,2682
117,0,2265,1,1217
117,0,2267,2,550
117,0,2273,3,87710
117,0,2274,1,2179
117,0,2278,5,87877
117,0,2282,2,1298
117,0,2291,5,8068
117,0,2293,8,9686
117,0,2300,1,1
117,0,2316,3,8241
117,0,2317,2,4712
117,0,2318,2,46776
117,0,2322,1,1037
117,0,2326,3,38425
117,0,2327,3,20256
117,0,2337,3,10561
117,0,2340,1,547
117,0,2343,1,284
117,0,2353,1,932
117,0,2359,5,315831
117,0,2378,1,40200
117,0,2385,6,16472
117,0,2389,2,2305
117,0,2425,1,341
117,0,2429,3,16790
117,0,2434,1,29511
117,0,2452,1,839
117,0,2479,2,30433
117,0,2480,7,242615
117,0,2534,6,33540
117,0,2535,2,11645
117,0,2536,1,2360
117,0,2546,6,1438
117,0,2548,5,17974
117,0,2606,1,1337
117,0,2693,1,6415
117,0,2701,1,274
117,0,2708,1,2200
117,0,2718,1,527
117,0,2726,3,3888
117,0,2768,3,32714
117,0,2787,1,177
117,0,2868,1,627
117,0,2974,1,13613
117,0,3039,1,1716200
117,0,3155,7,747
117,0,3169,3,3569
117,0,3186,2,22962
117,0,3213,1,810
117,0,3324,2,1356
117,0,3386,2,1337
117,0,3388,3,1849
117,0,3426,2,1986
117,0,3431,4,6675
117,0,3533,1,57728
117,0,3603,3,3645
117,0,3624,3,1012
117,0,3754,3,8554
117,0,3780,2,16414
117,0,3793,1,6972
117,0,3814,4,1547
117,0,3815,2,5967
117,0,3869,3,1051
117,0,3920,3,1508
117,0,4053,2,69854
117,0,4066,2,7013
117,0,4073,1,1799
117,0,4137,2,240421
117,0,4199,2,3431
117,0,4254,3,1626
117,0,4402,1,543
117,0,4552,15,29604
117,0,4555,2,20450
117,0,4668,2,24049
117,0,4702,2,1772
117,0,4783,3,113341
117,0,4840,3,10299
117,0,4916,1,3412
117,0,4957,1,39999
117,0,5161,8,18148
117,0,5280,1,1441
117,0,5380,1,10613
117,0,5432,4,9962
117,0,5495,1,2343
117,0,5748,1,105
117,0,5816,3,7276
117,0,5853,3,53885
117,0,6093,5,52835
117,0,6130,2,1552
117,0,6297,1,4498
117,0,6355,1,1134
117,0,6455,5,222750
117,0,6495,1,40998
117,0,7088,9,10397
117,0,7139,1,1170
117,0,7186,1,1568
117,0,7419,1,5235
117,0,7518,1,75
117,0,7632,4,590132
117,0,7802,4,3218
117,0,8057,3,20064
117,0,8492,2,1820
117,0,9036,1,2000
117,0,9059,3,6685
117,0,9139,6,23810
117,0,9147,1,323
117,0,10384,1,31200
118,0,1992,3,20184
118,0,2020,4,7128
118,0,2025,6,7621
118,0,2026,2,6677
118,0,2033,4,15847
118,0,2034,5,2492
118,0,2036,9,6198
118,0,2043,4,6893
118,0,2049,1,6944
118,0,2077,1,28930
118,0,2087,1,618
118,0,2114,4,6694
118,0,2119,1,1102
118,0,2122,3,82295
118,0,2126,2,1109
118,0,2128,3,3872
118,0,2159,1,2587
118,0,2185,2,21710
118,0,2186,12,98358
118,0,2187,3,2800
118,0,2188,2,9362
118,0,2193,6,24099
118,0,2195,1,144
118,0,2198,4,6329
118,0,2200,1,644
118,0,2212,7,4973
118,0,2213,6,8335
118,0,2219,7,8906
118,0,2220,1,33282
118,0,2221,1,61
118,0,2222,7,183948
118,0,2227,2,4391
118,0,2230,1,15460
118,0,2245,2,1520
118,0,2248,1,169101
118,0,2250,16,89572
118,0,2251,3,3502
118,0,2260,1,137
118,0,2267,1,559
118,0,2278,2,2133
118,0,2286,1,812
118,0,2293,2,7523
118,0,2309,3,4651
118,0,2316,1,2021
118,0,2322,3,10291
118,0,2327,1,1221
118,0,2336,1,726
118,0,2337,5,2581
118,0,2340,3,3624
118,0,2353,4,14716
118,0,2359,3,3480
118,0,2372,3,5144
118,0,2378,6,34555
118,0,2385,3,5946
118,0,2399,1,2351
118,0,2421,3,3449
118,0,2429,3,5532
118,0,2434,2,11690
118,0,2452,5,5678
118,0,2467,1,2553
118,0,2479,2,60711
118,0,2480,3,12629
118,0,2535,1,722
118,0,2538,3,19694
118,0,2546,3,1821
118,0,2548,3,2106
118,0,2586,2,3376
118,0,2606,1,533
118,0,2718,2,1096
118,0,2726,2,13627
118,0,2768,2,1429
118,0,2787,2,1330
118,0,2830,1,812
118,0,2857,1,298
118,0,2868,2,1590
118,0,2905,3,4792
118,0,3040,1,250000
118,0,3090,3,300
118,0,3186,1,2873
118,0,3188,2,2937
118,0,3213,1,570
118,0,3273,1,15
118,0,3324,1,695
118,0,3327,1,2030
118,0,3388,3,1400
118,0,3426,3,6854
118,0,3451,2,4649
118,0,3453,1,45168
118,0,3533,1,130090
118,0,3603,1,6091
118,0,3624,4,61521
118,0,3653,1,389
118,0,3754,2,6815
118,0,3793,2,7991
118,0,3814,2,1172
118,0,3815,3,81496
118,0,3920,3,1525
118,0,3979,1,2000
118,0,4046,3,2434
118,0,4066,3,1628
118,0,4073,2,1232
118,0,4137,1,477
118,0,4150,4,1968
118,0,4254,1,224
118,0,4285,1,5000
118,0,4326,1,1910
118,0,4454,2,8091
118,0,4552,5,5677
118,0,4555,1,3244
118,0,4702,3,328
118,0,4783,2,8250
118,0,4840,3,4232
118,0,4913,4,1596
118,0,4916,2,5724
118,0,5161,7,20393
118,0,5367,1,550
118,0,5380,2,26403
118,0,5432,5,23794
118,0,5606,5,57045
118,0,5675,3,140507
118,0,5748,2,254
118,0,5816,2,10338
118,0,5853,2,4446
118,0,6130,2,76184
118,0,6327,1,99
118,0,6455,11,18357
118,0,6861,1,1295
118,0,7088,8,15378
118,0,7186,4,25770
118,0,7418,1,3097
118,0,7488,1,14451
118,0,7518,3,4364
118,0,7632,2,747
118,0,7743,4,12274
118,0,7802,3,5088
118,0,8279,2,2660
118,0,8492,1,2931
118,0,8665,1,500
118,0,9139,1,824
118,0,9198,2,73364
118,0,9266,3,55400
118,0,9884,1,4746
118,0,10384,2,9261
118,0,10664,3,3265
119,0,1992,5,4946
119,0,2025,6,8083
119,0,2026,3,22580
119,0,2033,2,51672
119,0,2034,1,1947
119,0,2036,7,56875
119,0,2043,3,9917
119,0,2077,1,11635
119,0,2114,2,2571
119,0,2122,1,5539
119,0,2126,4,8949
119,0,2128,2,8430
119,0,2159,7,42554
119,0,2184,1,263
119,0,2185,1,20040
119,0,2186,4,15277
119,0,2187,1,864
119,0,2188,5,27213
119,0,2193,4,96743
119,0,2195,2,5100
119,0,2198,5,6673
119,0,2211,2,2477
119,0,2212,4,2814
119,0,2213,3,3052
119,0,2219,2,720
119,0,2222,2,1367
119,0,2227,1,13262
119,0,2229,1,808
119,0,2230,1,812
119,0,2250,5,23828
119,0,2267,1,199
119,0,2274,2,299
119,0,2278,3,321799
119,0,2286,1,2383
119,0,2291,1,238
119,0,2309,1,2243
119,0,2326,3,10489
119,0,2327,3,22740
119,0,2336,1,1734
119,0,2337,3,15874
119,0,2340,3,1760
119,0,2353,2,1851
119,0,2359,1,726
119,0,2378,2,14037
119,0,2382,1,7364
119,0,2385,2,3495
119,0,2421,1,898
119,0,2425,2,1084
119,0,2452,3,2026
119,0,2456,1,106998
119,0,2468,3,2149
119,0,2538,3,16323
119,0,2546,1,1237
119,0,2548,3,17939
119,0,2552,1,105310
119,0,2606,3,8291
119,0,2718,3,1398
119,0,2734,3,2211
119,0,2768,1,416
119,0,2857,1,481
119,0,2868,1,412
119,0,2905,3,506905
119,0,2971,1,323
119,0,2974,1,1780
119,0,3155,3,395
119,0,3186,2,10860
119,0,3188,3,5827
119,0,3213,1,1000
119,0,3324,2,6659
119,0,3327,4,20412
119,0,3453,1,320
119,0,3603,2,13229
119,0,3624,3,741
119,0,3653,1,1206
119,0,3793,1,7080
119,0,3814,3,1073
119,0,3815,1,3233
119,0,3979,1,9618
119,0,4046,2,2114
119,0,4053,2,9154
119,0,4066,6,9890
119,0,4073,2,4996
119,0,4150,3,3753
119,0,4199,1,8105
119,0,4326,1,1797
119,0,4402,1,2042
119,0,4552,11,7959
119,0,4668,3,29484
119,0,4702,2,1662
119,0,4782,1,1131
119,0,4783,3,48244
119,0,4840,2,87740
119,0,4856,1,1649
119,0,4913,1,109
119,0,5161,6,20943
119,0,5367,1,600
119,0,5432,9,28020
119,0,5606,3,15123
119,0,5675,2,66138
119,0,5748,4,458
119,0,5816,1,965
119,0,6297,1,1201
119,0,6455,5,16384
119,0,6467,1,2166
119,0,6541,1,1937
119,0,6861,2,3838
119,0,7088,6,11936
119,0,7153,1,5584
119,0,7186,3,4751
119,0,7418,1,3237
119,0,7488,1,9907
119,0,7518,4,1743
119,0,7728,1,369
119,0,7743,1,1159
119,0,7802,1,1180
119,0,8279,1,2251
119,0,8492,2,22346
119,0,8962,5,82240
119,0,9198,2,2305
119,0,10163,1,14222
119,0,10362,1,137057
119,0,10384,4,40020
119,0,10664,6,20377
119,1,1992,1,96
119,1,2026,1,2888
119,1,2034,3,6806
119,1,2036,5,7773
119,1,2087,2,12645
119,1,2128,2,4508
119,1,2185,1,2114
119,1,2186,3,18138
119,1,2187,1,327
119,1,2190,2,1277
119,1,2193,7,20323
119,1,2211,1,1916
119,1,2212,3,1925
119,1,2213,2,2247
119,1,2216,1,5081
119,1,2217,2,480
119,1,2219,2,1238
119,1,2220,1,8839
119,1,2222,3,2475
119,1,2224,1,565
119,1,2250,2,21859
119,1,2251,1,588
119,1,2278,1,583
119,1,2291,2,2385
119,1,2293,1,954
119,1,2300,1,2261
119,1,2318,1,12876
119,1,2327,1,14712
119,1,2336,1,642
119,1,2337,1,193
119,1,2340,3,1655
119,1,2348,1,36730
119,1,2349,2,10325
119,1,2359,1,908
119,1,2378,1,6790
119,1,2382,4,4514
119,1,2385,1,1499
119,1,2429,2,3711
119,1,2468,1,696
119,1,2538,1,4027
119,1,2548,1,14231
119,1,2586,1,4034
119,1,2612,1,14045
119,1,2663,1,90
119,1,2693,2,6250
119,1,2757,2,5358
119,1,2868,2,1622
119,1,2881,1,3816
119,1,3169,2,1340
119,1,3188,2,21877
119,1,3327,2,21720
119,1,3431,3,2252
119,1,3451,2,10839
119,1,3533,1,1925
119,1,3592,1,1091
119,1,3780,1,9095
119,1,3920,1,620
119,1,4046,1,3630
119,1,4053,1,9412
119,1,4150,2,1355
119,1,4254,1,604
119,1,4316,1,7880
119,1,4552,5,2614
119,1,4642,1,9296
119,1,4670,1,2292
119,1,4840,1,18757
119,1,4856,1,1417
119,1,5367,2,510
119,1,5432,1,500
119,1,5495,2,18588
119,1,6093,5,17452
119,1,6130,1,21315
119,1,6455,1,4
119,1,8492,1,880
119,1,8962,1,362
119,1,9198,3,6970
119,1,10384,3,5616
119,1,10664,1,3125
119,1,10707,1,1187
120,1,1992,7,9037
120,1,2020,9,28541
120,1,2025,8,23389
120,1,2026,7,21003
120,1,2033,3,28189
120,1,2034,4,9691
120,1,2036,12,126289
120,1,2037,7,6361
120,1,2043,2,5931
120,1,2077,1,508
120,1,2087,1,493
120,1,2090,1,2684
120,1,2114,2,1983
120,1,2126,5,10382
120,1,2128,3,3360
120,1,2159,3,6495
120,1,2186,1,3411
120,1,2187,3,3239
120,1,2193,11,40308
120,1,2197,3,14211
120,1,2198,7,124260
120,1,2200,1,1708
120,1,2211,1,1675
120,1,2212,9,3487
120,1,2213,7,11863
120,1,2216,2,6423
120,1,2219,2,6517
120,1,2220,4,3381
120,1,2222,6,7666
120,1,2224,2,6092
120,1,2227,2,24757
120,1,2230,1,11736
120,1,2235,2,2944
120,1,2248,4,8321
120,1,2250,9,55302
120,1,2251,4,7831
120,1,2273,3,11677
120,1,2291,8,13305
120,1,2293,2,757
120,1,2300,2,8980
120,1,2309,1,1236
120,1,2318,5,13850
120,1,2326,2,1923
120,1,2336,2,3145
120,1,2337,4,13992
120,1,2340,2,1705
120,1,2349,2,4296
120,1,2350,4,2593
120,1,2353,8,41879
120,1,2359,3,22809
120,1,2378,3,211163
120,1,2382,2,3060
120,1,2385,2,4188
120,1,2421,2,2154
120,1,2425,4,5053
120,1,2429,2,3908
120,1,2452,1,910
120,1,2467,7,26717
120,1,2468,6,2387
120,1,2530,1,18566
120,1,2535,1,483
120,1,2538,5,194270
120,1,2539,2,7251
120,1,2548,5,4074
120,1,2557,1,16532
120,1,2586,7,52386
120,1,2612,6,9266
120,1,2663,3,6525
120,1,2693,2,24029
120,1,2701,1,2644
120,1,2726,2,67741
120,1,2729,1,2798
120,1,2768,2,1035
120,1,2812,1,13950
120,1,2820,1,99
120,1,2857,2,1265
120,1,2868,4,5309
120,1,2905,2,2454
120,1,2927,1,1587
120,1,2974,2,3660
120,1,2995,2,5512
120,1,3024,7,12893
120,1,3026,1,3860
120,1,3169,6,8362
120,1,3186,3,12587
120,1,3188,1,597
120,1,3213,1,421
120,1,3327,13,79989
120,1,3386,2,9566
120,1,3426,5,8269
120,1,3431,2,5952
120,1,3451,1,5193
120,1,3518,4,13506
120,1,3573,1,3838
120,1,3592,3,3756
120,1,3603,3,16914
120,1,3624,3,1151
120,1,3750,1,291
120,1,3793,2,3051
120,1,3814,3,1991
120,1,3815,1,1760
120,1,3920,1,741
120,1,4036,2,3965
120,1,4066,6,4690
120,1,4073,2,2690
120,1,4150,6,2974
120,1,4199,2,8356
120,1,4254,1,641
120,1,4402,2,3896
120,1,4454,3,5215
120,1,4552,17,39556
120,1,4555,1,3633
120,1,4564,1,3581
120,1,4668,4,295093
120,1,4673,3,2952
120,1,4702,2,646
120,1,4783,5,18179
120,1,4840,5,73990
120,1,4913,3,1143
120,1,4916,5,6149
120,1,5019,5,94423
120,1,5367,1,1425
120,1,5432,9,14824
120,1,5606,3,19250
120,1,5748,5,687
120,1,5816,2,10256
120,1,5853,2,8486
120,1,6093,1,1032
120,1,6130,3,19529
120,1,6256,1,3325
120,1,6297,1,920
120,1,6644,1,432852
120,1,7088,5,20583
120,1,7186,6,6531
120,1,7246,1,150
120,1,7488,2,19011
120,1,7632,5,4822
120,1,7743,1,148145
120,1,7802,3,610
120,1,7859,1,1831
120,1,8492,7,19251
120,1,8962,9,13224
120,1,9036,2,2299
120,1,9059,1,908
120,1,9139,1,6065
120,1,9198,11,11634
120,1,10163,1,3968
120,1,10384,9,37801
120,1,10580,1,889
120,1,10664,2,4663
120,1,10707,2,4198
120,1,10751,1,6069
121,1,1990,1,6506
121,1,1992,1,741
121,1,2020,5,17709
121,1,2025,2,10802
121,1,2026,2,17543
121,1,2033,2,7176
121,1,2034,8,20465
121,1,2036,5,14567
121,1,2037,2,7013
121,1,2043,3,4840
121,1,2077,1,6392
121,1,2087,2,11951
121,1,2114,3,9527
121,1,2122,1,20407
121,1,2126,4,11905
121,1,2128,7,50486
121,1,2159,3,25093
121,1,2185,5,12120
121,1,2186,3,7817
121,1,2187,1,2284
121,1,2188,5,165193
121,1,2193,5,20967
121,1,2197,2,33393
121,1,2198,5,7305
121,1,2212,4,1672
121,1,2213,8,16950
121,1,2216,7,25659
121,1,2217,2,10365
121,1,2220,1,1699
121,1,2221,1,6392
121,1,2222,1,55192
121,1,2224,2,3930
121,1,2227,2,9178
121,1,2230,1,2512
121,1,2235,1,7668
121,1,2250,3,6516
121,1,2260,2,14440
121,1,2267,3,3216
121,1,2278,1,1418
121,1,2282,4,2368
121,1,2291,8,74492
121,1,2293,2,2854
121,1,2300,4,8335
121,1,2316,2,11574
121,1,2317,6,31294
121,1,2318,4,5871
121,1,2322,1,1549
121,1,2326,1,4934
121,1,2336,4,4007
121,1,2337,5,19022
121,1,2340,1,1006
121,1,2350,2,2345
121,1,2353,9,26706
121,1,2359,4,7022
121,1,2378,3,46709
121,1,2382,2,14156
121,1,2389,1,775
121,1,2421,2,3685
121,1,2425,2,2658
121,1,2429,5,21155
121,1,2452,4,1652
121,1,2467,4,18913
121,1,2479,3,15945
121,1,2530,2,3548
121,1,2535,3,1692
121,1,2536,1,8569
121,1,2538,5,76758
121,1,2539,1,716
121,1,2548,2,1033
121,1,2549,1,891
121,1,2567,1,2151
121,1,2586,12,73189
121,1,2588,4,13708
121,1,2595,2,7981
121,1,2606,2,5310
121,1,2612,2,6601
121,1,2663,1,849
121,1,2693,1,55
121,1,2699,1,203
121,1,2718,1,1964
121,1,2726,3,2696
121,1,2734,2,1590
121,1,2757,3,12730
121,1,2768,2,11254
121,1,2787,4,12862
121,1,2812,5,10576
121,1,2843,4,400
121,1,2868,2,1535
121,1,2878,1,2073
121,1,2905,3,9500
121,1,2925,1,1495
121,1,2974,5,15438
121,1,2995,1,3957
121,1,3024,1,23
121,1,3026,3,8851
121,1,3155,2,276
121,1,3169,2,5385
121,1,3186,1,515
121,1,3188,2,574
121,1,3213,2,3004
121,1,3327,9,46946
121,1,3373,1,4546
121,1,3386,2,590
121,1,3426,5,8966
121,1,3431,9,13272
121,1,3453,1,10002
121,1,3518,1,5153
121,1,3573,7,73641
121,1,3603,2,2499
121,1,3624,4,3343
121,1,3653,1,397
121,1,3742,1,8262
121,1,3754,2,1668
121,1,3793,2,6684
121,1,3814,4,2564
121,1,3815,1,224
121,1,3920,3,2077
121,1,3979,2,15584
121,1,4066,6,2818
121,1,4150,1,293
121,1,4199,1,995
121,1,4402,1,357
121,1,4454,1,180
121,1,4552,10,6434
121,1,4555,4,5552
121,1,4668,1,688
121,1,4783,1,5385
121,1,4856,1,284
121,1,4913,1,98
121,1,5019,2,3849
121,1,5367,4,4796
121,1,5380,1,3228
121,1,5432,5,11009
121,1,5606,2,7325
121,1,5748,2,379
121,1,6093,4,20383
121,1,6130,5,67262
121,1,6297,2,1368
121,1,6355,1,1116
121,1,6455,1,72
121,1,7088,7,63382
121,1,7186,3,3066
121,1,7418,1,947
121,1,7488,1,2404
121,1,7518,5,3974
121,1,7743,2,5371
121,1,7802,5,7632
121,1,8279,1,2934
121,1,8492,8,30240
121,1,8962,7,14052
121,1,9059,2,1046
121,1,9139,2,16281
121,1,9147,3,122007
121,1,9198,5,12346
121,1,9308,1,5029
121,1,9629,1,504
121,1,9780,1,28850
121,1,10202,4,140804
121,1,10384,9,45229
121,1,10664,2,4180
121,1,10694,1,450
121,1,10707,5,20806
121,1,10751,1,156
121,1,10787,1,3683
122,1,1992,8,11044
122,1,2020,1,6977
122,1,2025,2,205166
122,1,2026,2,4222
122,1,2033,5,10743
122,1,2034,3,2553
122,1,2036,3,3755
122,1,2043,2,3442
122,1,2077,2,8399
122,1,2087,1,616
122,1,2126,4,4763
122,1,2128,6,64223
122,1,2159,2,2358
122,1,2184,1,34051
122,1,2186,2,5398
122,1,2190,1,6670
122,1,2193,1,600
122,1,2197,1,1726
122,1,2198,4,8831
122,1,2212,7,4010
122,1,2213,12,30103
122,1,2217,1,734
122,1,2219,1,109
122,1,2220,2,6156
122,1,2222,5,31879
122,1,2224,2,946
122,1,2227,1,3042
122,1,2230,2,5791
122,1,2245,1,119
122,1,2251,3,5898
122,1,2260,1,2513
122,1,2273,3,21419
122,1,2282,3,1747
122,1,2300,1,526
122,1,2309,1,259
122,1,2316,4,1604
122,1,2318,4,34057
122,1,2326,2,30454
122,1,2337,3,57678
122,1,2341,1,894
122,1,2349,4,26044
122,1,2353,2,5987
122,1,2359,4,25615
122,1,2372,1,1015
122,1,2378,5,5408
122,1,2425,1,1059
122,1,2434,1,379983
122,1,2452,4,8058
122,1,2467,5,30332
122,1,2479,1,1489
122,1,2535,5,2823
122,1,2538,1,2951
122,1,2539,4,38733
122,1,2546,3,204
122,1,2564,1,13076
122,1,2567,2,20200
122,1,2588,2,6548
122,1,2606,1,935
122,1,2612,4,4978
122,1,2663,1,1039
122,1,2734,2,1586
122,1,2757,1,567
122,1,2768,2,9687
122,1,2787,5,139585
122,1,2812,1,805
122,1,2820,1,1846
122,1,2868,1,627
122,1,2905,4,367459
122,1,2995,2,6498
122,1,3007,5,13748
122,1,3155,3,351
122,1,3169,4,17656
122,1,3173,2,1038
122,1,3186,4,13680
122,1,3213,1,2899
122,1,3327,2,2478
122,1,3426,2,2181
122,1,3431,5,16108
122,1,3453,1,519
122,1,3456,1,81
122,1,3558,1,271
122,1,3573,6,10613
122,1,3624,5,10168
122,1,3742,2,280092
122,1,3750,1,913
122,1,3780,2,1527
122,1,3793,5,28498
122,1,3814,4,1586
122,1,3847,1,92
122,1,3877,1,381
122,1,3920,1,991
122,1,4014,1,10800
122,1,4036,1,1400
122,1,4066,4,5828
122,1,4073,2,2487
122,1,4150,2,1231
122,1,4199,1,361
122,1,4254,1,631
122,1,4316,5,7277
122,1,4391,1,2981
122,1,4454,6,48710
122,1,4552,5,11876
122,1,4642,1,53854
122,1,4702,3,2822
122,1,4782,1,346
122,1,4783,2,79842
122,1,4840,1,4066
122,1,4913,2,409
122,1,5019,3,3533
122,1,5161,12,25866
122,1,5367,2,872
122,1,5380,1,9303
122,1,5432,6,11503
122,1,5495,1,47777
122,1,5748,2,364
122,1,5816,2,5472
122,1,5853,1,2826
122,1,6355,1,2427
122,1,6455,5,29158
122,1,6495,1,1033
122,1,6541,2,1812
122,1,6757,2,3896
122,1,6804,1,1992
122,1,6861,1,1306
122,1,7088,8,17246
122,1,7139,1,1968
122,1,7186,1,1117
122,1,7418,1,1525
122,1,7518,1,721
122,1,7632,3,1230
122,1,7743,1,1095
122,1,7802,1,578
122,1,8057,2,2064
122,1,8492,4,14545
122,1,8962,8,140147
122,1,9059,1,8821
122,1,9139,6,4910
122,1,9198,4,9141
122,1,10163,4,1230
122,1,10202,2,192167
122,1,10384,8,15769
122,1,10540,1,9537
122,1,10707,2,6379
122,1,10751,1,6962
122,1,10752,1,1752
122,1,10787,1,484
122,1,10999,1,528
122,1,11057,1,1587
122,2,1990,1,3245
122,2,1992,1,4181
122,2,2020,1,3506
122,2,2128,1,9491
122,2,2187,1,404
122,2,2193,2,2595
122,2,2216,2,23410
122,2,2222,2,79270
122,2,2227,2,5649
122,2,2245,2,3927
122,2,2248,1,76005
122,2,2260,1,756
122,2,2273,1,2353
122,2,2300,1,1303
122,2,2336,1,672
122,2,2337,1,150
122,2,2349,3,3686
122,2,2350,1,971
122,2,2353,3,8057
122,2,2378,2,235373
122,2,2429,2,2434
122,2,2586,1,8484
122,2,2588,1,3042
122,2,2612,1,2934
122,2,2757,1,2025
122,2,2812,1,317
122,2,3098,1,3291
122,2,3112,2,3668
122,2,3431,1,1331
122,2,3503,1,1783
122,2,3551,1,458
122,2,3573,2,9499
122,2,4254,1,399
122,2,4454,2,331280
122,2,4670,3,53582
122,2,5432,4,51035
122,2,5606,1,13165
122,2,6093,2,15926
122,2,6130,1,1039
122,2,6495,4,11351
122,2,7802,1,1424
122,2,8057,3,20777
122,2,8492,1,332
122,2,9198,1,5379
122,2,10202,1,7731
122,2,10384,7,12535
122,2,10540,1,1613
122,2,10664,1,1140
122,2,10787,4,1330
123,2,1990,2,4166
123,2,2020,2,32248
123,2,2025,6,27233
123,2,2026,2,5615
123,2,2033,2,3787
123,2,2034,9,93750
123,2,2036,12,36477
123,2,2037,4,6399
123,2,2043,1,2830
123,2,2077,4,3873
123,2,2087,4,28799
123,2,2088,2,1852
123,2,2126,2,1854
123,2,2128,5,169726
123,2,2159,4,497710
123,2,2184,6,46850
123,2,2186,5,123281
123,2,2187,2,968
123,2,2188,1,1433
123,2,2190,1,3408
123,2,2193,7,34302
123,2,2198,8,13876
123,2,2212,7,1564
123,2,2213,7,11506
123,2,2216,2,7599
123,2,2217,3,1481
123,2,2220,4,5706
123,2,2221,1,583
123,2,2222,10,244615
123,2,2224,3,5014
123,2,2230,4,70365
123,2,2250,1,993
123,2,2251,1,234
123,2,2260,3,36623
123,2,2267,1,243
123,2,2273,2,3138
123,2,2278,1,1231
123,2,2282,1,522
123,2,2291,2,131374
123,2,2293,1,473
123,2,2300,5,27568
123,2,2316,4,3641
123,2,2318,6,8945
123,2,2326,4,58639
123,2,2337,3,1915
123,2,2340,1,978
123,2,2353,2,11254
123,2,2359,2,3617
123,2,2372,1,7976
123,2,2378,1,2351
123,2,2389,1,724
123,2,2421,1,1218
123,2,2425,2,5175
123,2,2429,2,3225
123,2,2431,3,15268
123,2,2456,2,14731
123,2,2467,1,594
123,2,2479,1,15000
123,2,2534,2,3388
123,2,2535,1,398
123,2,2538,1,1522
123,2,2539,3,4129
123,2,2546,5,435
123,2,2548,1,9884
123,2,2567,2,15142
123,2,2586,1,7
123,2,2588,2,4128
123,2,2595,3,10462
123,2,2612,2,679
123,2,2649,5,5723
123,2,2663,3,1712
123,2,2676,1,753
123,2,2699,1,7507
123,2,2718,1,661
123,2,2726,1,268
123,2,2757,1,996
123,2,2768,1,2808
123,2,2787,4,114610
123,2,2812,2,4187
123,2,2868,1,371
123,2,2878,1,2112
123,2,2925,2,322
123,2,3007,5,138709
123,2,3026,1,1655
123,2,3050,1,73
123,2,3097,2,8894
123,2,3098,1,16571
123,2,3153,4,116284
123,2,3169,1,1256
123,2,3186,1,820
123,2,3188,1,1610
123,2,3213,2,1205
123,2,3253,2,1527
123,2,3295,1,4992
123,2,3327,2,2735
123,2,3426,1,1309
123,2,3431,7,7039
123,2,3502,1,567
123,2,3540,3,1859
123,2,3558,8,14034
123,2,3572,1,1684
123,2,3573,11,725576
123,2,3624,8,16561
123,2,3630,2,10468
123,2,3780,3,36744
123,2,3793,4,9370
123,2,3806,1,445
123,2,3814,1,1129
123,2,3815,1,655
123,2,3847,2,17995
123,2,3856,3,2124
123,2,3969,2,2869
123,2,4007,2,67841
123,2,4053,1,1115
123,2,4066,7,4015
123,2,4072,1,1709
123,2,4073,3,9571
123,2,4150,7,11071
123,2,4254,1,399
123,2,4552,1,773
123,2,4642,4,19624
123,2,4702,3,8474
123,2,4856,3,5628
123,2,4913,5,4636
123,2,5019,5,4091
123,2,5161,9,23200
123,2,5432,4,9898
123,2,5606,3,146399
123,2,5748,4,1177
123,2,6093,2,8146
123,2,6130,3,2276
123,2,6355,7,19246
123,2,6455,2,19361
123,2,6467,1,73346
123,2,6495,2,5138
123,2,6541,2,1136
123,2,6757,2,45330
123,2,6861,2,3058
123,2,6975,2,487
123,2,7040,3,34824
123,2,7088,9,15055
123,2,7139,2,28298
123,2,7186,1,2067
123,2,7488,1,2898
123,2,7632,4,3797
123,2,7743,2,2910
123,2,8057,3,17555
123,2,8279,1,1777
123,2,8492,3,7933
123,2,8739,2,2405
123,2,8813,3,1585
123,2,8853,2,21200
123,2,9139,4,9165
123,2,9198,4,2876
123,2,10163,2,75541
123,2,10202,3,142461
123,2,10362,1,208124
123,2,10384,6,67509
123,2,10694,3,65093
123,2,10725,2,597
123,2,10787,5,4342
123,2,10989,3,13963
123,2,11004,2,1117
123,2,11030,2,47667
123,2,11148,1,3745
123,2,11279,1,301
123,2,11308,1,975
123,2,11367,2,42282
124,2,1990,1,2413
124,2,1992,5,14664
124,2,2020,1,1402
124,2,2025,5,21019
124,2,2026,1,1842
124,2,2033,3,69429
124,2,2034,6,9634
124,2,2036,6,19125
124,2,2037,1,590
124,2,2043,8,14447
124,2,2049,1,873
124,2,2077,4,44060
124,2,2087,5,10099
124,2,2088,2,1732
124,2,2090,1,1584
124,2,2114,2,1534
124,2,2128,2,23491
124,2,2159,7,58913
124,2,2186,6,21256
124,2,2187,5,9454
124,2,2188,4,11875
124,2,2193,2,91
124,2,2198,4,2772
124,2,2199,1,4293
124,2,2211,1,3349
124,2,2212,15,5444
124,2,2213,7,15371
124,2,2216,3,7050
124,2,2217,2,510
124,2,2219,2,4989
124,2,2221,3,1309
124,2,2222,8,235734
124,2,2224,1,1023
124,2,2227,2,1043
124,2,2230,2,1755
124,2,2235,1,579
124,2,2245,2,43249
124,2,2250,1,304
124,2,2260,2,27952
124,2,2267,1,11900
124,2,2274,1,217
124,2,2278,3,3150
124,2,2282,1,650
124,2,2291,2,4806
124,2,2293,3,2063
124,2,2300,1,10309
124,2,2316,7,13526
124,2,2322,2,1596
124,2,2326,7,59813
124,2,2335,1,550
124,2,2337,1,763
124,2,2349,1,315
124,2,2353,6,3847
124,2,2359,4,4524
124,2,2371,3,13365
124,2,2378,1,3766
124,2,2421,4,4330
124,2,2425,3,2330
124,2,2431,7,35827
124,2,2452,1,835
124,2,2456,11,34968
124,2,2467,2,1850
124,2,2535,4,12613
124,2,2539,4,65210
124,2,2564,1,2314
124,2,2588,5,8943
124,2,2595,1,5467
124,2,2606,1,633
124,2,2612,4,1894
124,2,2649,1,846
124,2,2663,1,962
124,2,2699,4,3787
124,2,2708,1,7613
124,2,2718,3,15532
124,2,2726,4,56233
124,2,2768,1,743
124,2,2787,2,5105
124,2,2812,3,3182
124,2,2836,2,380
124,2,2868,1,1291
124,2,2878,3,378
124,2,2881,1,8616
124,2,2905,2,29884
124,2,2925,4,8497
124,2,2974,2,1993
124,2,2995,1,405
124,2,3004,2,940
124,2,3007,1,616
124,2,3024,1,730
124,2,3026,2,2771
124,2,3050,1,295
124,2,3079,3,12109
124,2,3098,4,8380
124,2,3147,1,17461
124,2,3155,3,339
124,2,3169,4,33721
124,2,3181,2,1869
124,2,3186,3,18976
124,2,3188,1,850
124,2,3253,2,2691
124,2,3327,1,1804
124,2,3373,1,1517
124,2,3386,1,9137
124,2,3426,1,5074
124,2,3431,6,8494
124,2,3442,10,339595
124,2,3451,1,1183
124,2,3453,4,12762
124,2,3456,1,509
124,2,3497,1,1001
124,2,3502,1,618
124,2,3518,1,1829
124,2,3540,7,4172
124,2,3551,1,1402
124,2,3558,3,5561
124,2,3572,4,4579
124,2,3573,10,119511
124,2,3588,3,12636
124,2,3592,1,1078
124,2,3600,1,238695
124,2,3603,1,8394
124,2,3624,3,1099
124,2,3630,2,2143
124,2,3754,1,78538
124,2,3793,3,7280
124,2,3799,1,88030
124,2,3814,1,173
124,2,3815,4,11376
124,2,3820,6,16837
124,2,3847,4,22926
124,2,3856,2,805
124,2,3877,1,5469
124,2,3880,1,3863
124,2,3920,1,741
124,2,3969,1,1301
124,2,4007,2,13465
124,2,4014,1,22444
124,2,4036,1,429
124,2,4053,1,4140
124,2,4058,1,10948
124,2,4066,6,9646
124,2,4150,3,2926
124,2,4173,1,13
124,2,4254,1,223
124,2,4313,2,3372
124,2,4465,21,27527
124,2,4552,3,2106
124,2,4555,3,2635
124,2,4642,1,1169
124,2,4668,2,9159
124,2,4670,1,3536
124,2,4702,7,2120
124,2,4782,1,2579
124,2,4840,4,19921
124,2,4856,3,2434
124,2,4913,2,723
124,2,5019,9,13277
124,2,5161,6,13831
124,2,5173,1,10000
124,2,5380,1,1769
124,2,5432,5,27672
124,2,5606,3,7192
124,2,5748,1,135
124,2,6093,2,4037
124,2,6130,1,1080
124,2,6297,1,1117
124,2,6355,7,26903
124,2,6455,6,93411
124,2,6495,4,5433
124,2,6541,1,1099
124,2,6757,1,60511
124,2,7040,4,16931
124,2,7088,16,121549
124,2,7186,5,4344
124,2,7419,1,3172
124,2,7488,2,4866
124,2,7518,3,1528
124,2,7632,3,30626
124,2,7743,3,302842
124,2,7802,3,2192
124,2,8057,1,1100
124,2,8492,4,3358
124,2,8813,2,608
124,2,8853,3,110125
124,2,9059,3,4957
124,2,9139,4,17924
124,2,9198,2,5996
124,2,9629,3,4112
124,2,10202,3,18962
124,2,10384,8,41355
124,2,10664,1,8964
124,2,10694,2,3202
124,2,10751,2,986
124,2,10752,1,859
124,2,10787,3,3038
124,2,10989,1,193
124,2,11004,3,4044
124,2,11030,10,23998
124,2,11062,1,450
124,2,11086,1,2301
124,2,11110,1,1709
124,2,11155,5,6626
124,2,11279,3,1439
124,2,11308,4,8911
124,2,11313,1,719
124,2,11367,2,50739
124,2,11385,1,2782
124,2,11427,1,1971
124,2,11498,1,300
125,2,1990,2,3132
125,2,2020,1,2400
125,2,2025,6,11697
125,2,2026,1,1715
125,2,2033,5,29603
125,2,2034,8,21664
125,2,2036,1,349
125,2,2043,1,1246
125,2,2077,4,7542
125,2,2087,5,23447
125,2,2088,1,326
125,2,2090,1,7383
125,2,2114,2,3326
125,2,2122,1,17281
125,2,2128,1,32791
125,2,2159,8,22051
125,2,2186,3,9819
125,2,2187,2,2393
125,2,2188,1,3925
125,2,2193,3,3933
125,2,2195,3,701120
125,2,2197,1,36181
125,2,2198,9,11378
125,2,2212,9,4605
125,2,2213,8,10234
125,2,2216,3,1387
125,2,2217,1,4710
125,2,2221,1,382
125,2,2222,1,2000
125,2,2224,2,1883
125,2,2227,1,843
125,2,2235,2,16671
125,2,2260,1,1138
125,2,2267,1,199
125,2,2274,1,257
125,2,2278,3,12156
125,2,2282,3,16903
125,2,2293,1,473
125,2,2300,1,936
125,2,2309,1,235
125,2,2316,10,26381
125,2,2318,1,2012
125,2,2326,1,2820
125,2,2336,2,2722
125,2,2337,1,707
125,2,2341,1,707
125,2,2353,5,7983
125,2,2359,4,4546
125,2,2378,1,1314
125,2,2389,1,2485
125,2,2421,2,13290
125,2,2425,2,3819
125,2,2429,1,102
125,2,2431,6,32583
125,2,2452,3,2557
125,2,2456,5,591346
125,2,2467,2,20613
125,2,2525,1,1620
125,2,2535,1,720
125,2,2539,6,49580
125,2,2548,2,41788
125,2,2552,1,3277
125,2,2586,1,17874
125,2,2588,1,1189
125,2,2595,3,16129
125,2,2606,1,444
125,2,2612,3,7570
125,2,2649,2,10038
125,2,2663,1,752
125,2,2699,2,16161
125,2,2708,1,139
125,2,2718,1,1263
125,2,2726,2,3583
125,2,2729,1,4965
125,2,2757,1,473
125,2,2768,1,5000
125,2,2787,3,6385
125,2,2812,2,1638
125,2,2820,2,4262
125,2,2905,1,1489
125,2,2927,8,10944
125,2,2974,3,16345
125,2,3007,6,7178
125,2,3026,2,2941
125,2,3050,2,767
125,2,3079,2,28199
125,2,3098,1,6003
125,2,3153,1,2044
125,2,3156,3,5793
125,2,3169,2,2622
125,2,3181,6,8583
125,2,3186,6,45471
125,2,3213,2,798
125,2,3253,2,68597
125,2,3295,3,6284
125,2,3327,5,6660
125,2,3422,1,911
125,2,3426,3,2739
125,2,3431,2,2539
125,2,3442,9,86603
125,2,3451,1,6939
125,2,3453,2,4364
125,2,3537,3,5943
125,2,3540,4,2154
125,2,3558,3,9098
125,2,3572,4,34150
125,2,3573,6,24509
125,2,3592,1,1064
125,2,3603,2,22763
125,2,3624,2,459
125,2,3630,5,9978
125,2,3742,1,177
125,2,3750,1,557
125,2,3793,1,435
125,2,3799,1,80000
125,2,3820,4,2236
125,2,3847,1,877
125,2,3856,4,1253
125,2,3920,3,23406
125,2,3938,2,4689
125,2,3979,1,508
125,2,4007,2,6499
125,2,4014,2,55366
125,2,4053,1,10497
125,2,4058,2,13897
125,2,4073,3,5061
125,2,4097,6,47662
125,2,4145,1,859
125,2,4150,1,717
125,2,4174,1,150
125,2,4199,1,135
125,2,4298,1,100
125,2,4309,2,1299
125,2,4313,2,2575
125,2,4391,1,693
125,2,4427,1,861
125,2,4449,1,1517
125,2,4454,1,3166
125,2,4465,18,32450
125,2,4552,6,13890
125,2,4555,2,2164
125,2,4642,3,25633
125,2,4668,2,2530
125,2,4670,1,11956
125,2,4673,3,465
125,2,4702,1,119
125,2,4821,2,295
125,2,4856,2,159619
125,2,4913,2,6630
125,2,5019,7,3158
125,2,5060,1,16
125,2,5161,7,18481
125,2,5173,1,1444
125,2,5367,2,1972
125,2,5380,3,24709
125,2,5432,3,13434
125,2,5606,1,713
125,2,5623,5,220868
125,2,5710,2,1689
125,2,5748,1,241
125,2,5816,4,5357
125,2,6093,3,6787
125,2,6130,3,7176
125,2,6355,2,2262
125,2,6455,4,5227
125,2,6495,1,2054
125,2,6541,2,697
125,2,6861,1,6089
125,2,6975,2,1072
125,2,7040,3,5241
125,2,7088,8,18849
125,2,7139,7,56515
125,2,7176,1,861
125,2,7186,7,4937
125,2,7418,1,3328
125,2,7632,2,4463
125,2,7743,2,6464
125,2,7802,3,12044
125,2,8268,1,4332
125,2,8492,4,14400
125,2,8772,2,2806
125,2,8813,2,608
125,2,8853,1,33717
125,2,9036,1,254
125,2,9059,3,13935
125,2,9139,4,37562
125,2,9198,5,3694
125,2,9274,1,249
125,2,9308,1,20934
125,2,9670,2,1660
125,2,9884,1,542
125,2,10163,1,643
125,2,10202,4,73112
125,2,10384,3,17234
125,2,10558,2,334
125,2,10694,3,18278
125,2,10725,1,597
125,2,10751,1,1636
125,2,10765,2,45893
125,2,10787,2,8445
125,2,11004,2,1766
125,2,11007,1,46226
125,2,11030,5,6641
125,2,11086,1,2613
125,2,11110,2,1069
125,2,11197,2,3568
125,2,11279,2,512
125,2,11308,3,47649
125,2,11313,2,1044
125,2,11320,1,31833
125,2,11367,2,42282
125,2,11427,1,2035
125,2,11498,1,300
125,2,11523,3,2667
125,3,2034,1,4903
125,3,2036,4,5895
125,3,2087,1,1088
125,3,2114,3,7138
125,3,2128,1,16990
125,3,2187,1,447
125,3,2193,1,3644
125,3,2211,1,1968
125,3,2212,1,278
125,3,2213,1,1898
125,3,2216,1,1250
125,3,2222,2,3234
125,3,2227,1,1849
125,3,2273,1,2743
125,3,2291,1,2325
125,3,2340,2,2523
125,3,2353,5,4003
125,3,2539,2,3170
125,3,2812,2,1494
125,3,2925,1,228
125,3,2927,3,117
125,3,3422,3,12889
125,3,3442,1,4598
125,3,3451,1,1099
125,3,3592,2,835
125,3,3742,1,332
125,3,3793,1,2069
125,3,3877,3,1600
125,3,3920,2,39550
125,3,3938,2,6014
125,3,4316,3,102
125,3,4449,1,356
125,3,4465,8,10412
125,3,4856,1,1158
125,3,5432,2,2356
125,3,5816,1,677
125,3,6093,2,30473
125,3,6256,1,4299
125,3,6495,2,16072
125,3,7088,1,680
125,3,7632,1,1136
125,3,8492,2,1716
125,3,9629,4,16351
125,3,10202,1,2374
125,3,10787,2,1940
125,3,11030,1,409
125,3,11259,2,40020
125,3,11308,1,217886
125,3,11320,1,3115
125,3,11376,1,2000
125,3,11427,1,3153
125,3,11498,5,9442
126,3,1990,5,105157
126,3,1992,4,4391
126,3,2020,5,64199
126,3,2025,7,1245565
126,3,2026,3,7801
126,3,2033,3,25019
126,3,2034,6,16678
126,3,2036,6,6329
126,3,2037,1,642
126,3,2043,5,9728
126,3,2049,3,157602
126,3,2077,5,1896
126,3,2087,2,11987
126,3,2088,6,14881
126,3,2114,4,24169
126,3,2119,1,5242
126,3,2126,2,1450
126,3,2128,3,3659
126,3,2186,4,8976
126,3,2187,3,4052
126,3,2188,1,3150
126,3,2193,3,2051
126,3,2197,1,702
126,3,2198,10,9759
126,3,2206,1,483
126,3,2211,4,7671
126,3,2212,9,1830
126,3,2213,3,9013
126,3,2216,4,7899
126,3,2217,3,1240
126,3,2219,1,345
126,3,2220,2,1065
126,3,2222,4,183100
126,3,2224,1,404
126,3,2225,1,447
126,3,2230,1,540
126,3,2260,2,4538
126,3,2265,2,2741
126,3,2267,3,942
126,3,2274,1,157
126,3,2278,4,15095
126,3,2282,1,1342
126,3,2291,1,236
126,3,2293,10,82011
126,3,2300,6,24478
126,3,2316,7,14916
126,3,2322,1,1365
126,3,2326,1,2820
126,3,2336,1,200
126,3,2337,4,825
126,3,2340,1,506
126,3,2350,2,19002
126,3,2353,7,3490
126,3,2359,3,2596
126,3,2389,2,6253
126,3,2421,1,1679
126,3,2425,1,187
126,3,2431,1,1982
126,3,2452,3,3808
126,3,2456,18,104142
126,3,2535,2,1526
126,3,2536,1,10924
126,3,2539,3,19178
126,3,2548,1,53908
126,3,2564,1,15
126,3,2588,2,754
126,3,2612,7,9013
126,3,2649,4,4487
126,3,2663,2,3433
126,3,2699,2,7291
126,3,2708,2,4017
126,3,2718,1,630
126,3,2726,4,23506
126,3,2754,2,17435
126,3,2757,1,372
126,3,2787,1,1986
126,3,2812,1,515
126,3,2829,2,23249
126,3,2843,2,21520
126,3,2868,3,4744
126,3,2878,2,1531
126,3,2905,2,15793
126,3,2927,5,1304
126,3,2974,5,28208
126,3,3007,3,3618
126,3,3026,1,592
126,3,3075,2,42953
126,3,3080,1,688
126,3,3112,1,1604
126,3,3153,2,3532
126,3,3155,8,1029
126,3,3169,6,13275
126,3,3181,2,3026
126,3,3186,2,5696
126,3,3213,1,1875
126,3,3253,4,5636
126,3,3295,1,883
126,3,3309,4,8561
126,3,3327,3,4143
126,3,3334,2,1787
126,3,3386,1,119089
126,3,3407,1,338
126,3,3417,1,2102
126,3,3422,7,16503
126,3,3426,1,1095
126,3,3429,1,76
126,3,3431,8,28665
126,3,3442,11,1092627
126,3,3451,2,8351
126,3,3453,1,515
126,3,3509,1,112835
126,3,3518,2,22122
126,3,3533,1,190000
126,3,3537,2,4193
126,3,3540,7,83753
126,3,3558,9,31274
126,3,3572,2,4468
126,3,3588,2,173453
126,3,3592,1,10840
126,3,3603,3,15026
126,3,3615,1,2524
126,3,3624,4,7824
126,3,3630,2,66966
126,3,3742,1,4291
126,3,3750,3,4691
126,3,3799,1,3503
126,3,3800,1,3064
126,3,3815,2,802
126,3,3820,4,3955
126,3,3856,4,1311
126,3,3869,1,150
126,3,3880,1,3530
126,3,3920,2,1403
126,3,3938,1,3003
126,3,3969,1,1569
126,3,3979,1,8112
126,3,4007,1,1001
126,3,4014,1,223213
126,3,4058,1,250
126,3,4145,3,6425
126,3,4150,2,1080
126,3,4173,4,2663
126,3,4199,3,24128
126,3,4254,1,809
126,3,4309,4,5702
126,3,4313,1,2632
126,3,4316,1,2634
126,3,4332,1,16143
126,3,4388,1,532
126,3,4402,2,5584
126,3,4420,7,988674
126,3,4427,7,38004
126,3,4454,3,135475
126,3,4458,1,289
126,3,4465,35,53349
126,3,4527,2,17105
126,3,4552,5,4388
126,3,4555,1,5137
126,3,4642,1,1147
126,3,4668,2,84081
126,3,4670,1,2000
126,3,4673,1,1503
126,3,4702,3,1066
126,3,4782,1,247
126,3,4856,1,393
126,3,4913,3,4929
126,3,4916,1,1039
126,3,5019,5,3487
126,3,5161,10,25143
126,3,5367,6,3627
126,3,5432,3,3944
126,3,5481,5,12587
126,3,5606,1,1388
126,3,5710,2,3841
126,3,5748,1,76
126,3,5816,1,947
126,3,6093,2,1113
126,3,6130,4,25472
126,3,6190,2,6009
126,3,6297,2,4151
126,3,6355,1,54
126,3,6455,1,95
126,3,6495,3,19888
126,3,6541,3,2393
126,3,7040,2,4711
126,3,7088,18,56592
126,3,7139,2,23840
126,3,7186,5,4977
126,3,7454,2,3627796
126,3,7488,1,4608
126,3,7518,4,4577
126,3,7632,1,10279
126,3,7724,2,356
126,3,7743,1,8685
126,3,7802,6,4610
126,3,7989,1,3291
126,3,8492,10,39614
126,3,8772,3,24550
126,3,8813,3,7234
126,3,8853,2,17190
126,3,9036,1,1463
126,3,9059,2,3695
126,3,9139,1,322
126,3,9198,3,3244
126,3,9575,1,392
126,3,9629,1,6193
126,3,9670,3,5774
126,3,9726,1,1471
126,3,10042,1,1089
126,3,10163,1,29
126,3,10202,8,43501
126,3,10362,1,4868
126,3,10376,2,43339
126,3,10558,1,241
126,3,10638,1,304
126,3,10694,2,1659
126,3,10725,1,414
126,3,10751,2,1015
126,3,10752,3,72835
126,3,10787,1,1705
126,3,10989,2,852
126,3,11004,2,1197
126,3,11007,1,1223
126,3,11030,7,49901
126,3,11110,1,45
126,3,11142,1,7292
126,3,11148,1,2037
126,3,11155,1,2315
126,3,11259,11,80664
126,3,11279,5,1305
126,3,11290,4,4365
126,3,11308,1,17066
126,3,11313,1,5395
126,3,11367,1,21079
126,3,11427,1,759
126,3,11498,5,32389
126,3,11523,1,60646
126,3,11629,2,797
126,3,11763,5,22394
127,3,1990,3,4623
127,3,1992,2,2709
127,3,2020,4,4305
127,3,2025,5,21310
127,3,2026,6,18657
127,3,2033,6,24279
127,3,2034,4,13176
127,3,2036,6,5138
127,3,2037,2,2012
127,3,2043,2,7569
127,3,2077,5,11278
127,3,2087,3,23064
127,3,2088,2,9281
127,3,2090,4,8305
127,3,2114,3,5344
127,3,2119,5,21289
127,3,2128,3,22444
127,3,2159,2,7317
127,3,2186,8,70763
127,3,2187,4,4428
127,3,2188,3,5484
127,3,2193,3,24984
127,3,2198,5,4696
127,3,2211,2,10387
127,3,2212,6,2584
127,3,2213,6,101597
127,3,2216,1,1740
127,3,2217,4,18084
127,3,2219,1,3637
127,3,2222,4,167966
127,3,2224,4,6056
127,3,2230,2,16095
127,3,2245,2,3690
127,3,2248,1,418
127,3,2273,2,3497
127,3,2278,2,20345
127,3,2291,8,15170
127,3,2293,5,10750
127,3,2300,6,15598
127,3,2316,7,5958
127,3,2318,4,54823
127,3,2322,1,446
127,3,2326,4,10466
127,3,2336,2,5303
127,3,2337,7,21487
127,3,2353,5,8252
127,3,2359,2,3755
127,3,2371,3,28172
127,3,2378,4,9344
127,3,2389,2,1189
127,3,2421,1,5390
127,3,2425,3,5382
127,3,2429,1,500
127,3,2452,4,7047
127,3,2456,9,36405
127,3,2535,3,28313
127,3,2538,1,4079
127,3,2539,5,5518
127,3,2553,1,23603
127,3,2557,1,6504
127,3,2572,2,23317
127,3,2588,1,213
127,3,2595,1,1242
127,3,2606,1,11490
127,3,2612,4,4051
127,3,2620,5,19971
127,3,2649,3,3937
127,3,2663,1,3010
127,3,2699,2,5005
127,3,2704,1,136
127,3,2708,1,715
127,3,2726,7,13177
127,3,2729,1,1317
127,3,2754,3,16834
127,3,2812,8,17840
127,3,2820,2,106
127,3,2829,3,38191
127,3,2836,1,499
127,3,2868,2,219
127,3,2905,1,908000
127,3,2925,3,1780
127,3,2974,2,7861
127,3,3007,1,5854
127,3,3039,1,2156252
127,3,3040,1,79
127,3,3050,2,915
127,3,3079,3,6018
127,3,3097,1,777
127,3,3112,4,5155
127,3,3147,1,230
127,3,3155,4,520
127,3,3156,5,7350
127,3,3169,5,124089
127,3,3186,6,23482
127,3,3213,1,921
127,3,3253,4,9598
127,3,3295,1,5926
127,3,3309,6,3786
127,3,3327,3,5416
127,3,3392,1,13803
127,3,3407,1,1840
127,3,3422,1,9868
127,3,3426,1,1649
127,3,3429,2,195
127,3,3431,7,10120
127,3,3442,13,186865
127,3,3451,2,3688
127,3,3453,4,5517
127,3,3456,2,845
127,3,3497,1,1589
127,3,3518,1,4224
127,3,3537,5,4324
127,3,3540,2,1985
127,3,3551,1,1160
127,3,3558,5,4458
127,3,3572,3,1479
127,3,3588,1,12391
127,3,3603,3,27636
127,3,3615,1,3333
127,3,3624,2,475
127,3,3630,14,495386
127,3,3668,1,205999
127,3,3742,4,17820
127,3,3750,1,1679
127,3,3780,3,98369
127,3,3793,8,23913
127,3,3799,3,14886
127,3,3815,5,4753
127,3,3820,1,45
127,3,3847,1,4053
127,3,3856,3,1661
127,3,3893,2,16450
127,3,3920,3,1194
127,3,3938,3,6115
127,3,3969,2,4135
127,3,4007,2,1941
127,3,4036,1,159
127,3,4053,2,48749
127,3,4073,1,699
127,3,4137,5,19049
127,3,4138,1,2183
127,3,4145,1,7507
127,3,4150,5,3941
127,3,4173,1,3025
127,3,4189,5,21152
127,3,4199,2,6618
127,3,4211,5,2054
127,3,4241,1,197
127,3,4245,1,27568
127,3,4254,1,967
127,3,4265,1,150
127,3,4267,1,2036
127,3,4313,3,9281
127,3,4332,1,9493
127,3,4402,2,3539
127,3,4420,5,32540
127,3,4427,4,24631
127,3,4465,13,15206
127,3,4527,8,149053
127,3,4547,1,331
127,3,4548,1,201
127,3,4552,1,661
127,3,4555,2,32290
127,3,4564,1,2679
127,3,4668,2,13439
127,3,4673,1,1475
127,3,4702,6,3931
127,3,4736,3,20789
127,3,4737,1,561
127,3,4780,3,14964
127,3,4793,1,409
127,3,4840,11,19039
127,3,4856,2,2640
127,3,4913,3,591
127,3,5019,2,310
127,3,5161,5,10895
127,3,5367,1,285
127,3,5432,9,15163
127,3,5481,12,65819
127,3,5606,1,3063
127,3,5710,2,3483
127,3,5748,1,135
127,3,5816,3,12714
127,3,6093,9,40800
127,3,6130,5,10818
127,3,6455,3,5956
127,3,6495,2,5393
127,3,6541,4,4819
127,3,6861,1,2795
127,3,7040,5,21422
127,3,7088,15,47245
127,3,7139,1,24981
127,3,7186,7,7647
127,3,7418,1,2379
127,3,7439,2,1268
127,3,7488,1,5639
127,3,7518,3,11394
127,3,7610,2,7539
127,3,7632,4,15469
127,3,7724,1,223
127,3,7743,4,42466
127,3,7802,4,5075
127,3,7989,3,12102
127,3,8073,1,416
127,3,8268,3,3359
127,3,8753,2,2296
127,3,8813,2,639
127,3,8962,1,5022
127,3,9036,4,2676
127,3,9059,2,11150
127,3,9198,7,7252
127,3,9274,1,295
127,3,9575,8,10820
127,3,9691,4,1214
127,3,10023,2,83842
127,3,10163,3,7985
127,3,10202,8,50764
127,3,10544,1,290
127,3,10558,3,3686
127,3,10649,1,79098
127,3,10694,3,5499
127,3,10725,5,3101
127,3,10751,3,1168
127,3,10787,1,798
127,3,10989,4,4259
127,3,11004,1,1592
127,3,11030,6,84317
127,3,11110,4,1779
127,3,11155,1,4956
127,3,11259,4,54541
127,3,11279,2,317
127,3,11308,8,876867
127,3,11313,3,9875
127,3,11367,3,63237
127,3,11374,2,14347
127,3,11385,3,2605
127,3,11498,3,5418
127,3,11763,5,19737
127,3,11807,3,5552
127,3,11895,2,65109
128,3,1987,1,242303
128,3,1990,1,677
128,3,1992,1,1018
128,3,2020,3,5951
128,3,2025,5,3558
128,3,2026,5,26541
128,3,2033,4,25408
128,3,2034,8,22194
128,3,2036,1,1323
128,3,2043,5,31674
128,3,2049,1,1875
128,3,2077,11,24383
128,3,2087,4,110499
128,3,2090,2,5922
128,3,2114,3,4100
128,3,2119,3,4561
128,3,2128,4,35455
128,3,2159,6,9675
128,3,2184,7,7003
128,3,2185,1,247
128,3,2186,3,7029
128,3,2187,1,1585
128,3,2188,7,15806
128,3,2193,4,2458
128,3,2195,1,3
128,3,2197,1,1379
128,3,2198,5,9498
128,3,2212,4,1146
128,3,2213,2,3864
128,3,2216,1,348
128,3,2217,1,730
128,3,2219,1,4095
128,3,2220,3,67693
128,3,2221,1,795
128,3,2222,2,10623
128,3,2224,1,1192
128,3,2227,1,1851
128,3,2230,2,1365
128,3,2245,4,33302
128,3,2260,2,6451
128,3,2267,3,783
128,3,2278,4,40002
128,3,2282,1,9669
128,3,2286,1,9082
128,3,2291,1,532
128,3,2293,2,3373
128,3,2300,5,14645
128,3,2309,1,9334
128,3,2316,11,12698
128,3,2318,6,32287
128,3,2336,2,2287
128,3,2337,2,257
128,3,2340,2,1681
128,3,2353,1,100
128,3,2359,2,1111
128,3,2372,1,440
128,3,2378,1,929
128,3,2379,1,55
128,3,2389,4,5625
128,3,2421,2,1778
128,3,2425,2,1022
128,3,2429,4,23785
128,3,2431,2,9635
128,3,2434,1,33912
128,3,2452,3,14192
128,3,2456,1,950
128,3,2467,1,2897
128,3,2479,3,1586
128,3,2535,3,42970
128,3,2539,5,8917
128,3,2549,2,3487
128,3,2572,1,1155
128,3,2586,1,3297
128,3,2588,1,2305
128,3,2595,1,418
128,3,2606,2,11390
128,3,2612,3,5364
128,3,2649,1,3305
128,3,2693,1,4332
128,3,2699,2,6531
128,3,2701,1,186
128,3,2708,1,715
128,3,2726,7,22176
128,3,2729,2,4879
128,3,2754,7,12716
128,3,2757,2,6558
128,3,2812,7,28676
128,3,2829,6,439884
128,3,2868,4,8303
128,3,2881,1,499
128,3,2905,1,150466
128,3,2927,1,343
128,3,2974,1,724
128,3,3004,1,1936
128,3,3039,2,8726906
128,3,3050,2,704
128,3,3079,1,8548
128,3,3080,1,2035
128,3,3095,3,4918
128,3,3112,1,315
128,3,3140,2,1262
128,3,3155,2,252
128,3,3169,2,2911
128,3,3186,2,10833
128,3,3188,2,2014
128,3,3213,1,2563
128,3,3253,3,7826
128,3,3295,1,1983
128,3,3309,3,4844
128,3,3327,2,3120
128,3,3392,1,100
128,3,3422,1,1160
128,3,3426,2,3911
128,3,3429,1,150
128,3,3431,3,9266
128,3,3442,15,550821
128,3,3453,1,166313
128,3,3456,1,418
128,3,3497,1,2950
128,3,3509,1,10700
128,3,3518,1,21615
128,3,3537,8,24806
128,3,3540,2,2787
128,3,3551,1,12500
128,3,3558,2,9240
128,3,3572,3,3687
128,3,3588,3,19382
128,3,3592,2,6418
128,3,3603,1,3115
128,3,3615,2,1133
128,3,3624,4,12784
128,3,3630,6,133846
128,3,3668,2,6877
128,3,3742,2,5254
128,3,3750,1,2836
128,3,3780,4,44327
128,3,3793,6,15831
128,3,3815,1,3246
128,3,3820,8,123719
128,3,3847,3,7797
128,3,3856,3,2197
128,3,3893,1,244984
128,3,3920,9,9955
128,3,3938,5,12980
128,3,3969,1,387
128,3,4007,6,21446
128,3,4014,1,69650
128,3,4066,3,799
128,3,4073,1,1790
128,3,4137,4,17994
128,3,4138,3,9240
128,3,4145,5,8526
128,3,4150,1,730
128,3,4173,1,10060
128,3,4189,1,523
128,3,4199,1,6323
128,3,4211,1,1854
128,3,4240,3,5475
128,3,4251,1,216
128,3,4265,2,237
128,3,4309,4,5963
128,3,4313,6,19570
128,3,4332,1,7961
128,3,4365,2,1374
128,3,4391,3,8352
128,3,4420,3,51947
128,3,4427,2,2798
128,3,4465,12,15172
128,3,4527,2,9061
128,3,4548,2,2658
128,3,4555,1,670
128,3,4642,1,2963
128,3,4662,2,295
128,3,4668,5,279871
128,3,4673,1,210
128,3,4702,7,8031
128,3,4736,1,2331
128,3,4737,1,663
128,3,4768,1,9228
128,3,4780,1,8911
128,3,4804,1,3520
128,3,4823,2,324
128,3,4840,10,30661
128,3,4913,3,3587
128,3,4944,1,654
128,3,4992,1,100
128,3,5013,1,20
128,3,5019,5,21436
128,3,5023,2,2805
128,3,5161,10,21776
128,3,5367,3,3321
128,3,5432,8,16354
128,3,5481,5,7604
128,3,5606,2,4199
128,3,5748,11,23019
128,3,6093,4,11340
128,3,6123,2,2993
128,3,6130,3,125244
128,3,6297,1,908
128,3,6455,13,185446
128,3,6541,1,622
128,3,7040,3,2258
128,3,7088,10,22238
128,3,7176,1,8008
128,3,7186,3,3600
128,3,7488,1,3068
128,3,7518,2,900
128,3,7610,1,1160
128,3,7632,6,15718
128,3,7743,2,9442
128,3,7802,3,2089
128,3,7989,4,15789
128,3,8268,5,10635
128,3,8813,2,563
128,3,8853,1,123826
128,3,9059,3,11173
128,3,9198,2,1342
128,3,9575,2,2310
128,3,9629,1,6202
128,3,9670,2,1593
128,3,9691,3,1465
128,3,9815,3,17276
128,3,10202,8,70020
128,3,10384,1,8880
128,3,10649,2,11885
128,3,10694,1,9153
128,3,10751,2,426
128,3,10787,2,9951
128,3,10989,3,1402
128,3,11004,10,12963
128,3,11030,4,17258
128,3,11062,1,1508
128,3,11086,1,5629
128,3,11110,2,11687
128,3,11148,1,1037
128,3,11259,10,147889
128,3,11290,4,11639
128,3,11308,5,133255
128,3,11367,5,119948
128,3,11376,2,11409
128,3,11498,3,5332
128,3,11523,2,667
128,3,11629,2,1777
128,3,11763,2,734
128,3,11807,1,1628
128,3,11895,2,11261
129,3,1990,1,2521
129,3,1992,4,6094
129,3,2025,2,2363
129,3,2033,2,6980
129,3,2034,5,11066
129,3,2036,2,1876
129,3,2043,4,6291
129,3,2077,4,52065
129,3,2128,5,19669
129,3,2159,8,33153
129,3,2184,3,4267
129,3,2186,7,283569
129,3,2187,2,697
129,3,2188,1,9900
129,3,2193,1,600
129,3,2195,1,1000
129,3,2197,3,5207
129,3,2198,8,19882
129,3,2212,2,695
129,3,2213,7,16323
129,3,2220,3,3354
129,3,2222,4,181043
129,3,2245,3,11618
129,3,2260,2,4086
129,3,2273,1,508
129,3,2278,2,5648
129,3,2282,3,1528
129,3,2291,3,5869
129,3,2293,4,4150
129,3,2300,2,4475
129,3,2316,5,3537
129,3,2318,1,4107
129,3,2320,1,648
129,3,2322,1,138
129,3,2326,2,46808
129,3,2336,2,1497
129,3,2337,2,4959
129,3,2349,1,5629
129,3,2357,2,11300
129,3,2359,2,2661
129,3,2378,11,163141
129,3,2421,1,1717
129,3,2425,5,25275
129,3,2452,1,199
129,3,2467,1,35324
129,3,2479,2,270
129,3,2530,2,578
129,3,2535,2,180559
129,3,2539,3,49839
129,3,2571,1,29552
129,3,2588,2,71697
129,3,2595,3,11821
129,3,2606,1,2364
129,3,2612,3,11382
129,3,2649,2,3478
129,3,2663,2,4199
129,3,2718,2,8557
129,3,2726,5,36990
129,3,2812,2,4313
129,3,2820,1,1301
129,3,2829,4,6075
129,3,2843,1,16100
129,3,2868,2,2989
129,3,2878,2,11820
129,3,3004,1,9599
129,3,3050,2,20710
129,3,3079,3,3206
129,3,3095,3,39619
129,3,3112,1,564
129,3,3147,2,15465
129,3,3153,7,23160
129,3,3155,5,631
129,3,3169,2,1615
129,3,3186,2,4958
129,3,3213,1,108
129,3,3309,2,10597
129,3,3337,1,4
129,3,3388,1,1815
129,3,3407,2,2664
129,3,3426,2,2951
129,3,3442,7,148027
129,3,3535,1,1182
129,3,3537,2,2366
129,3,3572,9,21652
129,3,3603,2,7195
129,3,3615,5,3844
129,3,3624,4,1763
129,3,3630,2,9481
129,3,3668,1,1327
129,3,3780,1,10128
129,3,3793,6,9654
129,3,3799,1,2064
129,3,3820,2,286
129,3,3847,3,1283
129,3,3856,4,5738
129,3,3877,2,2713
129,3,3920,2,2113
129,3,3938,1,2767
129,3,4007,3,3408
129,3,4014,1,243336
129,3,4073,4,6814
129,3,4137,2,30415
129,3,4138,1,4005
129,3,4145,2,176
129,3,4173,2,2638
129,3,4199,2,8099
129,3,4211,1,292
129,3,4251,2,130
129,3,4254,1,769
129,3,4265,1,165
129,3,4267,1,106
129,3,4309,3,4052
129,3,4313,2,7210
129,3,4365,1,13449
129,3,4420,1,5352
129,3,4427,2,1429
129,3,4465,10,11103
129,3,4547,1,440
129,3,4552,4,139836
129,3,4555,1,1172
129,3,4564,2,1832
129,3,4642,2,19404
129,3,4655,1,262
129,3,4668,1,2200
129,3,4670,1,20746
129,3,4673,1,785
129,3,4702,3,3120
129,3,4736,6,56625
129,3,4765,1,241
129,3,4768,1,1082
129,3,4793,6,30300
129,3,4804,2,17574
129,3,4823,5,1139
129,3,4840,4,12309
129,3,4856,2,1068
129,3,4913,2,15005
129,3,4918,1,6054
129,3,4923,1,4518
129,3,4944,1,872
129,3,4985,3,2123
129,3,5019,3,9216
129,3,5023,1,1247
129,3,5161,8,20116
129,3,5193,1,2787
129,3,5288,1,1000
129,3,5367,5,2231
129,3,5380,2,14951
129,3,5432,5,3873
129,3,5564,2,30551
129,3,5623,2,23858
129,3,5710,2,1316
129,3,5748,3,1843
129,3,5816,1,8282
129,3,6130,3,20752
129,3,6455,3,76256
129,3,6467,1,47588
129,3,6541,1,1030
129,3,6597,1,392
129,3,6975,1,91
129,3,7040,2,1148
129,3,7088,1,300
129,3,7139,5,24492
129,3,7176,1,10328
129,3,7186,3,1694
129,3,7439,1,146
129,3,7488,1,2812
129,3,7518,1,1395
129,3,7632,2,4442
129,3,7743,1,137901
129,3,7859,1,500
129,3,7989,3,178386
129,3,8084,1,453
129,3,8813,2,2022
129,3,8961,1,34799
129,3,9036,1,1331
129,3,9575,1,910
129,3,9670,1,613
129,3,9884,2,16341
129,3,9915,2,414787
129,3,10163,1,29
129,3,10202,1,16502
129,3,10362,1,431549
129,3,10544,2,2447
129,3,10558,1,1952
129,3,10642,1,824
129,3,10649,1,2382
129,3,10664,1,1840
129,3,10694,1,500
129,3,10725,1,288
129,3,10751,1,907
129,3,10765,1,60473
129,3,10787,2,330
129,3,10788,1,2069
129,3,11004,5,10794
129,3,11110,1,6136
129,3,11154,1,19223
129,3,11259,2,4086
129,3,11308,7,203783
129,3,11385,4,51946
129,3,11523,1,4259
129,3,11763,1,3172
129,3,11895,10,50673
129,3,12208,1,1082
129,3,12243,1,1289
129,3,12246,1,1383
129,4,1987,1,10000
129,4,1992,1,1127
129,4,2020,1,1405
129,4,2025,3,6180
129,4,2034,5,7093
129,4,2036,2,56287
129,4,2077,1,745
129,4,2119,1,1083
129,4,2122,1,1758
129,4,2128,3,3336
129,4,2184,4,83169
129,4,2187,1,456
129,4,2193,3,2503
129,4,2217,2,497
129,4,2219,1,775
129,4,2222,1,307
129,4,2251,1,465
129,4,2293,8,12991
129,4,2300,1,128951
129,4,2326,4,96680
129,4,2336,1,1585
129,4,2337,1,267
129,4,2340,1,254
129,4,2359,1,1069
129,4,2379,1,825
129,4,2429,2,2493
129,4,2612,1,320
129,4,2663,3,4614
129,4,2693,1,8415
129,4,2812,1,3040
129,4,2820,2,9993
129,4,2829,2,5184
129,4,2905,1,6681
129,4,3095,7,32102
129,4,3188,2,24698
129,4,3422,2,3632
129,4,3442,6,156867
129,4,3497,2,6322
129,4,3572,1,27
129,4,3630,1,3025
129,4,3754,1,443
129,4,3829,1,5600
129,4,3938,2,5919
129,4,4007,2,1967
129,4,4083,1,9000
129,4,4138,3,439538
129,4,4150,2,1137
129,4,4173,3,7158
129,4,4211,1,1133
129,4,4241,3,186255
129,4,4309,1,735
129,4,4313,2,13289
129,4,4420,1,16543
129,4,4454,1,27256
129,4,4465,11,10362
129,4,4486,1,1657
129,4,4527,8,26533
129,4,4568,2,298
129,4,4702,1,398
129,4,4780,2,25347
129,4,4840,2,5126
129,4,5193,2,29561
129,4,5288,1,15800
129,4,5432,3,2830
129,4,5481,2,2415
129,4,5495,3,17754
129,4,5816,1,1189
129,4,6130,1,895
129,4,6541,1,453
129,4,6597,3,3686
129,4,6861,1,216
129,4,7088,5,11517
129,4,7743,1,5858
129,4,7802,2,12535
129,4,8084,1,1141
129,4,9575,1,15
129,4,9815,1,11710
129,4,10172,1,744
129,4,10613,1,885
129,4,10751,1,859
129,4,10788,1,144
129,4,11030,2,6358
129,4,11197,1,235
129,4,11259,5,22366
129,4,11290,1,5587
129,4,11308,3,184327
129,4,11367,1,2108
129,4,11374,3,9880
129,4,11498,3,11390
129,4,11523,1,2773
129,4,11895,1,15
129,4,12243,1,1100
130,4,1987,1,1076
130,4,1990,2,5643
130,4,2025,9,118358
130,4,2026,2,2870
130,4,2033,2,7624
130,4,2034,2,3740
130,4,2036,4,8437
130,4,2037,3,3238
130,4,2043,1,5781
130,4,2049,1,4748
130,4,2077,5,17754
130,4,2087,2,198634
130,4,2090,1,1487
130,4,2114,2,1434
130,4,2119,2,1184
130,4,2122,1,1758
130,4,2126,1,3494
130,4,2128,5,681941
130,4,2159,5,37078
130,4,2184,1,2186
130,4,2185,2,22034
130,4,2186,4,25891
130,4,2187,1,2783
130,4,2195,1,21289
130,4,2197,3,2967
130,4,2198,6,40065
130,4,2212,4,2529
130,4,2213,3,7654
130,4,2217,2,3255
130,4,2219,2,623
130,4,2220,1,3038
130,4,2222,1,157834
130,4,2224,3,4480
130,4,2227,1,2593
130,4,2245,2,2672
130,4,2260,1,1733
130,4,2267,2,1190
130,4,2273,1,3251
130,4,2274,1,699
130,4,2278,5,7457
130,4,2282,2,56460
130,4,2300,2,5099
130,4,2316,5,3122
130,4,2322,3,1589
130,4,2326,6,121280
130,4,2337,3,6407
130,4,2378,3,15434
130,4,2382,4,8185
130,4,2425,6,2854
130,4,2429,1,270
130,4,2467,2,178583
130,4,2479,1,10526
130,4,2535,2,8635
130,4,2539,4,10377
130,4,2588,2,14860
130,4,2612,4,1226
130,4,2620,1,1376
130,4,2699,1,2987
130,4,2704,1,580
130,4,2718,4,1237
130,4,2726,3,16166
130,4,2787,1,793
130,4,2812,2,9396
130,4,2820,3,18202
130,4,2829,2,31951
130,4,2836,1,159
130,4,2868,1,590
130,4,2905,3,21424
130,4,2974,1,8771
130,4,3004,1,903
130,4,3026,3,4861
130,4,3050,1,362
130,4,3079,1,930
130,4,3080,1,10612
130,4,3134,2,247417
130,4,3147,3,2068
130,4,3153,3,10354
130,4,3169,3,2444
130,4,3186,2,14615
130,4,3213,1,1045
130,4,3253,2,4660
130,4,3295,3,3663
130,4,3309,1,957
130,4,3327,2,3901
130,4,3337,1,4
130,4,3388,3,927
130,4,3392,3,490
130,4,3442,11,50511
130,4,3453,1,571
130,4,3455,1,3116
130,4,3497,1,2140
130,4,3518,1,2160
130,4,3537,3,2679
130,4,3558,1,1573
130,4,3572,2,7232
130,4,3615,2,2700
130,4,3624,2,1196
130,4,3630,6,1513766
130,4,3668,1,4126
130,4,3742,1,3353
130,4,3754,1,627
130,4,3780,4,116989
130,4,3793,11,61209
130,4,3806,1,99
130,4,3815,2,1029
130,4,3820,4,35635
130,4,3829,3,2194
130,4,3856,5,4999
130,4,3877,1,10888
130,4,3920,1,366
130,4,3938,3,6290
130,4,3979,1,340
130,4,4007,2,1971
130,4,4053,1,3058
130,4,4073,3,7227
130,4,4137,1,465
130,4,4145,1,4800
130,4,4149,2,863
130,4,4150,1,696
130,4,4199,3,16675
130,4,4202,2,1027
130,4,4265,2,328
130,4,4267,2,781
130,4,4313,3,14935
130,4,4365,1,468
130,4,4391,2,5908
130,4,4420,2,8755
130,4,4427,1,669
130,4,4431,1,430120
130,4,4465,20,19555
130,4,4527,1,38921
130,4,4548,2,1744
130,4,4555,1,2331
130,4,4603,1,162
130,4,4630,2,16352
130,4,4642,2,5446
130,4,4655,2,421
130,4,4668,1,1496
130,4,4673,1,1476
130,4,4702,5,21271
130,4,4768,1,58705
130,4,4780,1,670
130,4,4793,6,20750
130,4,4804,2,4017
130,4,4823,2,81
130,4,4840,4,86187
130,4,4856,4,11895
130,4,4913,6,5625
130,4,4918,1,1369
130,4,4923,1,1922
130,4,4944,1,15084
130,4,5019,3,7314
130,4,5023,3,7616
130,4,5096,1,1199
130,4,5161,5,14088
130,4,5192,3,6583
130,4,5193,3,14811
130,4,5307,1,2750
130,4,5367,3,3184
130,4,5432,2,2614
130,4,5481,5,15965
130,4,5495,1,6224
130,4,5564,1,66953
130,4,5710,3,1949
130,4,5748,8,3407
130,4,6130,1,1287
130,4,6455,4,245445
130,4,6541,1,2018
130,4,6597,3,1172
130,4,6735,2,5426
130,4,7040,10,8333
130,4,7088,1,971
130,4,7139,1,7292
130,4,7186,5,2620
130,4,7439,1,5265
130,4,7510,3,12125
130,4,7518,3,1463
130,4,7632,1,474
130,4,7743,3,20777
130,4,7802,1,1155
130,4,7989,8,8644
130,4,8268,4,7025
130,4,8813,2,608
130,4,8961,1,1806
130,4,9059,1,340
130,4,9105,1,31
130,4,9380,1,16094
130,4,9575,4,5229
130,4,9670,4,1759
130,4,9691,1,617
130,4,9815,1,9194
130,4,9884,2,9304
130,4,9915,1,2000
130,4,10112,1,10000
130,4,10163,1,966
130,4,10172,1,947
130,4,10202,2,16392
130,4,10362,2,3049
130,4,10384,1,2557
130,4,10544,2,1067
130,4,10694,3,7720
130,4,10725,3,1437
130,4,10787,1,1697
130,4,10788,1,2207
130,4,11004,2,3215
130,4,11030,4,28511
130,4,11110,5,50911
130,4,11241,1,1713
130,4,11259,2,10421
130,4,11290,1,1376
130,4,11308,3,9580
130,4,11313,1,18302
130,4,11385,1,386
130,4,11498,3,58270
130,4,11523,5,13430
130,4,11895,9,15219
130,4,12208,3,4547
130,4,12243,1,4413
130,4,12246,3,1982
130,4,12305,2,8796
130,5,1990,1,25872
130,5,2034,2,4269
130,5,2077,1,387
130,5,2087,1,662
130,5,2122,2,32341
130,5,2128,5,71949
130,5,2184,1,1613
130,5,2187,2,477
130,5,2190,2,6005
130,5,2193,1,575
130,5,2198,1,1859
130,5,2211,3,3169
130,5,2216,2,60100
130,5,2219,2,1581
130,5,2260,1,5500
130,5,2265,1,1510
130,5,2273,1,930
130,5,2300,1,2910
130,5,2318,1,6902
130,5,2336,1,3757
130,5,2359,2,4332
130,5,2378,4,41075
130,5,2382,1,1981
130,5,2421,3,7288
130,5,2429,1,679
130,5,2588,1,383
130,5,2612,1,9307
130,5,2836,2,180
130,5,3004,3,2722
130,5,3075,1,51694
130,5,3095,5,12688
130,5,3098,1,13331
130,5,3153,1,1091
130,5,3155,4,567
130,5,3156,2,1869
130,5,3388,1,149
130,5,3442,2,3527
130,5,3451,1,837
130,5,3497,1,2100
130,5,3537,1,1379
130,5,3540,2,2062
130,5,3572,3,14056
130,5,3592,1,920
130,5,3630,1,918
130,5,3653,1,305
130,5,3742,2,1859
130,5,3754,1,444
130,5,3793,1,683
130,5,3938,1,2956
130,5,4007,2,4368
130,5,4138,1,3013
130,5,4150,1,546
130,5,4173,3,9849
130,5,4202,3,3168
130,5,4211,1,341
130,5,4265,1,132
130,5,4267,2,391
130,5,4313,1,2060
130,5,4420,3,17445
130,5,4427,1,3197
130,5,4465,16,12409
130,5,4486,4,23570
130,5,4840,1,792
130,5,4952,1,8697
130,5,5019,1,205
130,5,5092,1,2952
130,5,5193,2,9381
130,5,5288,1,12499
130,5,5307,1,11001
130,5,5432,2,1539
130,5,5481,2,18056
130,5,5495,4,13306
130,5,5675,1,28060
130,5,5816,1,673
130,5,6597,2,646
130,5,6735,2,5142
130,5,7040,2,1260
130,5,7088,1,184
130,5,7510,1,1000
130,5,7632,2,8444
130,5,7743,2,139779
130,5,8073,1,411
130,5,8084,2,968
130,5,8961,3,831
130,5,9614,2,2062
130,5,10023,1,1734
130,5,10202,1,25288
130,5,10558,1,356
130,5,10788,1,4303
130,5,10989,1,14212
130,5,11030,5,11867
130,5,11142,1,453
130,5,11197,2,28974
130,5,11259,3,6460
130,5,11374,1,809
130,5,11498,2,8358
130,5,11895,1,13664
130,5,12243,2,38293
131,5,1990,3,38877
131,5,1992,4,4643
131,5,2020,1,1392
131,5,2025,10,104276
131,5,2026,4,4999
131,5,2033,2,76107
131,5,2034,4,41811
131,5,2036,8,34936
131,5,2037,3,2535
131,5,2043,6,6154
131,5,2077,7,27009
131,5,2087,1,425
131,5,2114,2,1014
131,5,2119,5,3665
131,5,2122,3,38817
131,5,2128,6,26841
131,5,2159,7,54400
131,5,2184,1,1636
131,5,2185,1,220
131,5,2186,2,4975
131,5,2187,2,1867
131,5,2188,8,31550
131,5,2190,4,16109
131,5,2193,3,2480
131,5,2197,5,3188
131,5,2198,7,28267
131,5,2211,5,15078
131,5,2212,2,1037
131,5,2213,9,18747
131,5,2216,1,413
131,5,2217,2,6352
131,5,2219,3,1068
131,5,2220,1,421
131,5,2222,4,24822
131,5,2224,2,1792
131,5,2230,2,3121
131,5,2245,3,10247
131,5,2260,3,19410
131,5,2267,2,180
131,5,2273,1,1116
131,5,2274,2,2188
131,5,2278,4,61014
131,5,2291,5,10699
131,5,2293,2,2664
131,5,2300,1,9491
131,5,2316,8,8593
131,5,2318,2,5577
131,5,2322,2,1264
131,5,2326,2,118790
131,5,2336,2,1452
131,5,2337,6,2294
131,5,2359,6,55810
131,5,2363,2,3547
131,5,2371,1,760
131,5,2378,4,6202
131,5,2382,4,37756
131,5,2421,7,15218
131,5,2425,5,11526
131,5,2456,1,620
131,5,2467,2,1078
131,5,2479,4,24959
131,5,2530,3,2252
131,5,2535,2,3727
131,5,2539,2,5771
131,5,2549,1,397
131,5,2588,1,722
131,5,2595,2,7433
131,5,2606,2,2987
131,5,2612,3,153242
131,5,2620,1,1298
131,5,2649,2,647
131,5,2693,2,5476
131,5,2699,1,357
131,5,2718,5,1213
131,5,2726,4,62132
131,5,2757,1,499
131,5,2787,1,1275
131,5,2812,1,864
131,5,2820,1,20608
131,5,2829,6,19954
131,5,2868,1,764
131,5,2905,1,1807
131,5,2925,1,76
131,5,2971,1,344
131,5,3004,11,41569
131,5,3007,1,2748
131,5,3026,1,1499
131,5,3050,1,497
131,5,3066,6,139243
131,5,3068,1,1243
131,5,3079,6,10713
131,5,3080,1,8361
131,5,3095,9,37207
131,5,3098,1,1250
131,5,3112,1,38740
131,5,3147,1,412
131,5,3153,5,19058
131,5,3156,1,551
131,5,3169,6,100109
131,5,3186,2,2134
131,5,3213,1,1562
131,5,3253,3,3784
131,5,3295,1,2974
131,5,3303,1,3813
131,5,3309,4,6373
131,5,3327,4,4496
131,5,3388,1,158
131,5,3392,1,2052
131,5,3407,2,699
131,5,3422,2,4785
131,5,3426,1,126
131,5,3431,1,21618
131,5,3442,9,1529094
131,5,3497,1,2541
131,5,3502,1,68
131,5,3535,1,2380
131,5,3540,4,22287
131,5,3558,10,21323
131,5,3572,1,1683
131,5,3588,3,3279
131,5,3592,2,2293
131,5,3615,5,27186
131,5,3624,3,756
131,5,3630,2,6519
131,5,3653,1,331
131,5,3668,3,44833
131,5,3742,1,4122
131,5,3750,1,3313
131,5,3780,1,4893
131,5,3793,5,9753
131,5,3799,1,24928
131,5,3806,1,1247
131,5,3815,1,298
131,5,3829,3,472
131,5,3834,2,46196
131,5,3847,1,290
131,5,3856,1,290
131,5,3920,3,1662
131,5,3938,3,8348
131,5,4007,3,1469
131,5,4053,3,3033
131,5,4066,1,563
131,5,4073,2,2708
131,5,4097,2,6362
131,5,4137,2,5562
131,5,4149,3,4108
131,5,4150,4,1905
131,5,4152,2,1100
131,5,4173,1,1921
131,5,4202,5,13025
131,5,4211,1,2832
131,5,4240,2,1761
131,5,4254,1,737
131,5,4265,1,106
131,5,4267,2,709
131,5,4309,3,2133
131,5,4313,1,3090
131,5,4326,6,187758
131,5,4365,4,4617
131,5,4420,4,16776
131,5,4427,2,2826
131,5,4431,1,1276
131,5,4465,28,31410
131,5,4527,7,67242
131,5,4539,3,15107
131,5,4548,2,1095
131,5,4552,1,339
131,5,4568,1,892
131,5,4603,1,35415
131,5,4642,2,18203
131,5,4655,2,8014
131,5,4668,1,17547
131,5,4673,2,3209
131,5,4702,2,18772
131,5,4736,5,11533
131,5,4766,1,399
131,5,4768,6,9948
131,5,4780,2,34731
131,5,4782,1,364
131,5,4793,5,18569
131,5,4804,1,773
131,5,4840,2,3707
131,5,4856,2,16090
131,5,4913,8,3427
131,5,4923,2,22107
131,5,4944,1,12066
131,5,4985,2,17629
131,5,5019,7,4159
131,5,5028,1,135215
131,5,5161,1,2745
131,5,5297,1,1071
131,5,5307,2,985
131,5,5315,2,7215
131,5,5367,8,8985
131,5,5432,11,22299
131,5,5481,5,7067
131,5,5495,2,45793
131,5,5564,2,19450
131,5,5623,1,45375
131,5,5710,5,2494
131,5,5748,6,1984
131,5,5816,1,1451
131,5,6093,3,113431
131,5,6123,1,1898
131,5,6355,3,35828
131,5,6455,5,449222
131,5,6541,2,3421
131,5,6597,5,2839
131,5,6861,3,8153
131,5,7040,5,14191
131,5,7088,8,7267
131,5,7139,4,57545
131,5,7186,3,3229
131,5,7510,1,1499
131,5,7572,1,212
131,5,7618,1,135
131,5,7632,3,4289
131,5,7743,3,68772
131,5,7802,6,6313
131,5,7989,5,18196
131,5,8084,1,127
131,5,8268,1,5295
131,5,8492,1,1214
131,5,8733,2,692
131,5,8813,4,2872
131,5,8961,5,17396
131,5,9059,2,17100
131,5,9105,1,301
131,5,9139,1,20928
131,5,9575,2,1542
131,5,9614,1,8598
131,5,9629,1,18889
131,5,9670,1,150
131,5,9726,2,2151
131,5,9884,4,20840
131,5,10125,1,447
131,5,10175,2,8588
131,5,10202,9,66336
131,5,10529,2,6594
131,5,10544,1,1612
131,5,10558,2,547
131,5,10642,1,1014
131,5,10664,3,4022
131,5,10691,1,136
131,5,10731,2,5777
131,5,10751,2,1484
131,5,10787,2,1011
131,5,10989,1,632
131,5,11004,2,4480
131,5,11030,8,36908
131,5,11086,1,6876
131,5,11110,4,1114
131,5,11142,2,4470
131,5,11197,1,812
131,5,11241,1,1526
131,5,11259,7,66384
131,5,11290,1,4290
131,5,11308,4,17526
131,5,11374,2,1255
131,5,11492,1,278
131,5,11763,3,17613
131,5,11895,5,4724
131,5,12056,2,219032
131,5,12208,2,791
131,5,12243,1,1146
131,5,12246,4,1718
131,5,12305,3,943940
131,5,12341,3,1633
132,5,1990,2,3536
132,5,1992,2,5834
132,5,2020,4,6811
132,5,2025,2,2338
132,5,2026,2,3103
132,5,2033,6,23891
132,5,2034,9,60422
132,5,2036,8,9302
132,5,2037,4,2011
132,5,2077,3,23458
132,5,2087,2,11366
132,5,2090,1,12818
132,5,2114,3,2884
132,5,2119,2,1450
132,5,2122,2,46071
132,5,2128,9,18151
132,5,2184,4,9195
132,5,2185,8,14288
132,5,2186,1,3472
132,5,2187,3,11366
132,5,2188,3,5146
132,5,2190,2,19166
132,5,2193,8,4886
132,5,2195,2,4012
132,5,2197,2,1266
132,5,2198,3,28150
132,5,2212,5,1696
132,5,2213,4,8473
132,5,2217,2,2029
132,5,2219,2,371
132,5,2220,1,5244
132,5,2224,1,1465
132,5,2225,1,338
132,5,2227,1,3017
132,5,2230,1,74993
132,5,2251,1,3854
132,5,2252,1,490
132,5,2260,1,4401
132,5,2265,1,231
132,5,2267,1,199
132,5,2273,2,3611
132,5,2274,2,13385
132,5,2278,3,2890
132,5,2291,1,399
132,5,2293,2,1965
132,5,2300,2,2253
132,5,2318,2,2952
132,5,2322,1,1382
132,5,2326,1,1927
132,5,2327,3,638722
132,5,2337,6,7069
132,5,2340,1,685
132,5,2341,1,1537
132,5,2359,3,5075
132,5,2363,1,3622
132,5,2378,3,5151
132,5,2389,1,4313
132,5,2421,1,275
132,5,2425,3,2532
132,5,2456,2,10146
132,5,2479,1,1746
132,5,2530,1,3521
132,5,2539,1,1123
132,5,2541,4,20464
132,5,2557,1,45000
132,5,2586,1,10617
132,5,2588,4,32539
132,5,2601,2,44552
132,5,2606,1,2531
132,5,2612,5,6816
132,5,2620,2,23849
132,5,2649,3,3263
132,5,2699,2,7849
132,5,2718,4,1308
132,5,2726,6,30525
132,5,2754,1,27920
132,5,2757,1,540
132,5,2787,2,4200
132,5,2829,1,71907
132,5,2835,1,161
132,5,2843,3,50380
132,5,2878,3,1609
132,5,2905,3,101829
132,5,2974,2,32284
132,5,3004,18,22598
132,5,3050,3,1162
132,5,3066,1,54731
132,5,3098,1,190
132,5,3134,1,2576
132,5,3147,2,1064
132,5,3153,1,860
132,5,3186,2,4723
132,5,3253,4,7136
132,5,3295,2,5110
132,5,3309,3,4768
132,5,3327,3,4320
132,5,3388,4,1635
132,5,3392,1,3500
132,5,3407,1,1811
132,5,3417,3,28635
132,5,3422,1,4861
132,5,3426,3,9516
132,5,3431,6,4531
132,5,3442,7,1027907
132,5,3451,3,10313
132,5,3497,1,2982
132,5,3509,1,3000
132,5,3518,1,502
132,5,3535,1,1553
132,5,3537,1,633
132,5,3540,4,4651
132,5,3551,2,2040
132,5,3558,8,19949
132,5,3572,1,5390
132,5,3603,1,14400
132,5,3615,3,22854
132,5,3624,4,1807
132,5,3630,5,771276
132,5,3653,5,158349
132,5,3668,4,9619
132,5,3750,4,12473
132,5,3780,1,5629
132,5,3799,1,31248
132,5,3818,1,623
132,5,3820,4,1113
132,5,3829,9,19709
132,5,3834,1,41690
132,5,3847,3,1914
132,5,3856,5,1123
132,5,3920,1,966
132,5,3938,5,11786
132,5,3979,2,4714
132,5,4007,3,1965
132,5,4053,1,4198
132,5,4073,5,5908
132,5,4097,6,13507
132,5,4112,2,34412
132,5,4138,3,330463
132,5,4145,2,1000
132,5,4149,5,259553
132,5,4173,2,2984
132,5,4199,3,24182
132,5,4202,6,4778
132,5,4211,3,35583
132,5,4240,2,5178
132,5,4245,1,500
132,5,4265,1,43
132,5,4267,2,959
132,5,4270,2,7619
132,5,4309,3,3829
132,5,4313,8,26930
132,5,4420,1,25589
132,5,4454,1,4503
132,5,4465,29,22303
132,5,4486,2,1056
132,5,4487,5,1976
132,5,4527,3,62800
132,5,4539,2,1623
132,5,4548,4,3859
132,5,4552,11,8187
132,5,4564,1,4624
132,5,4642,1,4401
132,5,4655,2,1358
132,5,4668,1,440
132,5,4670,2,7267
132,5,4673,4,2449
132,5,4702,8,14310
132,5,4705,7,35979
132,5,4736,1,4379
132,5,4768,3,7188
132,5,4780,1,746
132,5,4782,1,1582
132,5,4793,3,12617
132,5,4840,4,11130
132,5,4856,7,23234
132,5,4913,5,2444
132,5,4918,1,915
132,5,4944,1,2134
132,5,4947,2,29768
132,5,4975,3,1813
132,5,4985,2,2729
132,5,5019,2,764
132,5,5193,4,13947
132,5,5307,2,445
132,5,5367,2,878
132,5,5380,2,5292
132,5,5432,9,20130
132,5,5481,1,38517
132,5,5495,4,73500
132,5,5623,3,332769
132,5,5710,7,4971
132,5,5748,2,392
132,5,5816,1,672
132,5,6093,3,4445
132,5,6123,1,798
132,5,6130,3,7595
132,5,6355,1,412
132,5,6455,10,81630
132,5,6541,3,2590
132,5,6597,1,289
132,5,6735,1,1626
132,5,6804,1,986
132,5,6861,1,1335
132,5,6975,1,5
132,5,7040,20,87561
132,5,7088,11,23977
132,5,7139,2,1237
132,5,7176,1,2134
132,5,7186,9,25361
132,5,7439,1,7539
132,5,7472,1,112
132,5,7518,4,2087
132,5,7632,3,4967
132,5,7802,4,4404
132,5,7989,2,897
132,5,8084,2,707
132,5,8268,2,5752
132,5,8324,1,934559
132,5,8492,2,3183
132,5,8733,3,7599
132,5,8753,2,1482
132,5,8813,2,610
132,5,9059,1,385
132,5,9105,1,1935
132,5,9629,1,4109
132,5,9670,2,11542
132,5,9884,2,39614
132,5,9915,1,28188
132,5,10125,1,242
132,5,10163,1,12060
132,5,10175,1,624
132,5,10202,5,138288
132,5,10362,6,85255
132,5,10529,3,3445
132,5,10558,4,1855
132,5,10725,1,996
132,5,10751,1,939
132,5,10787,3,3945
132,5,10788,1,36
132,5,10989,1,4888
132,5,11030,2,6392
132,5,11086,1,13452
132,5,11110,2,8472
132,5,11197,3,33583
132,5,11241,3,4894
132,5,11259,8,20506
132,5,11308,4,76778
132,5,11313,1,717
132,5,11374,4,3623
132,5,11385,2,5487
132,5,11415,1,324
132,5,11492,1,351
132,5,11498,6,3319
132,5,11523,3,3349
132,5,11763,9,30907
132,5,11895,10,15440
132,5,12056,2,897
132,5,12208,3,1626
132,5,12243,1,1509
132,5,12246,5,4152
132,5,12254,3,4988
132,5,12305,1,1114
132,5,12457,5,9309
132,5,12493,2,2134
133,5,1987,4,11390
133,5,1992,9,11868
133,5,2020,3,18560
133,5,2025,2,602599
133,5,2033,1,8089
133,5,2034,8,25667
133,5,2036,13,13521
133,5,2037,9,9122
133,5,2043,1,2887
133,5,2077,11,51289
133,5,2087,4,9673
133,5,2090,2,2809
133,5,2119,2,656
133,5,2122,3,23707
133,5,2126,1,1166
133,5,2128,8,22775
133,5,2184,3,15603
133,5,2185,4,22800
133,5,2186,2,10846
133,5,2187,5,7365
133,5,2188,5,49065
133,5,2190,1,35022
133,5,2193,11,29955
133,5,2198,7,6097
133,5,2206,1,5981
133,5,2211,1,1714
133,5,2212,4,4039
133,5,2213,7,8019
133,5,2216,3,5413
133,5,2219,2,449
133,5,2224,3,9283
133,5,2225,1,356
133,5,2245,3,10204
133,5,2260,1,4126
133,5,2265,1,2821
133,5,2267,2,325
133,5,2274,5,740
133,5,2278,1,2113
133,5,2282,1,356
133,5,2291,3,270026
133,5,2293,3,3769
133,5,2300,7,18330
133,5,2309,1,1435
133,5,2318,2,364638
133,5,2326,1,8674
133,5,2327,9,86945
133,5,2337,4,1911
133,5,2340,1,431
133,5,2341,3,3218
133,5,2350,1,564
133,5,2359,5,9581
133,5,2363,1,3043
133,5,2378,8,11340
133,5,2379,1,30694
133,5,2389,3,3253
133,5,2425,4,3064
133,5,2428,1,3600
133,5,2439,2,1326
133,5,2479,1,112
133,5,2510,2,14365
133,5,2535,1,1080
133,5,2539,11,84674
133,5,2572,4,2483
133,5,2588,4,142102
133,5,2595,1,3004
133,5,2601,1,7900
133,5,2606,3,12574
133,5,2612,4,4785
133,5,2620,1,2187
133,5,2693,1,646
133,5,2726,2,6018
133,5,2757,3,14369
133,5,2787,1,1115
133,5,2812,7,12931
133,5,2836,1,98
133,5,2868,1,917
133,5,2905,2,28922
133,5,2925,1,3452
133,5,2926,1,100
133,5,3004,7,106317
133,5,3026,2,43754
133,5,3050,1,113
133,5,3079,2,3304
133,5,3080,1,14886
133,5,3097,1,8963
133,5,3098,1,4210
133,5,3112,2,4214
133,5,3147,3,2511
133,5,3153,2,797
133,5,3155,7,633
133,5,3169,1,1110
133,5,3181,1,2680
133,5,3186,1,1417
133,5,3188,2,1946
133,5,3210,3,3763
133,5,3253,1,2362
133,5,3309,2,4632
133,5,3327,2,2303
133,5,3386,1,3957
133,5,3388,3,1301
133,5,3407,1,655
133,5,3422,1,3681
133,5,3426,2,20858
133,5,3442,5,81887
133,5,3451,1,9083
133,5,3455,1,2615
133,5,3483,1,1039
133,5,3497,1,1001
133,5,3509,1,5000
133,5,3518,1,219
133,5,3535,1,139
133,5,3537,1,560
133,5,3540,9,18001
133,5,3551,6,14135
133,5,3558,24,103527
133,5,3572,9,11827
133,5,3592,2,7979
133,5,3615,1,148
133,5,3624,6,8886
133,5,3630,3,4546
133,5,3653,2,1323
133,5,3668,2,11394
133,5,3742,3,21298
133,5,3780,2,20158
133,5,3815,1,5280
133,5,3820,5,3825
133,5,3829,2,4975
133,5,3856,4,1112
133,5,3920,2,1627
133,5,3938,4,6074
133,5,3969,1,2306
133,5,4036,3,2741
133,5,4053,1,11218
133,5,4073,1,14154
133,5,4097,4,19236
133,5,4112,1,5757
133,5,4138,1,4490
133,5,4145,1,10046
133,5,4149,7,7657
133,5,4150,3,1392
133,5,4152,1,100
133,5,4173,5,15318
133,5,4199,2,2124
133,5,4202,3,9194
133,5,4254,3,27001
133,5,4265,4,972
133,5,4267,3,2805
133,5,4270,1,4403
133,5,4309,2,1812
133,5,4313,4,21594
133,5,4316,1,1900
133,5,4332,2,80783
133,5,4365,2,6381
133,5,4427,6,25135
133,5,4454,1,27675
133,5,4458,1,605
133,5,4465,26,31459
133,5,4477,3,4577
133,5,4487,8,8289
133,5,4527,3,8415
133,5,4548,2,15363
133,5,4552,14,14519
133,5,4555,1,1198
133,5,4564,1,1985
133,5,4655,3,2994
133,5,4668,1,1444
133,5,4673,1,1518
133,5,4683,1,1254
133,5,4702,3,3429
133,5,4705,6,12077
133,5,4736,3,41932
133,5,4765,1,241
133,5,4768,5,194777
133,5,4769,1,331
133,5,4780,1,431
133,5,4782,2,627
133,5,4793,2,1166
133,5,4823,1,120
133,5,4840,4,11202
133,5,4856,5,6231
133,5,4913,7,10553
133,5,4923,1,25
133,5,4947,2,8314
133,5,4985,3,1247
133,5,5019,3,4494
133,5,5023,3,4953
133,5,5092,4,4348
133,5,5137,2,7067
133,5,5193,1,6563
133,5,5367,3,1350
133,5,5380,1,52920
133,5,5426,1,153
133,5,5432,3,2443
133,5,5481,3,13599
133,5,5495,1,1788
133,5,5623,1,32590
133,5,5710,3,1525
133,5,5748,1,1336
133,5,6093,6,202836
133,5,6130,3,438242
133,5,6297,1,1388
133,5,6355,1,11613
133,5,6455,7,137864
133,5,6541,3,2227
133,5,6735,3,5650
133,5,6804,2,1926
133,5,6861,3,10439
133,5,7040,11,11073
133,5,7088,8,23361
133,5,7176,1,535
133,5,7186,3,2984
133,5,7418,1,1158
133,5,7427,2,4110
133,5,7439,1,3436
133,5,7472,4,1226
133,5,7488,2,3571
133,5,7518,1,372
133,5,7632,4,25513
133,5,7724,3,1008
133,5,7743,3,11939
133,5,7802,3,25233
133,5,7989,4,12194
133,5,8268,2,2451
133,5,8492,4,7414
133,5,8733,2,3280
133,5,8813,5,29115
133,5,9059,1,3273
133,5,9105,2,8252
133,5,9147,1,5913
133,5,9259,1,2011
133,5,9274,1,6765
133,5,9416,3,2567
133,5,9424,1,10000
133,5,9575,1,103
133,5,9614,1,87
133,5,9629,1,34805
133,5,9670,2,2889
133,5,9884,1,463
133,5,9915,1,22000
133,5,10042,1,33847
133,5,10125,2,1782
133,5,10163,1,541
133,5,10175,7,101791
133,5,10202,5,28801
133,5,10376,2,2763
133,5,10529,1,50
133,5,10544,2,26254
133,5,10613,1,2499
133,5,10664,1,1392
133,5,10691,1,644
133,5,10725,3,1456
133,5,10731,3,21073
133,5,10751,1,5123
133,5,10765,1,909
133,5,10787,2,2818
133,5,10915,2,73038
133,5,10989,4,3200
133,5,11004,2,2378
133,5,11030,5,12703
133,5,11110,1,97291
133,5,11197,4,13755
133,5,11241,2,4740
133,5,11259,5,9742
133,5,11290,1,2591
133,5,11308,1,6188
133,5,11313,2,3416
133,5,11374,3,2816
133,5,11385,1,2472
133,5,11415,1,1438
133,5,11498,2,74154
133,5,11523,1,6790
133,5,11763,4,17557
133,5,11795,5,3479
133,5,11895,7,6315
133,5,12056,6,24858
133,5,12208,2,943
133,5,12243,1,1648
133,5,12246,3,13137
133,5,12254,1,4504
133,5,12305,5,421746
133,5,12341,1,796
133,5,12353,1,34014
133,5,12380,1,1213
133,5,12457,1,71
133,5,12542,5,24102
134,5,1987,10,20615
134,5,1990,2,9932
134,5,1992,8,12960
134,5,2020,5,16693
134,5,2025,1,345
134,5,2026,6,36975
134,5,2033,3,6596
134,5,2034,9,127814
134,5,2036,10,24436
134,5,2037,3,2053
134,5,2049,2,12562
134,5,2077,6,13869
134,5,2087,2,20133
134,5,2090,5,34289
134,5,2119,8,18813
134,5,2122,2,255150
134,5,2126,2,7384
134,5,2128,10,22432
134,5,2140,2,15060
134,5,2159,1,48540
134,5,2184,7,10224
134,5,2186,3,7377
134,5,2187,2,1092
134,5,2188,7,15751
134,5,2190,7,46003
134,5,2193,2,1472
134,5,2198,5,12470
134,5,2211,1,371
134,5,2212,6,2870
134,5,2213,10,20698
134,5,2216,3,77788
134,5,2217,3,43161
134,5,2222,1,1538
134,5,2224,1,2242
134,5,2227,3,1522
134,5,2245,3,24570
134,5,2250,5,11080
134,5,2251,2,17469
134,5,2267,1,125025
134,5,2274,4,7642
134,5,2278,5,16963
134,5,2291,8,10954
134,5,2293,4,3796
134,5,2300,6,79295
134,5,2316,1,6436
134,5,2322,1,320
134,5,2326,4,6461
134,5,2340,2,769
134,5,2341,1,1279
134,5,2350,1,430
134,5,2359,5,10366
134,5,2378,2,14496
134,5,2379,3,4872
134,5,2382,2,45323
134,5,2385,4,23329
134,5,2389,5,10871
134,5,2421,5,278905
134,5,2425,3,5370
134,5,2428,8,53753
134,5,2434,6,35210
134,5,2452,1,1760
134,5,2479,2,968
134,5,2510,1,1531
134,5,2530,4,61878
134,5,2535,1,1113
134,5,2539,5,3022
134,5,2557,1,6484
134,5,2588,3,7474
134,5,2595,1,108
134,5,2601,5,35253
134,5,2612,2,2955
134,5,2649,3,5430
134,5,2726,4,294187
134,5,2734,2,1183
134,5,2754,1,1500
134,5,2757,1,4643
134,5,2787,1,1017
134,5,2812,5,20619
134,5,2829,2,223748
134,5,2836,1,10
134,5,2868,5,8036
134,5,2878,2,2848
134,5,2925,1,1417
134,5,2974,4,8899
134,5,3004,4,19950
134,5,3026,1,1120
134,5,3039,2,2585
134,5,3040,1,285
134,5,3050,2,1298
134,5,3061,1,210
134,5,3066,1,18000
134,5,3097,1,1454
134,5,3098,1,7241
134,5,3112,2,2244
134,5,3147,2,16363
134,5,3153,4,14370
134,5,3156,2,552
134,5,3181,4,85676
134,5,3186,1,708
134,5,3188,2,5819
134,5,3210,5,12687
134,5,3253,5,7802
134,5,3295,6,40127
134,5,3309,4,3624
134,5,3327,4,5987
134,5,3388,1,447
134,5,3407,1,876
134,5,3426,3,3897
134,5,3431,2,3191
134,5,3451,1,3398
134,5,3455,1,5101
134,5,3483,2,1868
134,5,3535,3,4442
134,5,3537,1,4980
134,5,3540,11,86844
134,5,3551,6,4984
134,5,3558,14,26243
134,5,3572,7,12930
134,5,3573,1,1447455
134,5,3580,1,1275
134,5,3588,1,5487
134,5,3603,6,17006
134,5,3615,5,7143
134,5,3624,5,4857
134,5,3630,7,50662
134,5,3668,3,353912
134,5,3742,5,88610
134,5,3750,3,14920
134,5,3780,3,34116
134,5,3800,1,2821
134,5,3806,1,1696
134,5,3815,2,9688
134,5,3820,4,2422
134,5,3829,3,5094
134,5,3834,2,9623
134,5,3847,3,1851
134,5,3856,4,1702
134,5,3869,1,5694
134,5,3920,2,2667
134,5,3938,1,2964
134,5,4007,5,46745
134,5,4035,1,875
134,5,4036,2,2729
134,5,4053,1,573
134,5,4058,1,4433
134,5,4073,2,1728
134,5,4083,1,221
134,5,4097,2,8714
134,5,4112,4,3777
134,5,4138,3,15642
134,5,4149,1,1193
134,5,4150,2,618
134,5,4173,2,22544
134,5,4199,1,5732
134,5,4211,2,14955
134,5,4240,2,7703
134,5,4245,1,4559
134,5,4285,1,1010
134,5,4309,2,20708
134,5,4313,7,45307
134,5,4316,2,3109
134,5,4332,1,3753
134,5,4365,4,4330
134,5,4391,1,3235
134,5,4402,1,6149
134,5,4427,4,23943
134,5,4465,11,5533
134,5,4487,6,104593
134,5,4527,6,32689
134,5,4539,2,20656
134,5,4547,1,1435
134,5,4548,4,160421
134,5,4552,18,19181
134,5,4555,3,134302
134,5,4564,1,2767
134,5,4655,3,2048
134,5,4668,3,8856
134,5,4673,1,2061
134,5,4683,1,885
134,5,4702,4,356
134,5,4705,9,138997
134,5,4736,4,396257
134,5,4765,2,1148
134,5,4768,4,14282
134,5,4769,1,8
134,5,4780,3,1653
134,5,4793,1,1069
134,5,4804,1,1046
134,5,4821,1,7673
134,5,4840,3,17208
134,5,4850,1,2587
134,5,4913,4,1675
134,5,4918,1,2809
134,5,4923,13,91054
134,5,4985,1,76
134,5,5013,1,202
134,5,5019,4,14992
134,5,5023,4,3385
134,5,5049,2,1746
134,5,5050,1,9391
134,5,5092,3,3435
134,5,5137,4,4361
134,5,5161,1,102
134,5,5193,6,31064
134,5,5288,2,4731
134,5,5307,2,3405
134,5,5315,2,2099
134,5,5367,3,4332
134,5,5380,1,10000
134,5,5415,1,66
134,5,5432,10,5525
134,5,5434,3,3089
134,5,5461,2,467
134,5,5481,3,11019
134,5,5564,1,2648
134,5,5606,1,573
134,5,5623,5,31316
134,5,5710,1,3700
134,5,5748,2,965
134,5,5816,3,22791
134,5,6093,2,8488
134,5,6123,1,5583
134,5,6130,12,115765
134,5,6190,1,577
134,5,6455,8,35840
134,5,6541,2,364
134,5,6597,1,1053
134,5,6861,1,1885
134,5,7040,8,5771
134,5,7088,8,12849
134,5,7186,2,2574
134,5,7418,1,2758
134,5,7439,1,863
134,5,7472,3,898
134,5,7488,1,2445
134,5,7518,4,24032
134,5,7632,3,13371
134,5,7743,7,13048
134,5,7759,5,128641
134,5,7802,7,10849
134,5,7989,1,282
134,5,8073,2,1398
134,5,8084,1,93717
134,5,8268,2,5924
134,5,8492,4,16046
134,5,8665,1,1059
134,5,8733,1,3026
134,5,8813,3,2467
134,5,9059,1,1983
134,5,9105,2,3840
134,5,9259,3,3725
134,5,9424,3,2751
134,5,9575,5,7531
134,5,9670,3,53977
134,5,9691,2,3762
134,5,9821,1,2375
134,5,10042,1,8258
134,5,10125,1,1031
134,5,10175,3,4572
134,5,10202,2,3550
134,5,10376,1,10008
134,5,10544,2,10736
134,5,10558,2,396
134,5,10638,1,577
134,5,10649,1,5891
134,5,10664,2,4009
134,5,10691,1,1366
134,5,10694,1,6285
134,5,10725,3,1116
134,5,10731,2,2251
134,5,10751,2,4646
134,5,10752,1,27800
134,5,10787,3,5840
134,5,10788,1,2797
134,5,10915,4,17655
134,5,10989,2,659
134,5,11004,2,27616
134,5,11030,8,64031
134,5,11084,113,232791
134,5,11110,1,285
134,5,11142,2,3590
134,5,11197,3,53061
134,5,11241,4,5553
134,5,11290,6,14569
134,5,11374,1,2450
134,5,11385,5,6196
134,5,11498,4,18029
134,5,11523,10,21658
134,5,11795,8,4923
134,5,11807,3,68314
134,5,11814,1,11228
134,5,11895,10,5389
134,5,12056,2,36382
134,5,12208,3,9263
134,5,12246,4,18347
134,5,12305,6,435122
134,5,12380,6,5565
134,5,12457,1,364
134,5,12542,1,1231
134,5,12672,8,11649
134,5,12748,7,229043
135,5,1987,8,55574
135,5,1990,2,31010
135,5,2020,8,16927
135,5,2025,2,63399
135,5,2026,6,15980
135,5,2033,1,206
135,5,2034,3,19262
135,5,2036,3,3932
135,5,2037,5,4872
135,5,2049,3,15387
135,5,2077,6,22328
135,5,2087,6,9885
135,5,2090,3,6223
135,5,2114,5,54489
135,5,2119,2,603
135,5,2122,1,33837
135,5,2126,1,295
135,5,2128,4,10340
135,5,2140,1,1233
135,5,2184,4,4331
135,5,2185,7,15345
135,5,2186,2,26085
135,5,2187,1,221
135,5,2188,3,13762
135,5,2193,7,11365
135,5,2198,7,11828
135,5,2206,3,3318
135,5,2211,2,7458
135,5,2213,4,5525
135,5,2216,1,112
135,5,2219,2,2936
135,5,2222,1,4279
135,5,2224,1,2067
135,5,2245,4,26753
135,5,2251,2,3385
135,5,2260,2,5282
135,5,2267,4,15352
135,5,2273,1,1469
135,5,2274,3,50513
135,5,2278,2,2452
135,5,2282,3,21912
135,5,2291,2,14019
135,5,2293,4,241772
135,5,2300,2,14016
135,5,2309,3,6620
135,5,2318,1,356
135,5,2322,1,3027
135,5,2326,2,4407
135,5,2336,1,889
135,5,2337,5,9800
135,5,2340,1,571
135,5,2359,9,97239
135,5,2363,2,3487
135,5,2372,1,88
135,5,2378,6,9981
135,5,2379,6,70836
135,5,2382,1,10562
135,5,2385,6,13108
135,5,2389,3,26824
135,5,2421,1,1114
135,5,2425,5,24650
135,5,2428,8,196181
135,5,2430,1,150
135,5,2434,6,60715
135,5,2467,1,4300
135,5,2468,3,17817
135,5,2479,3,13375
135,5,2504,2,6128
135,5,2510,1,1971
135,5,2530,3,13645
135,5,2536,2,2920
135,5,2539,3,7985
135,5,2563,1,11855
135,5,2588,3,37840
135,5,2595,1,883
135,5,2601,1,12195
135,5,2606,3,4554
135,5,2612,1,2811
135,5,2620,4,141352
135,5,2649,2,3708
135,5,2663,1,1505
135,5,2726,2,14568
135,5,2734,3,7260
135,5,2757,2,4491
135,5,2787,3,3299
135,5,2812,8,10086
135,5,2820,1,22562
135,5,2868,2,1801
135,5,2905,1,4488
135,5,2925,5,12919
135,5,2974,7,14008
135,5,3004,3,30938
135,5,3026,1,1120
135,5,3050,1,471
135,5,3079,10,29228
135,5,3112,1,1461
135,5,3147,5,5303
135,5,3181,1,62731
135,5,3188,5,4621
135,5,3210,1,2035
135,5,3213,1,771
135,5,3253,5,11858
135,5,3273,1,90
135,5,3295,2,2964
135,5,3303,2,3267
135,5,3309,3,36127
135,5,3327,4,12706
135,5,3334,1,1680
135,5,3386,1,3214
135,5,3392,1,69001
135,5,3407,1,2060
135,5,3426,6,188320
135,5,3431,7,2525
135,5,3442,5,274271
135,5,3455,2,46781
135,5,3456,1,429
135,5,3497,2,6741
135,5,3535,1,2714
135,5,3537,1,7191
135,5,3540,6,8846
135,5,3551,7,13961
135,5,3558,14,45260
135,5,3572,4,18178
135,5,3588,4,1525
135,5,3603,6,54803
135,5,3615,4,2078
135,5,3624,5,29983
135,5,3630,1,2967
135,5,3653,1,265
135,5,3668,4,60479
135,5,3742,1,10437
135,5,3750,2,2339
135,5,3780,4,419805
135,5,3800,1,1971
135,5,3815,2,10302
135,5,3820,5,13294
135,5,3829,1,4179
135,5,3834,2,35349
135,5,3847,4,7227
135,5,3856,2,1193
135,5,3869,1,5694
135,5,3920,5,51908
135,5,3938,2,5976
135,5,3969,1,4175
135,5,3979,4,7804
135,5,4007,1,6672
135,5,4036,1,25
135,5,4053,1,885
135,5,4058,6,4072
135,5,4073,1,1287
135,5,4083,1,9000
135,5,4097,8,18662
135,5,4112,6,24796
135,5,4138,4,74269
135,5,4145,2,4061
135,5,4150,4,1591
135,5,4173,2,6334
135,5,4189,1,491
135,5,4199,2,2305
135,5,4211,1,1854
135,5,4254,1,2453
135,5,4285,9,13553
135,5,4309,4,7881
135,5,4313,1,609
135,5,4365,3,9956
135,5,4391,2,1271
135,5,4427,2,14513
135,5,4454,1,2882
135,5,4465,5,8461
135,5,4477,2,3179
135,5,4486,1,30366
135,5,4487,2,1162
135,5,4527,3,4124
135,5,4539,2,35965
135,5,4552,2,1448
135,5,4655,1,211
135,5,4668,2,6545
135,5,4670,6,23169
135,5,4673,1,993
135,5,4702,5,3324
135,5,4705,7,7955
135,5,4736,3,15941
135,5,4768,4,49541
135,5,4780,2,1987
135,5,4782,2,412
135,5,4793,1,1690
135,5,4802,1,407
135,5,4840,3,6971
135,5,4850,5,5727
135,5,4856,2,630
135,5,4913,1,258
135,5,4918,1,1048
135,5,4923,6,35439
135,5,4938,1,1015
135,5,4944,1,2264
135,5,4952,2,4454
135,5,4957,1,540
135,5,4972,1,148290
135,5,4975,3,1744
135,5,4985,1,502
135,5,5023,2,9192
135,5,5049,1,1475
135,5,5092,2,2630
135,5,5120,2,385
135,5,5137,6,3345
135,5,5155,1,40
135,5,5193,1,13124
135,5,5307,1,661
135,5,5367,4,5099
135,5,5432,12,20399
135,5,5434,4,7854
135,5,5442,1,79160
135,5,5481,4,67253
135,5,5582,1,1931
135,5,5710,2,2566
135,5,5748,2,895
135,5,5816,2,10005
135,5,6093,2,3167
135,5,6123,2,20386
135,5,6130,3,18949
135,5,6190,1,171347
135,5,6297,1,1083
135,5,6355,1,17646
135,5,6455,10,20997
135,5,6497,3,8045
135,5,6597,1,2557
135,5,7040,5,4178
135,5,7088,3,7258
135,5,7139,1,18150
135,5,7186,3,4548
135,5,7246,1,100
135,5,7418,1,1763
135,5,7472,2,1125
135,5,7518,2,2834
135,5,7632,3,15266
135,5,7743,15,40167
135,5,7759,4,34169
135,5,7802,6,39913
135,5,7989,1,2420
135,5,8492,3,29117
135,5,8753,1,2914
135,5,8813,5,4340
135,5,9105,1,1912
135,5,9259,1,2582
135,5,9629,1,951
135,5,9691,1,546
135,5,10042,2,5512
135,5,10112,1,396
135,5,10125,2,2160
135,5,10202,5,54882
135,5,10362,2,41474
135,5,10384,3,25066
135,5,10544,4,6506
135,5,10664,3,6067
135,5,10691,1,1530
135,5,10694,1,6929
135,5,10725,2,347
135,5,10787,2,4683
135,5,10788,1,1229
135,5,11004,3,26013
135,5,11030,9,29605
135,5,11084,34,85030
135,5,11110,2,1144
135,5,11118,2,254613
135,5,11241,4,9861
135,5,11290,2,17072
135,5,11308,8,60454
135,5,11374,4,10289
135,5,11427,1,1074
135,5,11498,1,331
135,5,11523,3,5154
135,5,11763,3,5848
135,5,11795,4,4287
135,5,11807,2,8427
135,5,11814,4,43739
135,5,11895,5,18276
135,5,12246,3,3225
135,5,12254,1,2750
135,5,12305,3,7822
135,5,12341,1,225
135,5,12353,3,13222
135,5,12457,1,145
135,5,12527,2,1017
135,5,12672,1,576
135,5,12748,2,573
135,5,12798,4,7535
136,5,1987,5,27609
136,5,1992,2,2447
136,5,2020,4,2526
136,5,2025,5,17748
136,5,2026,2,4963
136,5,2033,3,11199
136,5,2034,1,5014
136,5,2036,9,10669
136,5,2043,1,2495
136,5,2049,1,1518
136,5,2077,6,11738
136,5,2087,3,5764
136,5,2090,1,1205
136,5,2114,1,1324
136,5,2119,1,188
136,5,2122,1,15947
136,5,2128,2,724
136,5,2159,1,2600
136,5,2184,2,2237
136,5,2186,4,3107
136,5,2188,1,940
136,5,2190,2,2326
136,5,2193,4,2887
136,5,2195,1,2784
136,5,2198,8,2315
136,5,2206,2,624
136,5,2211,2,2981
136,5,2212,3,1102
136,5,2213,4,8338
136,5,2216,1,530
136,5,2219,1,341
136,5,2222,2,1466
136,5,2224,2,826
136,5,2245,2,13270
136,5,2251,1,530
136,5,2260,1,8223
136,5,2267,1,248
136,5,2273,2,5256
136,5,2278,3,4360
136,5,2282,1,711
136,5,2291,8,17137
136,5,2293,1,469
136,5,2300,4,40960
136,5,2309,4,15969
136,5,2316,1,1491
136,5,2318,2,2765
136,5,2322,4,1948
136,5,2326,3,6508
136,5,2337,1,2968
136,5,2343,1,15
136,5,2359,13,25074
136,5,2378,12,147799
136,5,2379,4,3556
136,5,2385,9,60982
136,5,2389,1,1718
136,5,2425,4,3959
136,5,2428,6,114516
136,5,2434,8,17474
136,5,2439,1,2125
136,5,2452,1,199
136,5,2467,1,1414
136,5,2468,3,9508
136,5,2479,4,16170
136,5,2504,1,804
136,5,2510,1,3951
136,5,2530,2,780
136,5,2535,3,1047
136,5,2536,1,390
136,5,2539,4,8833
136,5,2546,2,172
136,5,2561,1,719
136,5,2588,2,2011
136,5,2595,4,9267
136,5,2601,1,345
136,5,2606,1,1002
136,5,2612,2,770
136,5,2649,2,5437
136,5,2699,5,6796
136,5,2726,5,37897
136,5,2787,1,811
136,5,2812,3,2652
136,5,2829,1,1329
136,5,2835,4,30304
136,5,2868,2,902
136,5,2878,2,22614
136,5,2881,1,499
136,5,2905,4,25363
136,5,2925,5,29832
136,5,2927,1,495
136,5,3004,1,83
136,5,3061,3,115898
136,5,3079,1,8769
136,5,3112,1,3220
136,5,3153,2,2304
136,5,3188,1,907
136,5,3210,2,2737
136,5,3253,2,2173
136,5,3295,4,27515
136,5,3309,1,2419
136,5,3327,1,2295
136,5,3392,1,11694
136,5,3407,6,9034
136,5,3426,2,19111
136,5,3442,7,53194
136,5,3497,2,4805
136,5,3509,1,6900
136,5,3535,3,2908
136,5,3537,3,20300
136,5,3540,5,5723
136,5,3558,8,37238
136,5,3572,2,5876
136,5,3573,3,175301
136,5,3603,5,528526
136,5,3615,1,1138
136,5,3624,3,71831
136,5,3630,5,293712
136,5,3668,1,2549
136,5,3742,1,100
136,5,3750,1,14651
136,5,3780,4,108641
136,5,3806,1,49
136,5,3818,1,15446
136,5,3820,6,2628
136,5,3829,5,15065
136,5,3834,2,13289
136,5,3847,1,621
136,5,3851,1,579837
136,5,3856,5,1348
136,5,3920,2,2887
136,5,3938,1,2949
136,5,3969,1,512
136,5,3979,1,396
136,5,4007,4,8390
136,5,4014,6,66581
136,5,4053,1,16160
136,5,4073,1,1242
136,5,4083,2,9599
136,5,4097,1,5418
136,5,4116,1,5925
136,5,4138,3,10114
136,5,4145,1,5143
136,5,4149,1,1590
136,5,4150,1,560
136,5,4173,5,15752
136,5,4189,1,1886
136,5,4199,1,1043
136,5,4211,1,657
136,5,4241,1,1002492
136,5,4245,1,2935
136,5,4285,4,112421
136,5,4309,1,639
136,5,4313,4,27104
136,5,4316,1,1710
136,5,4326,1,1980
136,5,4365,2,190716
136,5,4391,3,1949
136,5,4427,1,669
136,5,4477,4,4850
136,5,4487,4,2407
136,5,4527,5,38648
136,5,4539,2,1527
136,5,4547,1,437
136,5,4548,7,4152
136,5,4552,5,12027
136,5,4630,2,469
136,5,4655,2,2059
136,5,4668,3,11470
136,5,4672,1,900
136,5,4702,4,1194
136,5,4705,1,2472
136,5,4780,1,14312
136,5,4782,1,363
136,5,4793,1,3488
136,5,4804,1,4050
136,5,4840,3,13083
136,5,4850,4,5204
136,5,4856,1,464
136,5,4913,1,363
136,5,4923,9,7416
136,5,4938,4,2100
136,5,4944,1,2037
136,5,4972,1,4543
136,5,4975,1,123
136,5,5019,3,116192
136,5,5023,2,1626
136,5,5049,6,17389
136,5,5086,2,445
136,5,5092,1,2617
136,5,5120,2,531
136,5,5137,2,3612
136,5,5192,1,301
136,5,5193,2,13050
136,5,5307,1,1456
136,5,5315,1,590
136,5,5367,4,11310
136,5,5432,5,8762
136,5,5434,4,2708
136,5,5481,6,4164
136,5,5495,3,8269
136,5,5582,2,3691
136,5,5710,3,1318
136,5,5748,3,1100
136,5,5979,2,123333
136,5,6093,12,77104
136,5,6130,6,20944
136,5,6355,1,1900
136,5,6455,9,67595
136,5,6456,1,239953
136,5,6497,2,5245
136,5,6735,2,1129
136,5,6804,1,196
136,5,7040,10,11454
136,5,7088,9,20347
136,5,7139,2,30996
136,5,7186,1,284
136,5,7246,1,100
136,5,7418,1,993
136,5,7472,4,2236
136,5,7488,1,7966
136,5,7510,2,2890
136,5,7518,1,470
136,5,7632,3,6098
136,5,7743,10,16849
136,5,7759,4,21555
136,5,7802,2,2396
136,5,7989,4,7994
136,5,8492,2,1811
136,5,8635,2,6350
136,5,8813,5,1940
136,5,9105,5,8960
136,5,9139,2,3182
136,5,9614,1,1430
136,5,9629,1,1149
136,5,9670,5,4904
136,5,9691,2,3468
136,5,9815,3,763
136,5,9884,2,3174
136,5,10042,2,48846
136,5,10109,1,3097
136,5,10112,1,396
136,5,10125,3,8433
136,5,10202,3,47074
136,5,10362,4,7593
136,5,10384,1,834
136,5,10544,3,57440
136,5,10664,3,3600
136,5,10694,2,7252
136,5,10787,4,7561
136,5,10915,1,5500
136,5,10989,5,3132
136,5,11004,6,48271
136,5,11030,6,21248
136,5,11084,1,2797
136,5,11110,4,2576
136,5,11118,1,2363
136,5,11241,1,29
136,5,11308,9,330119
136,5,11313,4,3397
136,5,11367,1,8407
136,5,11374,2,11393
136,5,11498,2,16811
136,5,11523,2,5210
136,5,11795,3,11080
136,5,11807,1,8152
136,5,11814,1,473
136,5,11895,6,544923
136,5,12208,2,3480
136,5,12243,3,14598
136,5,12246,3,4156
136,5,12254,4,33262
136,5,12305,1,320
136,5,12341,2,1878
136,5,12380,2,1382
136,5,12505,1,19283
136,5,12672,1,404
136,5,12748,1,148
136,5,12798,5,2354
136,5,12915,1,3616
137,5,1987,4,6846
137,5,1990,1,18411
137,5,1992,1,115
137,5,2020,2,16867
137,5,2025,6,38749
137,5,2026,3,162708
137,5,2033,1,3438
137,5,2034,2,13290
137,5,2036,1,3867
137,5,2037,2,2249
137,5,2049,1,5861
137,5,2077,1,1795
137,5,2087,1,597
137,5,2114,2,2300
137,5,2119,5,5375
137,5,2122,1,3354
137,5,2128,3,819
137,5,2159,4,5042
137,5,2184,2,2366
137,5,2186,2,95162
137,5,2190,2,3988
137,5,2193,3,32822
137,5,2198,11,41207
137,5,2199,1,3550
137,5,2211,1,523
137,5,2212,1,961
137,5,2213,6,14311
137,5,2216,1,641
137,5,2217,1,500
137,5,2219,1,134
137,5,2222,5,77536
137,5,2224,2,3470
137,5,2251,2,10470
137,5,2260,2,15365
137,5,2267,1,40445
137,5,2273,2,2516
137,5,2274,2,229003
137,5,2278,1,4850
137,5,2282,1,4094
137,5,2291,7,22196
137,5,2293,2,23787
137,5,2300,1,1261
137,5,2309,1,222
137,5,2316,6,39999
137,5,2318,3,3238
137,5,2322,4,12428
137,5,2326,2,111386
137,5,2327,3,31638
137,5,2337,5,4685
137,5,2340,1,248
137,5,2350,1,856
137,5,2359,4,3306
137,5,2378,3,1727
137,5,2385,7,12430
137,5,2389,4,4556
137,5,2421,5,553076
137,5,2425,3,5757
137,5,2428,6,28500
137,5,2434,8,51681
137,5,2468,2,9142
137,5,2504,1,1208
137,5,2510,1,1618
137,5,2530,2,1060
137,5,2535,1,257
137,5,2536,1,5424
137,5,2539,3,24601
137,5,2546,5,443
137,5,2567,1,3077
137,5,2588,1,522
137,5,2595,1,2022
137,5,2601,2,6593
137,5,2606,1,765
137,5,2612,2,797
137,5,2649,5,76935
137,5,2699,1,538
137,5,2726,1,884
137,5,2757,1,1760
137,5,2787,1,16343
137,5,2812,1,225
137,5,2816,5,100232
137,5,2820,1,22334
137,5,2829,2,76699
137,5,2830,2,1208
137,5,2835,5,8031
137,5,2868,3,1177
137,5,2875,1,157
137,5,2878,1,149995
137,5,2925,6,15848
137,5,2971,2,690
137,5,3004,2,4110
137,5,3050,3,2122
137,5,3112,3,1185
137,5,3147,2,1685
137,5,3155,3,177
137,5,3156,2,1493
137,5,3186,1,3207
137,5,3210,4,2279
137,5,3253,3,1320
137,5,3295,1,2095
137,5,3309,1,3904
137,5,3327,1,11424
137,5,3392,2,39500
137,5,3407,1,338
137,5,3426,4,13093
137,5,3431,1,1944
137,5,3442,4,29678
137,5,3451,2,6351
137,5,3483,1,500
137,5,3532,1,164
137,5,3537,2,1106
137,5,3551,3,4481
137,5,3558,11,10245
137,5,3572,1,1588
137,5,3573,5,137161
137,5,3588,9,16660
137,5,3603,1,100
137,5,3624,2,3640
137,5,3630,7,42842
137,5,3668,2,15178
137,5,3750,1,3112
137,5,3799,1,7463
137,5,3820,3,1317
137,5,3829,8,14448
137,5,3834,1,56485
137,5,3847,1,3224
137,5,3856,4,1426
137,5,3869,2,989
137,5,3920,5,1699
137,5,3938,2,3355
137,5,3969,2,939
137,5,4007,4,9904
137,5,4014,5,39647
137,5,4035,1,396
137,5,4058,1,301
137,5,4073,2,1330
137,5,4097,5,11699
137,5,4112,4,31624
137,5,4138,2,3170
137,5,4145,1,999
137,5,4150,3,753
137,5,4173,1,2030
137,5,4189,1,71
137,5,4199,6,28134
137,5,4211,2,1623
137,5,4251,3,1482
137,5,4270,4,31173
137,5,4285,8,15438
137,5,4309,2,775
137,5,4316,1,1569
137,5,4326,1,2000
137,5,4332,2,3202
137,5,4365,1,137
137,5,4402,1,1071
137,5,4427,3,7652
137,5,4487,5,13877
137,5,4527,3,13173
137,5,4539,3,5227
137,5,4548,1,1283
137,5,4555,1,3076
137,5,4564,1,4712
137,5,4655,1,236
137,5,4659,1,3222
137,5,4668,5,39397
137,5,4673,3,64275
137,5,4683,1,519
137,5,4702,5,1676
137,5,4705,7,27740
137,5,4766,2,591
137,5,4782,1,1229
137,5,4793,1,1370
137,5,4802,1,40
137,5,4840,5,17330
137,5,4850,1,806
137,5,4856,2,2010
137,5,4918,1,795
137,5,4923,3,14143
137,5,4938,1,273
137,5,4957,5,17599
137,5,4975,3,820
137,5,4985,1,811
137,5,5019,2,3650
137,5,5023,2,3809
137,5,5086,3,724
137,5,5092,2,23101
137,5,5137,3,1176
137,5,5192,2,1200
137,5,5193,3,9433
137,5,5307,2,50976
137,5,5367,6,6651
137,5,5432,2,240429
137,5,5434,4,3123
137,5,5436,4,16169
137,5,5481,5,7766
137,5,5495,2,7288
137,5,5564,1,24816
137,5,5582,3,13482
137,5,5610,5,8008
137,5,5623,1,97093
137,5,5646,2,18493
137,5,5710,2,870
137,5,5748,5,4903
137,5,5816,1,667
137,5,5870,1,784
137,5,5917,1,881
137,5,5924,2,1972
137,5,5979,1,59012
137,5,6007,2,2047
137,5,6022,3,5193
137,5,6093,10,51163
137,5,6123,3,17036
137,5,6127,1,2000
137,5,6130,4,15611
137,5,6215,2,3846
137,5,6326,1,825
137,5,6330,1,97
137,5,6336,3,792
137,5,6355,6,10581
137,5,6455,6,18893
137,5,6467,1,7633
137,5,6497,2,697
137,5,6541,1,336
137,5,6735,2,1094
137,5,6757,1,1520
137,5,7040,4,4406
137,5,7088,6,151138
137,5,7139,2,21390
137,5,7186,1,884
137,5,7198,1,5300
137,5,7439,1,1355
137,5,7472,7,5566
137,5,7488,1,1422
137,5,7510,4,4999
137,5,7518,1,360
137,5,7743,11,8822
137,5,7759,7,169040
137,5,7802,1,522
137,5,7928,1,5510
137,5,7942,1,8739
137,5,7989,10,605411
137,5,8084,2,1313
137,5,8268,1,13406
137,5,8635,3,1742
137,5,8753,3,187691
137,5,8800,1,3941
137,5,8813,2,1011
137,5,9105,1,1911
137,5,9139,1,712
137,5,9198,4,256496
137,5,9259,1,2008
137,5,9575,1,28895
137,5,9670,1,87
137,5,9691,1,855
137,5,9780,1,6772
137,5,9815,1,28160
137,5,9884,1,5938
137,5,9915,1,10000
137,5,10070,3,2473
137,5,10109,3,16351
137,5,10125,1,1327
137,5,10202,4,87248
137,5,10362,7,644652
137,5,10384,1,921
137,5,10529,1,12854
137,5,10544,1,1749
137,5,10658,4,14962
137,5,10664,2,20517
137,5,10691,1,65
137,5,10694,1,7037
137,5,10731,1,522
137,5,10751,2,1228
137,5,10787,4,2830
137,5,10829,1,78850
137,5,10989,3,1896
137,5,11004,1,370
137,5,11030,3,7467
137,5,11110,3,8168
137,5,11118,3,6016
137,5,11125,5,4262
137,5,11142,1,2918
137,5,11155,2,3673
137,5,11241,2,6864
137,5,11308,5,4784
137,5,11320,2,2445
137,5,11374,1,2196
137,5,11376,1,2500
137,5,11492,1,292
137,5,11498,2,600
137,5,11763,1,10241
137,5,11795,2,2402
137,5,11895,2,2249
137,5,12056,1,5785
137,5,12208,2,3357
137,5,12246,4,11559
137,5,12254,4,11965
137,5,12305,4,1699791
137,5,12341,3,1951
137,5,12353,3,941
137,5,12380,2,1710
137,5,12505,1,1630
137,5,12530,1,10952
137,5,12672,1,267
137,5,12748,2,20654
137,5,12798,5,896
137,5,12915,2,2480
137,5,13008,1,288
138,5,1987,3,6822
138,5,1992,1,798
138,5,2020,1,1726
138,5,2025,17,65388
138,5,2026,4,11923
138,5,2033,2,27216
138,5,2034,4,4532
138,5,2036,4,3197
138,5,2037,1,75
138,5,2043,2,3734
138,5,2048,1,383
138,5,2049,1,49432
138,5,2077,13,13390
138,5,2087,3,9076
138,5,2090,1,27740
138,5,2114,2,1549
138,5,2119,2,2413
138,5,2128,2,9528
138,5,2140,1,10720
138,5,2159,5,5809
138,5,2184,6,6491
138,5,2185,3,4247
138,5,2186,4,40620
138,5,2188,5,13004
138,5,2190,3,26411
138,5,2193,5,47974
138,5,2195,1,500
138,5,2197,2,1817
138,5,2198,3,709
138,5,2206,1,321
138,5,2211,1,1187
138,5,2212,5,2079
138,5,2213,7,12781
138,5,2217,1,4701
138,5,2219,5,1754
138,5,2222,2,1800
138,5,2229,2,5230
138,5,2230,4,18497
138,5,2245,2,4512
138,5,2250,1,270589
138,5,2251,6,19649
138,5,2260,2,6308
138,5,2265,1,861
138,5,2267,3,711
138,5,2273,1,33043
138,5,2274,3,3682
138,5,2278,1,3031
138,5,2282,1,4404
138,5,2291,5,18070
138,5,2293,4,74109
138,5,2300,1,5056
138,5,2309,1,1094
138,5,2316,4,11712
138,5,2318,1,51847
138,5,2322,1,1144
138,5,2326,2,45709
138,5,2327,2,3270
138,5,2337,2,175
138,5,2340,1,549
138,5,2341,1,2460
138,5,2342,7,11643
138,5,2359,2,49504
138,5,2363,2,3555
138,5,2372,1,1347
138,5,2378,1,57470
138,5,2382,2,8127
138,5,2385,14,27593
138,5,2421,7,3914
138,5,2425,3,2901
138,5,2428,2,52981
138,5,2434,7,85452
138,5,2439,2,5965
138,5,2452,1,2679
138,5,2467,1,6420
138,5,2510,1,2034
138,5,2530,3,12320
138,5,2535,2,3921
138,5,2539,5,3570
138,5,2564,2,451
138,5,2572,4,9202
138,5,2588,2,9170
138,5,2595,2,1248
138,5,2601,3,61184
138,5,2606,2,2562
138,5,2612,3,1099
138,5,2649,3,1333
138,5,2663,1,7533
138,5,2693,4,22494
138,5,2726,1,25821
138,5,2757,1,85
138,5,2812,1,225
138,5,2816,2,2826
138,5,2820,5,20012
138,5,2829,4,300601
138,5,2830,1,20193
138,5,2835,3,1933
138,5,2843,1,8433
138,5,2868,3,2142
138,5,2878,1,791
138,5,2898,1,500
138,5,2905,1,11815
138,5,2925,8,7403
138,5,2974,1,7032
138,5,3004,2,4650
138,5,3026,2,17472
138,5,3050,1,297
138,5,3066,1,145
138,5,3079,1,2094
138,5,3098,1,1250
138,5,3112,1,463
138,5,3147,2,911
138,5,3153,2,44607
138,5,3155,2,118
138,5,3169,1,5665
138,5,3186,2,133059
138,5,3210,1,1203
138,5,3213,1,1379
138,5,3253,10,10322
138,5,3295,3,14141
138,5,3303,3,8172
138,5,3309,1,3149
138,5,3327,3,5362
138,5,3373,1,1120
138,5,3386,1,709
138,5,3392,1,19610
138,5,3407,1,57
138,5,3426,4,251237
138,5,3429,1,76
138,5,3430,1,851
138,5,3431,3,4656
138,5,3455,1,4493
138,5,3456,1,1322
138,5,3483,1,500
138,5,3497,2,9313
138,5,3502,1,3000
138,5,3510,1,10517
138,5,3551,6,5367
138,5,3558,1,149
138,5,3572,5,31289
138,5,3588,6,39092
138,5,3624,3,2466
138,5,3630,1,2040
138,5,3653,4,381247
138,5,3668,1,5829
138,5,3742,1,188
138,5,3750,4,4786
138,5,3780,2,19671
138,5,3799,1,1384
138,5,3806,1,1066
138,5,3820,1,796
138,5,3829,9,25340
138,5,3847,1,1331
138,5,3851,5,29117
138,5,3856,4,873
138,5,3920,4,8859
138,5,3938,3,2535
138,5,4007,1,426
138,5,4014,1,43012
138,5,4035,1,885
138,5,4058,3,7993
138,5,4066,2,626
138,5,4073,2,1641
138,5,4097,3,22404
138,5,4112,1,6667
138,5,4137,4,5775
138,5,4138,1,2895
138,5,4145,1,500
138,5,4149,4,65100
138,5,4150,2,1346
138,5,4173,2,5691
138,5,4199,3,10519
138,5,4202,2,2760
138,5,4211,1,1070
138,5,4250,2,860
138,5,4251,2,28800
138,5,4254,1,680
138,5,4265,1,184
138,5,4270,2,44230
138,5,4285,12,28005
138,5,4309,6,16001
138,5,4402,1,4360
138,5,4427,2,5312
138,5,4431,1,2805
138,5,4477,2,941
138,5,4487,12,245911
138,5,4527,10,69514
138,5,4539,2,8232
138,5,4547,2,3661
138,5,4548,3,3428
138,5,4555,1,695
138,5,4564,2,1383
138,5,4603,1,2282
138,5,4655,2,711
138,5,4659,1,4786
138,5,4668,3,101086
138,5,4702,3,846
138,5,4705,8,33404
138,5,4766,4,2408
138,5,4780,2,22353
138,5,4782,2,806
138,5,4840,3,5692
138,5,4850,2,1601
138,5,4856,2,5369
138,5,4913,1,386
138,5,4916,1,2138
138,5,4923,6,6823
138,5,4938,1,272
138,5,4944,1,1647
138,5,4947,1,545
138,5,4952,1,1090
138,5,4957,6,7442
138,5,4972,1,1448
138,5,4975,1,135
138,5,5019,2,3101
138,5,5023,1,2489
138,5,5137,3,1732
138,5,5193,1,35884
138,5,5307,1,890
138,5,5367,3,6750
138,5,5434,3,671
138,5,5436,1,1001
138,5,5481,6,12949
138,5,5495,3,28670
138,5,5582,1,1647
138,5,5606,1,34
138,5,5610,12,14339
138,5,5623,6,410804
138,5,5646,2,620
138,5,5710,3,15630
138,5,5748,5,1090
138,5,5816,2,8195
138,5,5870,2,7519
138,5,5924,1,1442
138,5,5979,1,78580
138,5,5989,3,12126
138,5,5997,1,2274
138,5,6007,1,898
138,5,6022,8,266027
138,5,6090,1,1154
138,5,6093,10,49291
138,5,6127,2,705
138,5,6130,5,14121
138,5,6190,2,2249
138,5,6215,1,5282
138,5,6297,1,15
138,5,6326,15,74871
138,5,6336,3,867
138,5,6355,5,33976
138,5,6426,1,488
138,5,6455,9,77150
138,5,6456,1,9900
138,5,6497,1,2264
138,5,6540,1,120
138,5,6574,1,261
138,5,6804,1,196
138,5,7040,6,4058
138,5,7088,3,10809
138,5,7186,2,4873
138,5,7198,1,10600
138,5,7419,1,780
138,5,7439,2,2230
138,5,7472,2,1131
138,5,7488,1,5248
138,5,7510,6,56310
138,5,7518,2,1223
138,5,7618,10,3186
138,5,7632,1,2982
138,5,7743,13,16387
138,5,7759,5,4232
138,5,7802,4,4119
138,5,7928,1,607
138,5,7942,2,27341
138,5,7989,1,3636
138,5,8084,1,1921
138,5,8268,5,7881
138,5,8753,3,316
138,5,8813,4,1703
138,5,8962,19,40101
138,5,9036,3,5475
138,5,9059,2,3434
138,5,9198,4,6020
138,5,9259,1,277
138,5,9274,1,449
138,5,9424,1,1198
138,5,9614,1,20214
138,5,9629,2,18968
138,5,9815,2,4653
138,5,9884,5,2491
138,5,9915,1,30000
138,5,10109,2,3213
138,5,10175,1,2876
138,5,10202,2,2653
138,5,10384,2,10126
138,5,10427,1,14939
138,5,10544,2,30229
138,5,10649,4,6029
138,5,10664,3,12359
138,5,10725,1,738
138,5,10751,2,2017
138,5,10787,3,21700
138,5,10788,1,2131
138,5,10915,4,35789
138,5,10989,6,6385
138,5,11004,1,881
138,5,11030,6,8655
138,5,11086,1,1036
138,5,11110,7,39454
138,5,11118,1,3164
138,5,11125,8,28985
138,5,11142,1,6318
138,5,11155,3,149376
138,5,11241,3,5589
138,5,11290,6,8881
138,5,11308,6,7142
138,5,11320,1,5983
138,5,11362,1,3974
138,5,11374,1,2310
138,5,11492,2,1061
138,5,11523,1,166
138,5,11763,7,48724
138,5,11795,7,68903
138,5,11895,4,4639
138,5,12167,1,2328
138,5,12208,3,6612
138,5,12243,1,1918
138,5,12246,2,7081
138,5,12305,1,797
138,5,12341,14,17139
138,5,12380,1,447
138,5,12530,2,7486
138,5,12672,3,871
138,5,12715,1,77933
138,5,12748,2,45006
138,5,12798,3,786
138,5,12915,3,2793
138,5,13008,4,2897
138,5,13215,1,1300
138,5,13255,1,5000
138,5,13294,2,6237
139,5,2020,5,17825
139,5,2025,8,27838
139,5,2026,1,1560
139,5,2033,2,856
139,5,2034,8,9098
139,5,2037,3,5630
139,5,2038,4,69416
139,5,2049,1,3204
139,5,2077,11,11215
139,5,2087,4,16908
139,5,2090,2,6284
139,5,2114,1,6457
139,5,2119,3,14212
139,5,2122,3,52976
139,5,2126,1,4302
139,5,2128,8,39402
139,5,2140,1,1079
139,5,2159,7,46882
139,5,2184,6,6155
139,5,2185,4,13442
139,5,2186,4,30263
139,5,2188,1,574
139,5,2190,3,5329
139,5,2193,6,6884
139,5,2195,1,2788
139,5,2198,7,62658
139,5,2200,1,91
139,5,2206,1,1287
139,5,2211,3,10502
139,5,2212,1,453
139,5,2213,7,17574
139,5,2216,2,153782
139,5,2217,3,291497
139,5,2219,3,1737
139,5,2222,1,1310
139,5,2224,2,2799
139,5,2230,2,3897
139,5,2245,1,3379
139,5,2250,1,18122
139,5,2251,2,2492
139,5,2260,3,63568
139,5,2273,5,5028
139,5,2274,12,196575
139,5,2278,5,12897
139,5,2291,1,3654
139,5,2293,4,26968
139,5,2300,3,17287
139,5,2309,5,4818
139,5,2316,3,4520
139,5,2318,1,9789
139,5,2322,4,5667
139,5,2326,4,14564
139,5,2327,7,68488
139,5,2337,3,4105
139,5,2340,2,3297
139,5,2342,4,5287
139,5,2353,4,756
139,5,2359,4,15556
139,5,2363,2,3392
139,5,2372,1,4618
139,5,2385,5,10241
139,5,2421,2,1513
139,5,2425,4,4505
139,5,2428,6,50342
139,5,2429,3,4786
139,5,2434,7,45037
139,5,2439,1,806
139,5,2467,1,1372
139,5,2468,1,18896
139,5,2479,1,1352
139,5,2510,1,1339
139,5,2530,3,1336
139,5,2535,1,518
139,5,2538,19,108259
139,5,2539,6,19186
139,5,2541,4,1797
139,5,2544,2,1369
139,5,2548,3,2919
139,5,2572,1,3382
139,5,2586,1,9709
139,5,2588,1,165
139,5,2595,2,2216
139,5,2596,1,56014
139,5,2601,2,5404
139,5,2606,2,7201
139,5,2612,2,702
139,5,2726,4,11980
139,5,2757,2,1174
139,5,2787,1,793
139,5,2812,2,2755
139,5,2816,2,29196
139,5,2820,1,1111
139,5,2829,3,172102
139,5,2830,1,987
139,5,2843,4,825446
139,5,2868,6,4780
139,5,2898,1,403
139,5,2905,2,242987
139,5,2925,6,18017
139,5,2974,3,13091
139,5,3004,5,159379
139,5,3050,2,496
139,5,3061,1,35956
139,5,3066,4,3303
139,5,3098,3,156160
139,5,3112,1,881
139,5,3153,1,1854
139,5,3169,1,4120
139,5,3186,1,13557
139,5,3213,1,1411
139,5,3253,2,4399
139,5,3295,2,7941
139,5,3303,1,806
139,5,3309,3,4902
139,5,3327,7,15182
139,5,3334,1,518
139,5,3373,2,9386
139,5,3388,2,1068
139,5,3392,2,39930
139,5,3417,1,4080
139,5,3426,3,105109
139,5,3430,3,4468
139,5,3431,4,1260
139,5,3442,1,73502
139,5,3448,4,945
139,5,3451,1,1291
139,5,3456,1,2884
139,5,3483,4,21848
139,5,3497,2,4731
139,5,3535,1,268
139,5,3540,1,331
139,5,3551,5,3866
139,5,3572,4,6110
139,5,3580,1,1308
139,5,3583,1,690
139,5,3588,2,17656
139,5,3615,1,3654
139,5,3624,4,22296
139,5,3630,3,8529
139,5,3668,1,4364
139,5,3742,2,544
139,5,3750,2,6842
139,5,3780,1,673
139,5,3800,1,2576
139,5,3815,4,6485
139,5,3820,5,1423
139,5,3829,10,11979
139,5,3834,1,7092
139,5,3851,5,94874
139,5,3856,3,2886
139,5,3920,2,3409
139,5,4007,6,35260
139,5,4014,1,2195
139,5,4053,3,3994
139,5,4058,4,10064
139,5,4066,2,241582
139,5,4073,1,3217
139,5,4137,2,4846
139,5,4138,1,10438
139,5,4145,4,4331
139,5,4149,3,3350
139,5,4150,2,3229
139,5,4173,7,7493
139,5,4189,1,906
139,5,4199,5,349528
139,5,4202,4,17094
139,5,4211,2,2038
139,5,4251,1,495
139,5,4285,1,1937
139,5,4309,2,2025
139,5,4313,1,401
139,5,4316,1,24765
139,5,4326,1,3063
139,5,4332,2,2236
139,5,4365,1,1130
139,5,4427,4,17640
139,5,4431,1,402
139,5,4454,1,20144
139,5,4465,8,35578
139,5,4477,4,4955
139,5,4486,5,8961
139,5,4487,5,5083
139,5,4527,1,10945
139,5,4539,2,18490
139,5,4552,10,26011
139,5,4603,1,1061
139,5,4655,2,396
139,5,4668,4,3299
139,5,4702,3,949
139,5,4705,4,10336
139,5,4765,1,2903
139,5,4766,1,523
139,5,4780,1,8955
139,5,4793,3,1262
139,5,4804,1,62969
139,5,4840,4,2627
139,5,4850,4,3454
139,5,4856,2,30076
139,5,4913,2,741
139,5,4923,10,18004
139,5,4957,8,29540
139,5,4985,2,6607
139,5,5019,2,3618
139,5,5023,1,2197
139,5,5050,1,2199
139,5,5137,3,2147
139,5,5161,1,1130
139,5,5192,1,1566
139,5,5193,3,7094
139,5,5297,2,1782
139,5,5315,1,339
139,5,5367,1,1572
139,5,5415,1,78
139,5,5432,3,5531
139,5,5434,3,2140
139,5,5481,5,14452
139,5,5495,1,7622
139,5,5564,1,3695
139,5,5582,1,8753
139,5,5592,1,3056
139,5,5610,7,8277
139,5,5623,5,53681
139,5,5710,2,1311
139,5,5816,4,17846
139,5,5845,1,4616
139,5,5853,1,1000
139,5,5870,4,11943
139,5,5875,1,21731
139,5,5912,1,11170
139,5,5917,1,1848
139,5,5989,2,3624
139,5,6007,2,758
139,5,6016,2,382
139,5,6022,2,1031
139,5,6093,1,754
139,5,6127,1,399
139,5,6130,3,101371
139,5,6326,8,269305
139,5,6328,2,3675
139,5,6336,3,2814
139,5,6355,10,18045
139,5,6455,5,13164
139,5,6467,1,11507
139,5,6484,1,1059
139,5,6488,1,500
139,5,6540,3,7214
139,5,6574,2,2192
139,5,6735,1,2622
139,5,6861,2,24709
139,5,7040,7,10400
139,5,7088,3,15987
139,5,7139,1,2090
139,5,7186,3,5470
139,5,7418,1,2144
139,5,7439,1,3180
139,5,7472,3,915
139,5,7488,2,18518
139,5,7510,5,5519
139,5,7518,3,1461
139,5,7618,2,678
139,5,7632,3,16107
139,5,7743,9,7941
139,5,7759,3,6873
139,5,7802,2,2715
139,5,7928,1,10314
139,5,7942,1,454729
139,5,7988,2,1249
139,5,7989,1,510
139,5,8084,1,4491
139,5,8268,4,9155
139,5,8384,2,8043
139,5,8492,1,574
139,5,8753,4,7161
139,5,8800,3,10368
139,5,8962,27,59506
139,5,9059,2,9993
139,5,9147,1,20000
139,5,9259,1,17500
139,5,9380,3,1312
139,5,9424,2,1280
139,5,9629,2,5030
139,5,9670,2,37733
139,5,9691,3,3176
139,5,9815,5,50436
139,5,9884,9,4791
139,5,10042,1,419
139,5,10070,7,11729
139,5,10109,3,22774
139,5,10125,2,2242
139,5,10163,4,20798
139,5,10202,4,48331
139,5,10384,1,3530
139,5,10427,2,18002
139,5,10544,2,3848
139,5,10558,2,6242
139,5,10593,1,4475
139,5,10649,8,6604
139,5,10664,4,10215
139,5,10694,1,1645
139,5,10725,1,998
139,5,10787,5,9900
139,5,10915,1,14805
139,5,10989,3,579544
139,5,11030,4,8644
139,5,11110,1,196
139,5,11118,4,270686
139,5,11125,2,3218
139,5,11148,7,28647
139,5,11241,1,3525
139,5,11308,11,18563
139,5,11320,1,10545
139,5,11374,4,2903
139,5,11385,3,7455
139,5,11492,1,294
139,5,11498,2,600
139,5,11523,7,13359
139,5,11763,7,62360
139,5,11795,4,91808
139,5,12167,1,3030
139,5,12208,6,4205
139,5,12243,1,2858
139,5,12246,1,784
139,5,12254,1,632
139,5,12305,7,408676
139,5,12341,12,12898
139,5,12353,2,1000
139,5,12438,4,9407
139,5,12505,1,451
139,5,12530,3,6668
139,5,12542,2,13122
139,5,12614,1,4241
139,5,12672,2,1139
139,5,12748,1,1493
139,5,12798,5,3717
139,5,12805,6,66168
139,5,12874,1,132878
139,5,12915,3,10880
139,5,13008,5,13301
139,5,13109,3,6262
139,5,13215,3,7894
139,5,13292,1,355
139,5,13294,4,25443
139,5,13384,2,3877
139,5,13398,1,10000
140,5,1979,3,721
140,5,1990,2,92218
140,5,1992,7,7391
140,5,2020,6,6233
140,5,2025,9,41650
140,5,2026,3,7485
140,5,2033,5,15993
140,5,2034,6,21823
140,5,2036,5,3347
140,5,2037,9,4703
140,5,2038,2,6623
140,5,2043,10,16274
140,5,2048,1,497
140,5,2049,1,4502
140,5,2077,13,141749
140,5,2087,1,62577
140,5,2090,3,5358
140,5,2119,4,12950
140,5,2128,9,48674
140,5,2159,9,12619
140,5,2184,6,6043
140,5,2185,4,5038
140,5,2186,7,74015
140,5,2188,2,1142
140,5,2190,2,1848
140,5,2193,5,7822
140,5,2197,4,1813
140,5,2198,8,12188
140,5,2201,1,1639
140,5,2206,3,18559
140,5,2213,5,9240
140,5,2216,2,21589
140,5,2217,4,4547
140,5,2219,2,476
140,5,2222,2,2688
140,5,2224,1,3014
140,5,2227,3,4153
140,5,2230,3,58855
140,5,2235,1,565
140,5,2245,7,11581
140,5,2248,2,16245
140,5,2250,5,89633
140,5,2260,3,42583
140,5,2267,1,242
140,5,2273,1,6820
140,5,2278,4,15360
140,5,2282,1,352
140,5,2291,4,4884
140,5,2293,4,2567
140,5,2300,5,13585
140,5,2309,4,2799
140,5,2318,1,4653
140,5,2322,6,3393
140,5,2326,3,5771
140,5,2327,3,21359
140,5,2337,4,10188
140,5,2340,2,1020
140,5,2342,7,25368
140,5,2348,1,9590
140,5,2349,3,30404
140,5,2350,1,393
140,5,2359,8,97565
140,5,2363,6,11434
140,5,2378,7,19350
140,5,2382,1,10287
140,5,2385,10,48552
140,5,2389,2,1229
140,5,2425,4,85741
140,5,2428,8,1699367
140,5,2429,2,2466
140,5,2434,1,852734
140,5,2452,2,3758
140,5,2467,2,1644
140,5,2479,1,1406
140,5,2504,2,240720
140,5,2510,1,929
140,5,2530,1,5281
140,5,2535,2,2213
140,5,2538,1,300
140,5,2539,3,2022
140,5,2541,3,1944
140,5,2546,2,673
140,5,2548,3,2098
140,5,2564,1,1288
140,5,2567,1,1031
140,5,2572,1,49
140,5,2588,3,106623
140,5,2595,2,8125
140,5,2596,3,27751
140,5,2601,3,10141
140,5,2612,1,380
140,5,2620,5,63453
140,5,2639,1,15
140,5,2726,3,20837
140,5,2757,1,3499
140,5,2768,3,75886
140,5,2812,4,4303
140,5,2816,5,9586
140,5,2820,2,5394
140,5,2868,3,4633
140,5,2905,4,153532
140,5,2925,6,57601
140,5,2971,1,1238
140,5,3004,5,12911
140,5,3050,3,2681
140,5,3066,4,3487
140,5,3079,1,3650
140,5,3090,1,631
140,5,3098,1,1997
140,5,3153,1,14303
140,5,3156,2,1719
140,5,3169,2,5400
140,5,3186,1,42812
140,5,3210,8,36933
140,5,3253,1,1342
140,5,3273,1,8
140,5,3309,1,9005
140,5,3327,10,10170
140,5,3334,1,572
140,5,3336,2,9633
140,5,3386,1,572
140,5,3407,2,341
140,5,3417,1,10807
140,5,3426,3,45393
140,5,3431,2,586
140,5,3451,1,2136
140,5,3483,4,3726
140,5,3497,1,19801
140,5,3509,2,23768
140,5,3533,4,34060
140,5,3551,8,19530
140,5,3558,4,9491
140,5,3572,4,4576
140,5,3573,1,18953
140,5,3588,3,32454
140,5,3603,5,31933
140,5,3615,2,3828
140,5,3624,3,3528
140,5,3630,9,145965
140,5,3668,1,742
140,5,3742,3,17977
140,5,3750,2,969
140,5,3780,2,51178
140,5,3800,1,1584
140,5,3815,1,344
140,5,3829,12,20396
140,5,3834,1,9835
140,5,3847,1,2642
140,5,3856,1,578
140,5,3920,1,880
140,5,3938,2,5686
140,5,4007,4,17559
140,5,4014,1,12384
140,5,4053,1,142
140,5,4058,6,23819
140,5,4066,1,1249
140,5,4073,4,28320
140,5,4112,2,22914
140,5,4137,1,737
140,5,4138,3,160954
140,5,4145,6,6333
140,5,4149,4,2426
140,5,4150,3,1500
140,5,4173,12,17654
140,5,4199,4,12621
140,5,4202,1,3077
140,5,4211,1,56
140,5,4241,1,2442
140,5,4250,1,15252
140,5,4270,1,990
140,5,4285,4,3756
140,5,4309,4,22573
140,5,4316,3,10257
140,5,4332,1,1642
140,5,4365,4,9149
140,5,4427,3,31418
140,5,4454,4,18291
140,5,4465,9,14614
140,5,4477,10,6571
140,5,4486,1,1422
140,5,4487,3,1570
140,5,4527,1,36445
140,5,4539,2,560
140,5,4547,1,436
140,5,4548,3,23929
140,5,4555,3,4248
140,5,4564,1,647
140,5,4603,2,11934
140,5,4668,3,5150935
140,5,4702,3,2943
140,5,4705,3,68308
140,5,4766,2,5155
140,5,4780,2,5189
140,5,4782,4,5304
140,5,4783,2,678528
140,5,4804,1,3320
140,5,4821,1,10034
140,5,4840,4,6076
140,5,4850,2,626
140,5,4856,1,1519
140,5,4913,3,897
140,5,4923,3,12888
140,5,4957,3,5986
140,5,4985,2,4387
140,5,5019,4,17231
140,5,5023,3,5361
140,5,5049,3,8846
140,5,5086,11,4351
140,5,5092,3,2241
140,5,5137,1,671
140,5,5161,5,14180
140,5,5193,7,34535
140,5,5307,2,1717
140,5,5315,1,578
140,5,5367,3,8095
140,5,5372,2,863
140,5,5434,1,467
140,5,5436,3,7878
140,5,5481,3,5520
140,5,5491,1,4493
140,5,5592,1,18793
140,5,5610,14,11607
140,5,5623,6,43145
140,5,5710,2,1177
140,5,5748,2,1198
140,5,5816,1,1026
140,5,5870,3,1347
140,5,5917,2,28649
140,5,5979,2,63192
140,5,5989,1,3137
140,5,6007,1,245
140,5,6016,4,13041
140,5,6090,1,508
140,5,6093,2,1207
140,5,6123,1,2579
140,5,6127,1,571
140,5,6130,3,70660
140,5,6190,2,550
140,5,6254,1,1467
140,5,6326,5,13162
140,5,6328,2,4188
140,5,6330,1,1882
140,5,6336,1,1933
140,5,6355,5,18433
140,5,6455,13,120029
140,5,6540,5,2520
140,5,6569,3,3227
140,5,6630,1,1115
140,5,6642,1,14900
140,5,6735,3,3280
140,5,7008,3,29149
140,5,7040,9,14417
140,5,7088,4,13338
140,5,7186,3,2600
140,5,7418,1,1113
140,5,7439,1,4671
140,5,7472,1,489
140,5,7510,5,3927
140,5,7518,2,1808
140,5,7618,3,3744
140,5,7632,1,5110
140,5,7743,13,43008
140,5,7759,5,2702
140,5,7802,4,5111
140,5,7989,6,26950
140,5,8084,2,2823
140,5,8268,1,1827
140,5,8384,5,3380
140,5,8492,3,96716
140,5,8635,1,313
140,5,8733,1,980
140,5,8753,6,189253
140,5,8769,4,5473
140,5,8813,3,19164
140,5,8962,11,18417
140,5,9036,2,4240
140,5,9059,2,22067
140,5,9198,5,55704
140,5,9259,4,10438
140,5,9274,1,286
140,5,9380,1,56997
140,5,9424,1,1214
140,5,9575,1,123835
140,5,9612,1,1365
140,5,9629,1,279
140,5,9670,3,3824
140,5,9691,3,774
140,5,9815,1,10945
140,5,9884,5,2010
140,5,10042,2,1003
140,5,10070,5,136869
140,5,10109,2,5564
140,5,10202,6,32405
140,5,10235,1,3377
140,5,10427,2,17019
140,5,10529,1,2547
140,5,10544,1,790
140,5,10558,3,57420
140,5,10593,4,25561
140,5,10649,8,11569
140,5,10664,3,5346
140,5,10691,1,285
140,5,10694,1,7678
140,5,10731,1,1472
140,5,10787,3,6349
140,5,10850,1,4432
140,5,10915,1,8664
140,5,10989,4,600581
140,5,11004,1,1845
140,5,11030,5,13501
140,5,11110,5,8639
140,5,11118,1,6
140,5,11148,10,5317
140,5,11155,1,14667
140,5,11196,1,920
140,5,11241,1,1275
140,5,11255,2,2905
140,5,11279,1,27
140,5,11290,3,9296
140,5,11308,6,26796
140,5,11374,3,2618
140,5,11492,1,309
140,5,11498,2,600
140,5,11523,5,161017
140,5,11600,1,277
140,5,11763,2,20846
140,5,11795,3,3132
140,5,11807,3,127165
140,5,11814,2,303
140,5,11895,5,1449
140,5,12056,1,19351
140,5,12208,1,362
140,5,12246,7,37606
140,5,12305,5,217018
140,5,12341,1,91
140,5,12353,1,4646
140,5,12413,2,1689
140,5,12438,3,9325
140,5,12505,3,1967
140,5,12530,2,7331
140,5,12558,4,5881
140,5,12579,1,1068
140,5,12644,2,995168
140,5,12672,1,234
140,5,12748,5,13314
140,5,12798,5,8664
140,5,12805,2,2512
140,5,12874,2,248
140,5,12915,3,8449
140,5,13007,2,11694
140,5,13008,3,1573
140,5,13109,2,4246
140,5,13215,2,6304
140,5,13255,3,10515
140,5,13294,2,19213
140,5,13384,4,51703
140,5,13390,7,406303
140,5,13393,5,20112
140,5,13398,1,7000
140,5,13403,10,6955
140,5,13411,3,1769
140,5,13458,2,1387
140,5,13520,4,26772
140,5,13543,2,45452
141,5,1990,1,183
141,5,1992,1,2523
141,5,2020,3,7763
141,5,2025,7,822940
141,5,2026,6,18652
141,5,2033,3,16633
141,5,2034,5,2399
141,5,2036,3,6087
141,5,2037,1,551
141,5,2038,3,18604
141,5,2049,1,1159
141,5,2077,5,145421
141,5,2087,2,31778
141,5,2090,2,16579
141,5,2114,1,1323
141,5,2119,1,1996
141,5,2126,1,4150
141,5,2128,5,5528
141,5,2140,1,1072
141,5,2159,13,53959
141,5,2184,5,18903
141,5,2186,3,2363
141,5,2188,1,7284
141,5,2198,3,511033
141,5,2201,2,23434
141,5,2211,3,22580
141,5,2212,1,732
141,5,2213,2,2990
141,5,2217,2,957
141,5,2221,3,2900
141,5,2224,3,1418
141,5,2229,4,3184
141,5,2230,1,24966
141,5,2248,5,10253
141,5,2250,4,26470
141,5,2251,1,2184
141,5,2267,2,2435
141,5,2273,1,1685
141,5,2278,2,3735
141,5,2291,3,4420
141,5,2293,5,40922
141,5,2300,2,1886
141,5,2309,1,389
141,5,2318,4,5844
141,5,2322,3,13907
141,5,2326,1,9615
141,5,2327,3,5592
141,5,2337,3,7123
141,5,2340,1,1212
141,5,2341,1,1166
141,5,2349,1,3698
141,5,2359,2,5578
141,5,2371,1,2000
141,5,2378,7,10153
141,5,2385,1,1963
141,5,2389,1,2002
141,5,2421,1,522
141,5,2425,7,71673
141,5,2428,4,45099
141,5,2429,1,48
141,5,2439,1,2445
141,5,2452,4,12121
141,5,2467,1,4166
141,5,2530,2,8746
141,5,2535,1,24219
141,5,2538,1,300
141,5,2539,7,18686
141,5,2541,3,2969
141,5,2546,2,3375
141,5,2548,2,1753
141,5,2549,1,4092
141,5,2564,1,23768
141,5,2572,7,24781
141,5,2588,3,41250
141,5,2595,3,3781
141,5,2601,1,23764
141,5,2606,3,4423
141,5,2612,3,896
141,5,2620,7,27481
141,5,2639,3,4974
141,5,2665,3,16274
141,5,2687,1,3365
141,5,2693,7,129369
141,5,2726,9,122606
141,5,2734,1,8126
141,5,2768,3,14462
141,5,2812,1,1468
141,5,2816,3,4521
141,5,2820,2,650
141,5,2829,1,54500
141,5,2868,4,4716
141,5,2905,1,2989
141,5,2925,1,6798
141,5,2926,1,3660
141,5,2974,2,1334
141,5,3004,3,10842
141,5,3066,8,54509
141,5,3079,2,28950
141,5,3090,14,51222
141,5,3098,2,9600
141,5,3112,2,1788
141,5,3148,5,3190
141,5,3153,3,3080
141,5,3169,4,8753
141,5,3186,4,14473
141,5,3210,1,214
141,5,3213,1,753
141,5,3253,1,854
141,5,3295,2,1649
141,5,3309,2,5666
141,5,3327,6,20978
141,5,3336,3,52729
141,5,3392,1,19980
141,5,3422,1,6646
141,5,3426,1,11
141,5,3431,3,1397
141,5,3448,2,3556
141,5,3453,2,813
141,5,3455,1,1416
141,5,3497,1,2891
141,5,3502,1,2123
141,5,3518,1,102
141,5,3537,8,9052
141,5,3551,5,5729
141,5,3572,1,4910
141,5,3573,4,97893
141,5,3603,7,122821
141,5,3615,4,8556
141,5,3624,1,1155
141,5,3630,3,20412
141,5,3668,1,55364
141,5,3742,1,385
141,5,3750,2,925
141,5,3780,1,1504
141,5,3800,2,2974
141,5,3806,2,3923
141,5,3815,1,1416
141,5,3829,2,5850
141,5,3847,2,1714
141,5,3851,1,39508
141,5,3856,4,894
141,5,3969,1,847
141,5,4007,1,1766
141,5,4046,1,3116
141,5,4053,2,3202
141,5,4058,4,34029
141,5,4066,3,1627
141,5,4112,1,701
141,5,4137,1,1275
141,5,4138,1,10499
141,5,4150,2,1489
141,5,4173,7,20864
141,5,4189,3,2980
141,5,4199,6,23049
141,5,4202,1,1309
141,5,4254,1,396
141,5,4270,2,1182
141,5,4285,3,1330
141,5,4316,3,6430
141,5,4332,3,3625
141,5,4365,2,3292
141,5,4427,1,669
141,5,4454,2,832
141,5,4465,11,18250
141,5,4477,1,881
141,5,4487,1,579
141,5,4527,3,18003
141,5,4539,2,5214
141,5,4548,1,1303
141,5,4552,2,326
141,5,4564,2,9162
141,5,4642,3,333190
141,5,4655,4,62938
141,5,4668,4,125509
141,5,4673,1,5603
141,5,4702,1,8443
141,5,4705,5,3006
141,5,4840,8,27155
141,5,4850,2,581
141,5,4856,2,7468
141,5,4913,3,3128
141,5,4923,6,6490
141,5,4944,2,7629
141,5,4957,10,27417
141,5,4985,1,4073
141,5,5019,3,5645
141,5,5023,2,2329
141,5,5049,4,11739
141,5,5086,1,407
141,5,5092,1,1121
141,5,5137,3,2275
141,5,5161,4,10954
141,5,5193,9,20567
141,5,5307,1,661
141,5,5367,3,8241
141,5,5372,1,412
141,5,5434,8,9133
141,5,5436,1,31010
141,5,5481,1,1140
141,5,5582,3,15789
141,5,5610,3,14432
141,5,5623,1,8500
141,5,5710,3,2693
141,5,5748,3,2464
141,5,5870,1,15182
141,5,5912,3,26094
141,5,5917,1,1002
141,5,5979,2,133761
141,5,6016,1,474
141,5,6022,2,5031
141,5,6130,3,160139
141,5,6326,3,3901
141,5,6330,2,4407
141,5,6455,2,2578
141,5,6540,3,7673
141,5,6574,1,430
141,5,6717,3,7804
141,5,6735,1,1982
141,5,7008,10,9239
141,5,7040,10,21348
141,5,7088,7,17931
141,5,7186,3,2789
141,5,7418,1,3398
141,5,7472,2,1042
141,5,7488,1,1761
141,5,7510,3,4126
141,5,7518,1,16819
141,5,7618,2,2480
141,5,7632,1,401
141,5,7743,6,18569
141,5,7759,9,21129
141,5,7802,4,4396
141,5,7989,6,126708
141,5,8084,2,890
141,5,8268,4,5811
141,5,8492,1,113
141,5,8590,1,23205
141,5,8753,4,11418
141,5,8769,2,200
141,5,8800,1,86965
141,5,8813,3,1836
141,5,8962,1,309
141,5,9059,3,6190
141,5,9147,1,793
141,5,9259,1,171
141,5,9424,2,1291
141,5,9575,3,2644
141,5,9612,7,13791
141,5,9629,1,46943
141,5,9670,1,308
141,5,9884,3,1440
141,5,10042,1,5881
141,5,10070,2,220265
141,5,10109,3,14386
141,5,10202,3,368671
141,5,10544,4,4488
141,5,10558,4,1504
141,5,10613,1,322
141,5,10691,1,231
141,5,10694,2,3590
141,5,10751,3,2579
141,5,10915,1,6600
141,5,11004,1,569
141,5,11030,1,1237
141,5,11043,2,3325
141,5,11110,3,1492
141,5,11125,1,15785
141,5,11142,1,12957
141,5,11148,2,969
141,5,11155,3,4031
141,5,11196,2,472
141,5,11197,1,1220
141,5,11241,4,9106
141,5,11308,4,1922
141,5,11385,2,10298
141,5,11498,1,2168
141,5,11523,1,483
141,5,11763,2,15645
141,5,11795,3,1143
141,5,11814,1,495
141,5,11895,12,1939
141,5,12208,1,370
141,5,12243,2,2645
141,5,12246,3,4192
141,5,12254,2,2174
141,5,12305,7,39343
141,5,12337,2,1912
141,5,12353,1,867
141,5,12413,1,369
141,5,12438,2,2292
141,5,12505,3,6093
141,5,12530,2,4806
141,5,12542,3,6200
141,5,12558,2,2511
141,5,12614,1,5285
141,5,12748,2,1185
141,5,12798,6,8770
141,5,12805,5,10861
141,5,12851,2,4884
141,5,12874,5,13247
141,5,12915,1,817
141,5,13007,5,4909
141,5,13008,1,193
141,5,13110,1,21188
141,5,13215,4,10447
141,5,13294,1,10000
141,5,13384,2,3881
141,5,13388,3,5472
141,5,13390,8,81674
141,5,13398,2,18072
141,5,13403,4,1182
141,5,13497,2,3222
141,5,13520,4,26847
141,5,13605,2,3463
141,6,2020,2,9502
141,6,2026,2,15356
141,6,2034,3,10260
141,6,2036,5,31086
141,6,2038,4,14286
141,6,2049,1,11897
141,6,2087,4,170336
141,6,2128,4,13205
141,6,2159,3,7897
141,6,2184,1,2255
141,6,2206,3,2897
141,6,2213,1,139437
141,6,2217,1,5538
141,6,2222,1,4225
141,6,2227,1,1487
141,6,2245,4,18093
141,6,2248,1,3945
141,6,2250,3,36614
141,6,2251,3,7796
141,6,2260,1,3094
141,6,2293,6,15351
141,6,2300,1,15984
141,6,2304,2,152341
141,6,2309,1,39684
141,6,2341,2,6208
141,6,2349,3,26542
141,6,2359,6,65128
141,6,2378,1,500
141,6,2385,2,4920
141,6,2389,1,7583
141,6,2428,3,4015
141,6,2429,4,5675
141,6,2452,2,2844
141,6,2467,1,168756
141,6,2526,2,34463
141,6,2538,1,5000
141,6,2539,2,60882
141,6,2596,1,3358
141,6,2639,2,2416
141,6,2693,1,7234
141,6,2726,1,442
141,6,2812,1,299
141,6,2868,2,2763
141,6,2926,1,290
141,6,2974,1,1290
141,6,3004,6,29927
141,6,3090,2,691
141,6,3095,7,50228
141,6,3098,1,558
141,6,3112,2,1909
141,6,3156,2,909
141,6,3169,1,690
141,6,3188,4,5726
141,6,3327,3,1946
141,6,3336,2,2109
141,6,3392,1,19890
141,6,3417,2,3858
141,6,3422,1,6165
141,6,3431,1,123
141,6,3448,9,8619
141,6,3451,1,8291
141,6,3497,1,4538
141,6,3537,1,1024
141,6,3551,5,4573
141,6,3572,3,16122
141,6,3573,1,351
141,6,3624,1,2325
141,6,3630,4,38511
141,6,3668,2,84352
141,6,3750,1,1955
141,6,3829,4,14223
141,6,3851,2,13796
141,6,3920,1,550
141,6,3938,1,2999
141,6,4007,1,3360
141,6,4036,1,6932
141,6,4150,2,1292
141,6,4202,4,8260
141,6,4211,1,645
141,6,4309,1,307
141,6,4465,4,3921
141,6,4477,2,849
141,6,4487,7,9394
141,6,4527,8,24123
141,6,4552,1,753
141,6,4603,1,2540
141,6,4659,2,6472
141,6,4670,1,2197
141,6,4705,13,22804
141,6,4736,1,3523
141,6,4782,3,2221
141,6,4840,2,67551
141,6,4923,5,28053
141,6,4957,2,913
141,6,5367,2,3581
141,6,5432,1,900
141,6,5434,1,548
141,6,5481,1,4788
141,6,5495,2,17631
141,6,5548,2,13654
141,6,5592,2,12375
141,6,5610,3,10862
141,6,5623,1,8500
141,6,6007,1,2349
141,6,6093,5,24407
141,6,6127,1,139
141,6,6130,3,447274
141,6,6190,1,1499
141,6,6297,1,909
141,6,6326,4,12140
141,6,6540,1,30
141,6,6569,1,258
141,6,6735,3,4494
141,6,6853,2,502
141,6,6861,1,993
141,6,7008,1,163
141,6,7040,1,722
141,6,7186,1,371
141,6,7472,4,2291
141,6,7510,1,1901
141,6,7618,3,1659
141,6,7632,2,4842
141,6,7743,1,2776
141,6,7802,1,894
141,6,8084,2,2078
141,6,8268,1,143
141,6,8384,1,826
141,6,8962,1,400
141,6,9059,1,1695
141,6,9105,1,1894
141,6,9424,1,2758
141,6,9575,1,396
141,6,9629,2,4786
141,6,10042,1,250
141,6,10070,3,3992
141,6,10109,4,7685
141,6,10112,1,2500
141,6,10125,1,3535
141,6,10202,1,52943
141,6,10305,1,1224
141,6,10558,1,377
141,6,10649,2,15500
141,6,10664,9,67805
141,6,10787,3,4511
141,6,10915,1,14439
141,6,11030,4,7467
141,6,11125,1,4002
141,6,11155,6,1755
141,6,11196,1,2552
141,6,11255,3,235
141,6,11290,2,4890
141,6,11367,1,563
141,6,11492,2,3566
141,6,11523,2,863
141,6,11895,2,1657
141,6,12056,1,98237
141,6,12167,1,306
141,6,12413,5,2706
141,6,12438,1,1583
141,6,12530,1,3861
141,6,12558,3,7580
141,6,12579,2,1048
141,6,12805,1,306
141,6,13008,3,1349
141,6,13294,3,39484
141,6,13384,3,4359
141,6,13388,3,8593
141,6,13403,4,2620
141,6,13411,1,417
141,6,13413,1,1938
141,6,13520,2,23816
141,6,13562,1,1009
141,6,13640,1,17960
141,6,13677,18,19556
142,6,1992,3,5563
142,6,2020,3,11107
142,6,2025,6,47249
142,6,2026,7,53602
142,6,2034,3,3190
142,6,2036,6,9662
142,6,2037,1,4330
142,6,2038,2,7221
142,6,2049,2,14549
142,6,2077,2,16930
142,6,2087,6,10571
142,6,2090,4,5019
142,6,2119,3,25177
142,6,2122,1,6294
142,6,2128,4,100779
142,6,2159,10,29186
142,6,2184,3,3087
142,6,2186,3,31063
142,6,2188,2,9650
142,6,2190,4,10878
142,6,2193,4,11575
142,6,2197,2,2177
142,6,2198,5,3862
142,6,2201,4,11075
142,6,2206,3,22465
142,6,2211,1,5720
142,6,2212,5,2180
142,6,2213,7,83294
142,6,2217,4,15198
142,6,2219,2,1143
142,6,2222,1,28320
142,6,2224,2,3707
142,6,2230,2,5509
142,6,2235,1,1304
142,6,2245,2,2892
142,6,2248,3,7548
142,6,2250,4,13092
142,6,2251,4,3930
142,6,2267,2,1773
142,6,2278,5,5681
142,6,2291,1,1
142,6,2293,2,1447
142,6,2300,2,14234
142,6,2309,1,398
142,6,2316,1,6436
142,6,2318,2,1777
142,6,2320,1,4900
142,6,2322,4,12179
142,6,2326,3,10841
142,6,2327,8,114651
142,6,2337,3,1990
142,6,2340,1,88
142,6,2342,1,4146
142,6,2349,2,3666
142,6,2359,5,58416
142,6,2363,1,4913
142,6,2371,2,3400
142,6,2378,5,11631
142,6,2382,1,5914
142,6,2385,11,23009
142,6,2389,3,4791
142,6,2421,1,126
142,6,2428,10,49895
142,6,2429,1,1343
142,6,2452,1,2698
142,6,2467,1,3785
142,6,2468,4,4553
142,6,2535,7,12741
142,6,2536,1,11300
142,6,2538,4,22653
142,6,2539,6,15686
142,6,2541,3,9314
142,6,2546,3,1316
142,6,2563,1,309
142,6,2572,3,3192
142,6,2588,1,9001
142,6,2601,2,5139
142,6,2606,1,2095
142,6,2612,4,2572
142,6,2620,1,2230
142,6,2639,3,29100
142,6,2649,3,7906
142,6,2665,3,2309
142,6,2693,1,13861
142,6,2726,5,7650
142,6,2729,3,2284
142,6,2734,1,1042
142,6,2754,1,7079
142,6,2768,1,5032
142,6,2816,4,22661
142,6,2843,1,48000
142,6,2868,2,3768
142,6,2878,1,327
142,6,2881,1,326136
142,6,2905,1,5659
142,6,2974,1,1556
142,6,3004,1,137
142,6,3007,1,943
142,6,3050,2,1008
142,6,3061,1,4911
142,6,3066,4,11132
142,6,3079,3,6675
142,6,3080,1,830597
142,6,3090,8,11439
142,6,3095,2,8509
142,6,3147,6,16100
142,6,3148,3,2767
142,6,3153,1,4838
142,6,3169,5,7279
142,6,3186,2,142781
142,6,3188,2,2000
142,6,3210,3,14762
142,6,3213,1,2306
142,6,3253,1,2349
142,6,3273,1,521
142,6,3295,7,7041
142,6,3309,2,4023
142,6,3327,8,25134
142,6,3336,3,20354
142,6,3388,1,352
142,6,3407,1,1519
142,6,3426,2,765
142,6,3431,1,7
142,6,3442,4,345407
142,6,3448,3,2121
142,6,3453,2,993
142,6,3455,1,1171
142,6,3458,1,435
142,6,3497,2,4418
142,6,3510,1,6826
142,6,3518,1,166
142,6,3533,5,41055
142,6,3537,4,4470
142,6,3551,3,4499
142,6,3572,2,4456
142,6,3588,5,6964
142,6,3603,6,65860
142,6,3615,2,2848
142,6,3624,3,2088
142,6,3630,6,27946
142,6,3668,1,52228
142,6,3750,1,2571
142,6,3780,5,168736
142,6,3815,5,22927
142,6,3820,2,796
142,6,3829,2,4221
142,6,3842,1,14400
142,6,3847,1,411
142,6,3856,2,1229
142,6,3893,1,2566
142,6,3920,1,632
142,6,3938,3,9137
142,6,4007,7,4842
142,6,4053,3,161427
142,6,4058,2,56109
142,6,4066,2,376
142,6,4137,1,190
142,6,4145,3,2889
142,6,4149,5,4738
142,6,4173,7,12178
142,6,4199,2,6025
142,6,4265,2,502
142,6,4270,1,2420
142,6,4285,4,6698
142,6,4313,2,15922
142,6,4316,2,1870
142,6,4332,5,4408
142,6,4365,5,44657
142,6,4454,5,4702
142,6,4465,3,3100
142,6,4477,1,615
142,6,4487,3,3550
142,6,4527,7,26743
142,6,4539,2,9483
142,6,4548,1,743
142,6,4552,2,1273
142,6,4555,1,15163
142,6,4564,1,6230
142,6,4642,4,33039
142,6,4655,1,2810
142,6,4668,3,111340
142,6,4702,2,646
142,6,4705,6,8272
142,6,4723,1,597
142,6,4736,3,6699
142,6,4780,3,2084
142,6,4840,4,9784
142,6,4850,1,1425
142,6,4913,2,5776
142,6,4923,8,10706
142,6,4944,1,1305
142,6,4985,3,10571
142,6,5019,3,4200
142,6,5049,1,2984
142,6,5086,1,30
142,6,5137,2,1398
142,6,5161,9,22928
142,6,5193,12,29084
142,6,5297,1,459
142,6,5307,2,16087
142,6,5315,5,12832
142,6,5367,8,14614
142,6,5432,6,4087
142,6,5434,8,61479
142,6,5481,1,2378
142,6,5582,2,7881
142,6,5592,2,27572
142,6,5610,4,5734
142,6,5623,2,58155
142,6,5684,1,643
142,6,5710,5,5684
142,6,5748,2,416
142,6,5816,1,1138
142,6,5870,3,13948
142,6,5912,1,783
142,6,5989,1,3642
142,6,6016,7,1804
142,6,6036,1,9900
142,6,6090,1,3477
142,6,6093,2,2315
142,6,6130,2,31838
142,6,6217,1,275032
142,6,6223,1,270
142,6,6297,1,449
142,6,6320,1,2239
142,6,6326,1,3381
142,6,6330,2,22225
142,6,6336,4,1777
142,6,6455,2,162347
142,6,6478,1,11977
142,6,6688,1,172395
142,6,6717,4,2457
142,6,6735,2,1492
142,6,6804,1,1507
142,6,6853,4,2002
142,6,6925,2,224
142,6,7008,8,13631
142,6,7040,15,39344
142,6,7088,9,24458
142,6,7186,2,7331
142,6,7472,2,899
142,6,7488,2,35320
142,6,7510,3,2600
142,6,7518,1,718
142,6,7618,1,165
142,6,7632,1,11154
142,6,7743,8,12595
142,6,7759,1,695
142,6,7802,1,1038
142,6,7989,2,10076
142,6,8084,2,48329
142,6,8384,1,806
142,6,8457,5,5836
142,6,8492,2,2160
142,6,8590,1,3108
142,6,8635,1,871
142,6,8753,1,830
142,6,8769,4,11133
142,6,8800,2,2657
142,6,8813,5,4132
142,6,8962,4,3689
142,6,9036,3,3498
142,6,9059,2,5521
142,6,9105,1,1894
142,6,9139,1,1412
142,6,9147,1,1069
142,6,9259,1,1253
142,6,9380,3,137674
142,6,9575,3,24818
142,6,9612,3,8092
142,6,9670,4,3260
142,6,9691,1,396
142,6,9884,5,13386
142,6,10023,1,3680
142,6,10042,3,5722
142,6,10070,3,405680
142,6,10109,1,1254
142,6,10163,3,3900
142,6,10175,2,1114
142,6,10202,2,7853
142,6,10235,1,5720
142,6,10384,1,13886
142,6,10427,5,40486
142,6,10558,1,760
142,6,10593,2,7371
142,6,10649,1,1483
142,6,10664,2,5992
142,6,10694,1,577
142,6,10731,1,2476
142,6,10751,2,1614
142,6,10787,1,2030
142,6,10850,1,791
142,6,10915,1,2599
142,6,11030,4,436686
142,6,11110,7,16255
142,6,11148,1,640
142,6,11197,2,4539
142,6,11241,3,150736
142,6,11290,4,5420
142,6,11308,8,6859
142,6,11362,2,2959
142,6,11374,3,3451
142,6,11385,1,3348
142,6,11492,1,815
142,6,11763,3,20515
142,6,11795,6,78122
142,6,11872,1,616
142,6,11895,13,2725
142,6,12246,2,4471
142,6,12305,2,8428
142,6,12341,1,541
142,6,12438,5,13288
142,6,12505,1,669
142,6,12530,1,1883
142,6,12558,1,1931
142,6,12579,2,1840
142,6,12614,2,21130
142,6,12672,1,225
142,6,12748,2,1725
142,6,12798,6,7561
142,6,12805,5,7047
142,6,12915,3,5570
142,6,12982,1,2000
142,6,13007,7,26787
142,6,13008,1,193
142,6,13109,1,1483
142,6,13215,2,210237
142,6,13255,2,6627
142,6,13292,2,2135
142,6,13384,2,12915
142,6,13388,1,1416
142,6,13389,1,100
142,6,13398,1,10830
142,6,13403,8,2938
142,6,13413,2,5957
142,6,13520,2,10695
142,6,13543,1,392
142,6,13562,1,1624
142,6,13605,2,8784
142,6,13640,2,6175
142,6,13677,2,3030
142,6,13697,1,700
142,6,13773,1,1256
142,7,1990,1,4766
142,7,1992,1,495
142,7,2034,4,7042
142,7,2036,3,11306
142,7,2128,1,1165
142,7,2184,1,120056
142,7,2188,1,18935
142,7,2193,3,6077
142,7,2197,1,734
142,7,2211,1,5369
142,7,2212,1,466
142,7,2226,1,999
142,7,2245,4,20461
142,7,2250,1,7289
142,7,2251,2,1054
142,7,2260,2,3162
142,7,2291,2,4731
142,7,2293,2,1052
142,7,2300,1,5357
142,7,2309,2,3341
142,7,2341,1,1301
142,7,2349,3,4446
142,7,2359,1,275032
142,7,2382,1,3685
142,7,2385,1,2165
142,7,2421,2,2403
142,7,2425,1,2553
142,7,2428,2,4018
142,7,2429,2,12218
142,7,2538,1,8627
142,7,2541,1,313
142,7,2548,1,675
142,7,2588,2,23333
142,7,2693,1,3163
142,7,2816,1,37565
142,7,2868,1,275
142,7,3090,1,477
142,7,3095,2,7898
142,7,3156,1,606
142,7,3186,1,1944
142,7,3188,4,2278
142,7,3210,1,12484
142,7,3417,2,1680
142,7,3431,1,1740
142,7,3448,2,4603
142,7,3458,1,250
142,7,3551,4,8478
142,7,3572,2,11276
142,7,3615,3,525
142,7,3630,3,8976
142,7,3750,1,148
142,7,3829,1,597
142,7,3851,1,2888
142,7,3920,2,650
142,7,4035,1,157
142,7,4112,2,11195
142,7,4138,1,6840
142,7,4150,2,1083
142,7,4173,2,3557
142,7,4199,1,2349
142,7,4202,2,2059
142,7,4365,1,1318
142,7,4454,1,148
142,7,4458,1,2700
142,7,4465,3,3110
142,7,4477,1,3430
142,7,4527,3,21291
142,7,4539,1,393
142,7,4642,1,250
142,7,4670,4,39662
142,7,4736,1,322
142,7,4782,1,2110
142,7,4821,2,35335
142,7,5367,4,67783
142,7,5432,1,673
142,7,5481,2,95586
142,7,5495,1,1999
142,7,5592,1,4546
142,7,5610,1,2799
142,7,5870,1,1590
142,7,5917,1,1115
142,7,6093,2,8389
142,7,6127,2,1879
142,7,6326,1,4648
142,7,6448,1,19900
142,7,6735,1,390
142,7,6861,1,204
142,7,7040,5,4015
142,7,7472,2,317
142,7,7632,2,4169
142,7,7743,2,2127
142,7,7802,1,27
142,7,8084,1,49637
142,7,8492,1,5347
142,7,8753,1,771
142,7,8962,2,1939
142,7,9036,3,1338
142,7,9380,5,361459
142,7,10070,3,3954
142,7,10125,1,544
142,7,10202,2,8526
142,7,10427,3,20830
142,7,10558,1,192
142,7,10649,1,2597
142,7,10664,2,15111
142,7,10787,2,2369
142,7,10915,2,19638
142,7,11030,2,431942
142,7,11148,1,4661
142,7,11308,1,60943
142,7,11362,1,593
142,7,11492,3,665
142,7,11523,1,266
142,7,11807,1,2552
142,7,11872,1,157
142,7,12243,1,1480
142,7,12337,1,601
142,7,12413,7,412
142,7,12438,1,166
142,7,12579,1,6217
142,7,12608,1,224
142,7,12624,1,3140
142,7,12748,2,1412
142,7,12805,1,400
142,7,12851,1,300
142,7,12874,1,212
142,7,13384,3,4878
142,7,13388,1,237
142,7,13389,4,12483
142,7,13543,1,17195
142,7,13677,6,12166
142,7,13775,1,11
143,7,1990,6,3779
143,7,1992,3,3004
143,7,2025,7,11163
143,7,2026,1,2422
143,7,2033,5,1508513
143,7,2034,3,6350
143,7,2043,4,9887
143,7,2077,4,3844
143,7,2087,2,3889
143,7,2119,2,807
143,7,2122,1,27345
143,7,2159,9,12592
143,7,2184,2,151735
143,7,2185,2,2282
143,7,2186,1,549
143,7,2188,7,11539
143,7,2193,2,1175
143,7,2195,1,1554
143,7,2197,6,6641
143,7,2198,4,139823
143,7,2201,2,2238
143,7,2206,5,19753
143,7,2212,5,2694
143,7,2213,8,10824
143,7,2216,1,2315
143,7,2217,2,1478
143,7,2219,6,14417
143,7,2224,1,506
143,7,2225,1,2848
143,7,2229,4,7430
143,7,2230,1,618
143,7,2235,1,16129
143,7,2246,3,404148
143,7,2250,5,23991
143,7,2251,1,2098
143,7,2260,3,11689
143,7,2265,1,285
143,7,2267,1,198
143,7,2273,2,1692
143,7,2274,2,30594
143,7,2278,5,18294
143,7,2291,3,9072
143,7,2300,2,6513
143,7,2304,1,1326
143,7,2318,3,22997
143,7,2322,6,9123
143,7,2326,3,10175
143,7,2327,6,16589
143,7,2337,1,664
143,7,2340,1,463
143,7,2342,3,5070
143,7,2359,1,2723
143,7,2363,1,776
143,7,2378,13,28450
143,7,2385,3,3781
143,7,2389,1,1364
143,7,2425,3,11883
143,7,2428,13,22786
143,7,2434,1,505372
143,7,2439,1,309
143,7,2452,2,1029
143,7,2456,9,58552
143,7,2468,3,5010
143,7,2526,1,686
143,7,2538,2,22100
143,7,2539,8,6856
143,7,2541,2,5026
143,7,2546,5,2284
143,7,2548,5,2271
143,7,2572,1,4951
143,7,2588,6,11567
143,7,2595,1,96332
143,7,2606,2,2619
143,7,2612,1,475
143,7,2639,4,10591
143,7,2649,3,12281
143,7,2665,1,369
143,7,2726,12,94112
143,7,2734,7,15152
143,7,2757,1,276
143,7,2768,1,1011
143,7,2772,1,6156
143,7,2812,1,840
143,7,2816,7,313687
143,7,2830,1,1135
143,7,2868,2,1039
143,7,2878,3,989
143,7,2905,1,960
143,7,2925,2,7739
143,7,2974,3,9349
143,7,3004,4,5993
143,7,3050,3,771
143,7,3061,1,104
143,7,3066,7,3110
143,7,3090,1,13
143,7,3147,6,10688
143,7,3148,4,31740
143,7,3153,1,1433
143,7,3169,7,7975
143,7,3186,8,11509
143,7,3188,1,614
143,7,3253,1,1647
143,7,3295,4,3785
143,7,3309,7,7530
143,7,3327,10,10759
143,7,3336,2,55942
143,7,3388,1,360
143,7,3407,1,193
143,7,3422,1,148
143,7,3426,2,3857
143,7,3429,1,91
143,7,3448,3,1340
143,7,3453,2,103722
143,7,3483,10,39395
143,7,3537,3,6445
143,7,3551,3,11394
143,7,3556,1,3589
143,7,3558,5,9722
143,7,3572,2,96614
143,7,3588,4,52467
143,7,3603,1,6293
143,7,3615,6,20715
143,7,3624,2,1956
143,7,3630,1,6804
143,7,3742,1,37897
143,7,3750,3,22365
143,7,3780,5,8699
143,7,3799,3,8087
143,7,3800,2,786
143,7,3806,1,25
143,7,3814,5,13956
143,7,3815,3,147
143,7,3820,3,1941
143,7,3829,2,3016
143,7,3834,1,1296
143,7,3847,1,693
143,7,3856,3,724
143,7,3920,1,1444
143,7,3938,1,2993
143,7,4007,3,4539
143,7,4035,1,1147
143,7,4058,1,126
143,7,4066,1,789
143,7,4073,1,393
143,7,4112,2,3371
143,7,4137,6,5264
143,7,4145,1,258
143,7,4150,2,2476
143,7,4173,2,4406
143,7,4199,5,118149
143,7,4202,1,2557
143,7,4211,2,1801
143,7,4267,1,30
143,7,4270,1,1126
143,7,4285,4,26143
143,7,4313,2,15846
143,7,4316,5,7981
143,7,4332,4,3247
143,7,4402,1,1030
143,7,4454,6,3465
143,7,4458,11,24295
143,7,4465,8,8800
143,7,4477,2,3275
143,7,4486,1,2800
143,7,4487,4,3535
143,7,4527,2,15469
143,7,4539,1,725
143,7,4548,2,3549
143,7,4555,1,1172
143,7,4642,3,4747
143,7,4655,1,261
143,7,4668,6,42624
143,7,4673,2,3206
143,7,4702,3,894
143,7,4782,1,841
143,7,4840,3,4767
143,7,4850,2,2172
143,7,4856,1,631
143,7,4923,6,8079
143,7,4947,1,5298
143,7,4970,1,2102
143,7,4992,2,2522
143,7,5019,3,2633
143,7,5023,1,307
143,7,5049,3,7153
143,7,5086,3,913
143,7,5137,2,1264
143,7,5161,7,17228
143,7,5193,4,3937
143,7,5234,1,753
143,7,5297,1,459
143,7,5307,1,21590
143,7,5367,4,56792
143,7,5372,5,15689
143,7,5432,6,3050
143,7,5434,3,1485
143,7,5436,1,21440
143,7,5461,1,103137
143,7,5481,2,21947
143,7,5564,1,3194
143,7,5582,1,1817
143,7,5610,3,6578
143,7,5623,2,9247
143,7,5703,1,15
143,7,5710,3,1381
143,7,5816,2,4937
143,7,5870,4,5677
143,7,5912,1,11535
143,7,5989,1,1873
143,7,6007,1,1340
143,7,6016,1,350
143,7,6090,2,742
143,7,6093,3,3552
143,7,6130,2,412650
143,7,6215,1,25
143,7,6326,1,1488
143,7,6336,2,1944
143,7,6455,8,14828
143,7,6540,2,156
143,7,6717,1,367
143,7,6804,1,624
143,7,6838,1,437
143,7,6974,6,5534
143,7,7008,6,8265
143,7,7040,1,388
143,7,7067,1,1733
143,7,7088,5,22243
143,7,7176,1,1000
143,7,7186,4,5844
143,7,7198,1,5300
143,7,7418,1,4144
143,7,7439,1,5269
143,7,7472,2,697
143,7,7510,4,22500
143,7,7618,4,471
143,7,7632,2,20258
143,7,7743,11,8570
143,7,7759,7,8954
143,7,7802,3,784
143,7,7989,3,7334
143,7,8268,1,4450
143,7,8384,1,5786
143,7,8457,5,7681
143,7,8635,3,126870
143,7,8753,1,1671
143,7,8769,3,2874
143,7,8800,2,9712
143,7,8813,7,9314
143,7,8962,4,6215
143,7,9059,3,14316
143,7,9105,1,1894
143,7,9147,3,7486
143,7,9259,1,146
143,7,9380,1,5365
143,7,9424,2,151
143,7,9575,3,1776
143,7,9612,2,1653
143,7,9670,4,1041
143,7,9815,1,402
143,7,9884,6,152121
143,7,10042,6,17676
143,7,10070,1,164
143,7,10109,2,8095
143,7,10163,1,1678
143,7,10202,2,8041
143,7,10305,1,1425
143,7,10362,1,37189
143,7,10427,3,77599
143,7,10530,7,30172
143,7,10544,3,3630
143,7,10593,3,12341
143,7,10649,1,11108
143,7,10664,1,4734
143,7,10694,4,3178
143,7,10725,1,1190
143,7,10751,1,7209
143,7,10787,1,451
143,7,10788,1,3448
143,7,10850,1,1187
143,7,11004,3,6310
143,7,11030,2,7562
143,7,11043,2,557
143,7,11084,5,5105
143,7,11110,8,46296
143,7,11241,6,6097
143,7,11255,2,14264
143,7,11290,1,4743
143,7,11308,5,75374
143,7,11374,1,912
143,7,11600,2,436
143,7,11763,1,2390
143,7,11795,8,78131
143,7,11895,3,1119
143,7,12167,1,1522
143,7,12208,1,179
143,7,12246,4,24449
143,7,12305,3,18446
143,7,12337,1,1000
143,7,12438,4,12226
143,7,12457,1,3415
143,7,12479,4,32250
143,7,12530,3,8649
143,7,12558,5,59317
143,7,12579,3,15880
143,7,12624,1,1720
143,7,12672,3,1421
143,7,12748,2,1704
143,7,12798,6,3532
143,7,12805,2,10254
143,7,12809,1,1200
143,7,12834,2,28940
143,7,12915,2,3421
143,7,12982,3,4323
143,7,13007,5,10813
143,7,13109,2,147191
143,7,13215,5,8060
143,7,13292,1,302
143,7,13320,2,2692
143,7,13384,1,590
143,7,13388,2,1701
143,7,13389,1,385
143,7,13390,2,34434
143,7,13398,3,22666
143,7,13403,1,483
143,7,13413,2,2184
143,7,13520,3,18433
143,7,13677,8,10010
143,7,13697,2,6929
143,7,13777,1,26324
143,7,13807,1,575
143,7,13839,1,15
143,7,13856,1,1545
143,7,13876,2,3053
143,7,13935,1,4361
143,8,1992,1,1373
143,8,2159,1,1158
143,8,2211,1,2137
143,8,2341,1,796
143,8,2378,1,1196
143,8,3742,1,14201
143,8,4138,1,1755
143,8,4458,1,475
143,8,4465,1,1200
143,8,4705,2,1952
143,8,4947,1,10593
143,8,5481,1,205
143,8,6130,2,274
143,8,7743,1,1022
143,8,8962,1,2827
143,8,12748,1,125
143,9,1990,1,250
143,9,2020,2,3170
143,9,2025,3,123507
143,9,2026,1,3218
143,9,2033,1,676
143,9,2034,1,1180
143,9,2038,3,33150
143,9,2184,1,845
143,9,2185,2,5253
143,9,2186,1,229
143,9,2193,3,3773
143,9,2211,1,81
143,9,2212,1,600
143,9,2213,1,440
143,9,2219,2,369
143,9,2222,1,8502
143,9,2245,3,17761
143,9,2248,1,1413
143,9,2250,1,4936
143,9,2251,2,1799
143,9,2273,1,1418
143,9,2318,1,135165
143,9,2337,1,250
143,9,2340,3,24620
143,9,2349,3,5393
143,9,2385,3,4800
143,9,2428,7,57657
143,9,2429,2,2691
143,9,2452,1,401
143,9,2535,1,1853
143,9,2541,1,148
143,9,2601,1,2455
143,9,2639,1,5574
143,9,2693,1,152563
143,9,2726,1,30876
143,9,2816,1,571
143,9,2881,1,138993
143,9,3004,1,13724
143,9,3050,1,2718
143,9,3079,1,237
143,9,3112,1,777
143,9,3392,1,19970
143,9,3417,1,1014
143,9,3431,2,3016
143,9,3458,1,250
143,9,3551,4,3469
143,9,3572,3,21531
143,9,3630,2,49515
143,9,3742,3,2097
143,9,3750,1,696
143,9,3815,5,5810
143,9,3829,1,4621
143,9,3938,1,2704
143,9,4046,2,2986
143,9,4058,1,3164
143,9,4112,1,2385
143,9,4137,1,561
143,9,4145,1,6000
143,9,4150,2,1098
143,9,4199,3,2034
143,9,4250,1,833
143,9,4285,1,250
143,9,4309,3,3119
143,9,4402,1,1293
143,9,4458,3,7302
143,9,4465,2,2800
143,9,4477,7,22670
143,9,4487,1,275
143,9,4527,6,29197
143,9,4539,1,393
143,9,4603,1,61462
143,9,4642,1,324
143,9,4668,1,4591
143,9,4705,1,401
143,9,4782,1,281
143,9,4913,1,249
143,9,4923,1,7212
143,9,5288,1,6941
143,9,5367,1,500
143,9,5372,4,3549
143,9,5432,1,553
143,9,5481,1,2504
143,9,5610,1,4218
143,9,5623,1,8500
143,9,5816,1,1537
143,9,5845,1,9578
143,9,5989,1,4178
143,9,6093,2,6766
143,9,6127,2,1008
143,9,6130,1,18482
143,9,6326,3,5422
143,9,6336,1,1089
143,9,6394,1,9383
143,9,6735,4,6684
143,9,7472,3,807
143,9,7510,1,1500
143,9,7632,1,2973
143,9,7743,3,1503
143,9,7759,1,335
143,9,8073,1,336
143,9,8084,2,3470
143,9,8384,3,6327
143,9,8733,1,3109
143,9,8962,1,585
143,9,9139,2,8548
143,9,9424,3,5202
143,9,9575,1,522
143,9,9815,2,622
143,9,10070,4,2255
143,9,10125,2,3325
143,9,10163,1,4960
143,9,10427,1,8333
143,9,10530,1,1577
143,9,10558,1,76
143,9,10787,3,4028
143,9,10788,1,141
143,9,11030,5,21169
143,9,11084,9,23243
143,9,11110,1,530
143,9,11255,4,14860
143,9,11308,1,250
143,9,11492,1,835
143,9,11523,1,166
143,9,11872,1,451
143,9,12243,2,227066
143,9,12413,4,2181
143,9,12438,1,173
143,9,12457,1,258
143,9,12479,1,1733
143,9,12654,1,171
143,9,12748,1,1412
143,9,12805,1,148
143,9,13292,3,1485
143,9,13294,1,797
143,9,13384,2,4407
143,9,13388,5,9664
143,9,13389,2,1067
143,9,13490,2,734
143,9,13520,3,10510
143,9,13543,1,10631
143,9,13605,1,266
143,9,13677,12,31072
143,9,13876,1,661
143,9,13898,1,2647
