wallet,created_ts,factory
0,1778856904,0
1,1778856995,0
2,1778857004,0
3,1778857012,0
4,1778857022,0
5,1778857030,0
6,1778857039,0
7,1778857046,0
8,1778857069,0
9,1778857095,0
10,1778857102,0
11,1778857109,0
12,1778857118,0
13,1778857124,0
14,1778857128,0
15,1778857133,0
16,1778857137,0
17,1778857143,0
18,1778857151,0
19,1778857160,0
20,1778857168,0
21,1778857170,0
22,1778857189,0
23,1778857202,0
24,1778857219,0
25,1778857237,0
26,1778857250,0
27,1778857254,0
28,1778857258,0
29,1778857267,0
30,1778857273,0
31,1778857279,0
32,1778857285,0
33,1778857289,0
34,1778857308,0
35,1778857316,0
36,1778857326,0
37,1778857333,0
38,1778857448,0
39,1778857484,0
40,1778857700,0
41,1778857706,0
42,1778857714,0
43,1778857724,0
44,1778857731,0
45,1778857741,0
46,1778857748,0
47,1778857769,0
48,1778857795,0
49,1778857805,0
50,1778857813,0
51,1778857824,0
52,1778857829,0
53,1778857833,0
54,1778857836,0
55,1778857841,0
56,1778857847,0
57,1778857857,0
58,1778857867,0
59,1778857872,0
60,1778857879,0
61,1778857895,0
62,1778857906,0
63,1778857920,0
64,1778857939,0
65,1778857950,0
66,1778857954,0
67,1778857958,0
68,1778857967,0
69,1778857973,0
70,1778857979,0
71,1778857988,0
72,1778858008,0
73,1778858015,0
74,1778858024,0
75,1778858031,0
76,1778858262,0
77,1778858771,0
78,1778858874,0
79,1778858883,0
80,1778858891,0
81,1778858895,0
82,1778858902,0
83,1778858913,0
84,1778858923,0
85,1778858930,0
86,1778858954,0
87,1778858979,0
88,1778858987,0
89,1778858995,0
90,1778859005,0
91,1778859010,0
92,1778859015,0
93,1778859020,0
94,1778859024,0
95,1778859029,0
96,1778859037,0
97,1778859046,0
98,1778859051,0
99,1778859056,0
100,1778859075,0
101,1778859088,0
102,1778859099,0
103,1778859116,0
104,1778859125,0
105,1778859129,0
106,1778859133,0
107,1778859142,0
108,1778859148,0
109,1778859156,0
110,1778859165,0
111,1778859185,0
112,1778859193,0
113,1778859203,0
114,1778859210,0
115,1778859760,0
116,1778859765,0
117,1778859769,0
118,1778859776,0
119,1778859795,0
120,1778860345,0
121,1778860353,0
122,1778860361,0
123,1778860372,0
124,1778860380,0
125,1778860383,0
126,1778860390,0
127,1778860412,0
128,1778860438,0
129,1778860447,0
130,1778860456,0
131,1778860467,0
132,1778860472,0
133,1778860477,0
134,1778860482,0
135,1778860486,0
136,1778860492,0
137,1778860502,0
138,1778860512,0
139,1778860520,0
140,1778860522,0
141,1778860536,0
142,1778860547,0
143,1778860560,0
144,1778860577,0
145,1778860586,0
146,1778860591,0
147,1778860595,0
148,1778860614,0
149,1778860620,0
150,1778860626,0
151,1778860635,0
152,1778860656,0
153,1778860662,0
154,1778860672,0
155,1778860680,0
156,1778860798,0
157,1778860806,0
158,1778860814,0
159,1778860824,0
160,1778860832,0
161,1778860843,0
162,1778860851,0
163,1778860873,0
164,1778860899,0
165,1778860907,0
166,1778860915,0
167,1778860926,0
168,1778860933,0
169,1778860938,0
170,1778860942,0
171,1778860950,0
172,1778860955,0
173,1778860964,0
174,1778860978,0
175,1778860983,0
176,1778860987,0
177,1778861002,0
178,1778861035,0
179,1778861050,0
180,1778861068,0
181,1778861078,0
182,1778861082,0
183,1778861088,0
184,1778861108,0
185,1778861116,0
186,1778861124,0
187,1778861136,0
188,1778861159,0
189,1778861167,0
190,1778861179,0
191,1778861188,0
192,1778861462,0
193,1778861469,0
194,1778861476,0
195,1778861486,0
196,1778861494,0
197,1778861503,0
198,1778861511,0
199,1778861533,0
200,1778861563,0
201,1778861572,0
202,1778861577,0
203,1778861587,0
204,1778861592,0
205,1778861597,0
206,1778861600,0
207,1778861604,0
208,1778861609,0
209,1778861617,0
210,1778861627,0
211,1778861631,0
212,1778861637,0
213,1778861652,0
214,1778861692,0
215,1778861708,0
216,1778861727,0
217,1778861736,0
218,1778861740,0
219,1778861745,0
220,1778861754,0
221,1778861758,0
222,1778861765,0
223,1778861774,0
224,1778861801,0
225,1778861808,0
226,1778861816,0
227,1778861825,0
228,1778862504,0
229,1778862517,0
230,1778862524,0
231,1778862535,0
232,1778862544,0
233,1778862553,0
234,1778862560,0
235,1778862584,0
236,1778862611,0
237,1778862623,0
238,1778862633,0
239,1778862645,0
240,1778862651,0
241,1778862656,0
242,1778862661,0
243,1778862667,0
244,1778862672,0
245,1778862683,0
246,1778862696,0
247,1778862701,0
248,1778862706,0
249,1778862729,0
250,1778862758,0
251,1778862773,0
252,1778862793,0
253,1778862806,0
254,1778862810,0
255,1778862815,0
256,1778862826,0
257,1778862837,0
258,1778862847,0
259,1778862856,0
260,1778862879,0
261,1778862887,0
262,1778862900,0
263,1778862907,0
264,1778863052,0
265,1778863060,0
266,1778863068,0
267,1778863077,0
268,1778863084,0
269,1778863092,0
270,1778863098,0
271,1778863120,0
272,1778863145,0
273,1778863155,0
274,1778863163,0
275,1778863172,0
276,1778863177,0
277,1778863181,0
278,1778863185,0
279,1778863190,0
280,1778863197,0
281,1778863207,0
282,1778863217,0
283,1778863221,0
284,1778863227,0
285,1778863243,0
286,1778863272,0
287,1778863288,0
288,1778863341,0
289,1778863349,0
290,1778863358,0
291,1778863367,0
292,1778863374,0
293,1778863382,0
294,1778863391,0
295,1778863414,0
296,1778863440,0
297,1778863447,0
298,1778863453,0
299,1778863462,0
300,1778863466,0
301,1778863471,0
302,1778863476,0
303,1778863481,0
304,1778863486,0
305,1778863494,0
306,1778863503,0
307,1778863508,0
308,1778863513,0
309,1778863528,0
310,1778863557,0
311,1778863572,0
312,1778863592,0
313,1778863600,0
314,1778863605,0
315,1778863612,0
316,1778863623,0
317,1778863632,0
318,1778863642,0
319,1778863650,0
320,1778863672,0
321,1778863679,0
322,1778863689,0
323,1778863696,0
324,1778864124,0
325,1778864264,0
326,1778864269,0
327,1778864276,0
328,1778864284,0
329,1778864302,0
330,1778865323,0
331,1778865330,0
332,1778865338,0
333,1778865349,0
334,1778865357,0
335,1778865366,0
336,1778865374,0
337,1778865395,0
338,1778865421,0
339,1778865430,0
340,1778865437,0
341,1778865446,0
342,1778865451,0
343,1778865455,0
344,1778865460,0
345,1778865464,0
346,1778865468,0
347,1778865476,0
348,1778865485,0
349,1778865491,0
350,1778865494,0
351,1778865509,0
352,1778865539,0
353,1778865555,0
354,1778865572,0
355,1778865585,0
356,1778865590,0
357,1778865594,0
358,1778865605,0
359,1778865614,0
360,1778865621,0
361,1778865630,0
362,1778865650,0
363,1778865663,0
364,1778865671,0
365,1778865677,0
366,1778866440,0
367,1778866625,0
368,1778866632,0
369,1778866641,0
370,1778866651,0
371,1778866658,0
372,1778866666,0
373,1778866676,0
374,1778866697,0
375,1778866722,0
376,1778866729,0
377,1778866736,0
378,1778866747,0
379,1778866752,0
380,1778866758,0
381,1778866762,0
382,1778866766,0
383,1778866770,0
384,1778866778,0
385,1778866787,0
386,1778866793,0
387,1778866797,0
388,1778866813,0
389,1778866839,0
390,1778866854,0
391,1778866873,0
392,1778866884,0
393,1778866889,0
394,1778866893,0
395,1778866901,0
396,1778866908,0
397,1778866915,0
398,1778866924,0
399,1778866944,0
400,1778866950,0
401,1778866959,0
402,1778866965,0
403,1778867459,0
404,1778867465,0
405,1778867469,0
406,1778867476,0
407,1778867491,0
408,1778869415,0
409,1778869423,0
410,1778869432,0
411,1778869438,0
412,1778869449,0
413,1778869457,0
414,1778869463,0
415,1778869485,0
416,1778869511,0
417,1778869519,0
418,1778869526,0
419,1778869536,0
420,1778869541,0
421,1778869545,0
422,1778869550,0
423,1778869554,0
424,1778869558,0
425,1778869567,0
426,1778869577,0
427,1778869583,0
428,1778869588,0
429,1778869604,0
430,1778869641,0
431,1778869659,0
432,1778869680,0
433,1778869690,0
434,1778869693,0
435,1778869698,0
436,1778869709,0
437,1778869715,0
438,1778869722,0
439,1778869731,0
440,1778869752,0
441,1778869758,0
442,1778869767,0
443,1778869776,0
444,1778870309,0
445,1778870314,0
446,1778870319,0
447,1778870326,0
448,1778870342,0
449,1778870425,0
450,1778870904,0
451,1778871351,0
452,1778871360,0
453,1778871367,0
454,1778871376,0
455,1778871384,0
456,1778871395,0
457,1778871401,0
458,1778871423,0
459,1778871450,0
460,1778871459,0
461,1778871466,0
462,1778871480,0
463,1778871490,0
464,1778871493,0
465,1778871497,0
466,1778871502,0
467,1778871506,0
468,1778871516,0
469,1778871528,0
470,1778871533,0
471,1778871538,0
472,1778871553,0
473,1778871590,0
474,1778871608,0
475,1778871629,0
476,1778871639,0
477,1778871643,0
478,1778871649,0
479,1778871659,0
480,1778871666,0
481,1778871677,0
482,1778871695,0
483,1778871715,0
484,1778871722,0
485,1778871733,0
486,1778871742,0
487,1778872073,0
488,1778872277,0
489,1778872282,0
490,1778872287,0
491,1778872296,0
492,1778872314,0
493,1778873759,0
494,1778874174,0
495,1778874181,0
496,1778874189,0
497,1778874198,0
498,1778874205,0
499,1778874213,0
500,1778874220,0
501,1778874243,0
502,1778874267,0
503,1778874280,0
504,1778874286,0
505,1778874293,0
506,1778874298,0
507,1778874303,0
508,1778874307,0
509,1778874313,0
510,1778874318,0
511,1778874327,0
512,1778874337,0
513,1778874342,0
514,1778874348,0
515,1778874367,0
516,1778874403,0
517,1778874417,0
518,1778874433,0
519,1778874441,0
520,1778874446,0
521,1778874451,0
522,1778874461,0
523,1778874466,0
524,1778874474,0
525,1778874483,0
526,1778874513,0
527,1778874521,0
528,1778874531,0
529,1778874537,0
530,1778875287,0
531,1778875294,0
532,1778875299,0
533,1778875307,0
534,1778875334,0
535,1778877567,0
536,1778878545,0
537,1778880440,0
538,1778880447,0
539,1778880454,0
540,1778880455,0
541,1778880464,0
542,1778880473,0
543,1778880482,0
544,1778880490,0
545,1778880511,0
546,1778880537,0
547,1778880545,0
548,1778880555,0
549,1778880565,0
550,1778880570,0
551,1778880576,0
552,1778880580,0
553,1778880585,0
554,1778880590,0
555,1778880598,0
556,1778880609,0
557,1778880614,0
558,1778880619,0
559,1778880634,0
560,1778880665,0
561,1778880680,0
562,1778880698,0
563,1778880709,0
564,1778880715,0
565,1778880720,0
566,1778880728,0
567,1778880733,0
568,1778880740,0
569,1778880749,0
570,1778880769,0
571,1778880775,0
572,1778880784,0
573,1778880791,0
574,1778881073,0
575,1778881081,0
576,1778881088,0
577,1778881098,0
578,1778881106,0
579,1778881114,0
580,1778881122,0
581,1778881143,0
582,1778881168,0
583,1778881176,0
584,1778881184,0
585,1778881193,0
586,1778881198,0
587,1778881202,0
588,1778881207,0
589,1778881212,0
590,1778881216,0
591,1778881224,0
592,1778881233,0
593,1778881238,0
594,1778881243,0
595,1778881261,0
596,1778881293,0
597,1778881308,0
598,1778881327,0
599,1778881338,0
600,1778881344,0
601,1778881352,0
602,1778881370,0
603,1778881376,0
604,1778881383,0
605,1778881395,0
606,1778881418,0
607,1778881424,0
608,1778881435,0
609,1778881442,0
610,1778882054,0
611,1778882059,0
612,1778882067,0
613,1778882075,0
614,1778882103,0
615,1778884771,0
616,1778884779,0
617,1778884787,0
618,1778884797,0
619,1778884806,0
620,1778884814,0
621,1778884821,0
622,1778884843,0
623,1778884869,0
624,1778884876,0
625,1778884884,0
626,1778884898,0
627,1778884903,0
628,1778884907,0
629,1778884911,0
630,1778884916,0
631,1778884921,0
632,1778884930,0
633,1778884941,0
634,1778884946,0
635,1778884952,0
636,1778884969,0
637,1778885007,0
638,1778885023,0
639,1778885041,0
640,1778885050,0
641,1778885054,0
642,1778885058,0
643,1778885066,0
644,1778885072,0
645,1778885080,0
646,1778885089,0
647,1778886345,0
648,1778886356,0
649,1778886366,0
650,1778886378,0
651,1778886388,0
652,1778886402,0
653,1778886412,0
654,1778886438,0
655,1778886469,0
656,1778886481,0
657,1778886490,0
658,1778886503,0
659,1778886510,0
660,1778886567,0
661,1778886576,0
662,1778886586,0
663,1778886598,0
664,1778886608,0
665,1778886619,0
666,1778886628,0
667,1778886653,0
668,1778886681,0
669,1778886691,0
670,1778886699,0
671,1778886712,0
672,1778886720,0
673,1778886726,0
674,1778886733,0
675,1778886741,0
676,1778886748,0
677,1778886761,0
678,1778886773,0
679,1778886778,0
680,1778886783,0
681,1778886800,0
682,1778886832,0
683,1778886848,0
684,1778886863,0
685,1778886876,0
686,1778886884,0
687,1778886892,0
688,1778886906,0
689,1778886914,0
690,1778886924,0
691,1778886936,0
692,1778886961,0
693,1778886970,0
694,1778886982,0
695,1778886993,0
696,1778887415,0
697,1778887423,0
698,1778887430,0
699,1778887440,0
700,1778887464,0
701,1778887560,0
702,1778887568,0
703,1778887577,0
704,1778887589,0
705,1778887598,0
706,1778887610,0
707,1778887620,0
708,1778887644,0
709,1778887672,0
710,1778887682,0
711,1778887688,0
712,1778887701,0
713,1778887710,0
714,1778887790,0
715,1778887799,0
716,1778887809,0
717,1778887822,0
718,1778887832,0
719,1778887845,0
720,1778887856,0
721,1778887882,0
722,1778887910,0
723,1778887910,0
724,1778887919,0
725,1778887932,0
726,1778887943,0
727,1778887951,0
728,1778887959,0
729,1778887968,0
730,1778887974,0
731,1778887982,0
732,1778887992,0
733,1778888004,0
734,1778888009,0
735,1778888017,0
736,1778888040,0
737,1778888071,0
738,1778888087,0
739,1778888107,0
740,1778888119,0
741,1778888125,0
742,1778888131,0
743,1778888144,0
744,1778888155,0
745,1778888164,0
746,1778888176,0
747,1778888201,0
748,1778888211,0
749,1778888222,0
750,1778888231,0
751,1778888602,0
752,1778888609,0
753,1778888617,0
754,1778888628,0
755,1778888647,0
756,1778888817,0
757,1778888826,0
758,1778888838,0
759,1778888849,0
760,1778888859,0
761,1778888871,0
762,1778888880,0
763,1778888905,0
764,1778888934,0
765,1778888944,0
766,1778888954,0
767,1778888966,0
768,1778888974,0
769,1778888982,0
770,1778888988,0
771,1778888995,0
772,1778889004,0
773,1778889016,0
774,1778889029,0
775,1778889034,0
776,1778889039,0
777,1778889060,0
778,1778889098,0
779,1778889116,0
780,1778889138,0
781,1778889150,0
782,1778889156,0
783,1778889162,0
784,1778889173,0
785,1778889184,0
786,1778889193,0
787,1778889208,0
788,1778889231,0
789,1778889290,0
790,1778889299,0
791,1778889309,0
792,1778889322,0
793,1778889331,0
794,1778889341,0
795,1778889351,0
796,1778889374,0
797,1778889402,0
798,1778889414,0
799,1778889423,0
800,1778889438,0
801,1778889445,0
802,1778889451,0
803,1778889457,0
804,1778889464,0
805,1778889470,0
806,1778889479,0
807,1778889491,0
808,1778889496,0
809,1778889501,0
810,1778889518,0
811,1778889549,0
812,1778889570,0
813,1778889591,0
814,1778889606,0
815,1778889614,0
816,1778889620,0
817,1778889631,0
818,1778889639,0
819,1778889648,0
820,1778889658,0
821,1778889681,0
822,1778889690,0
823,1778889702,0
824,1778889713,0
825,1778890079,0
826,1778890089,0
827,1778890100,0
828,1778890112,0
829,1778890124,0
830,1778890134,0
831,1778890143,0
832,1778890168,0
833,1778890195,0
834,1778890205,0
835,1778890215,0
836,1778890227,0
837,1778890234,0
838,1778890240,0
839,1778890246,0
840,1778890253,0
841,1778890260,0
842,1778890272,0
843,1778890282,0
844,1778890288,0
845,1778890293,0
846,1778890310,0
847,1778890344,0
848,1778890363,0
849,1778890385,0
850,1778890397,0
851,1778890403,0
852,1778890413,0
853,1778890425,0
854,1778890433,0
855,1778890442,0
856,1778890455,0
857,1778890478,0
858,1778890488,0
859,1778890500,0
860,1778890511,0
861,1778890618,0
862,1778890627,0
863,1778890638,0
864,1778890649,0
865,1778890660,0
866,1778890670,0
867,1778890679,0
868,1778890703,0
869,1778890730,0
870,1778890742,0
871,1778890754,0
872,1778890766,0
873,1778890773,0
874,1778890779,0
875,1778890785,0
876,1778890792,0
877,1778890799,0
878,1778890811,0
879,1778890824,0
880,1778890828,0
881,1778890833,0
882,1778890851,0
883,1778890885,0
884,1778890906,0
885,1778890929,0
886,1778890941,0
887,1778890951,0
888,1778890958,0
889,1778890968,0
890,1778890977,0
891,1778890986,0
892,1778890997,0
893,1778891021,0
894,1778891033,0
895,1778891044,0
896,1778891054,0
897,1778895024,0
898,1778895024,0
899,1778895024,0
900,1778895024,0
901,1778895024,0
902,1778895024,0
903,1778895024,0
904,1778895024,0
905,1778895024,0
906,1778895024,0
907,1778895024,0
908,1778895024,0
909,1778895024,0
910,1778895024,0
911,1778895024,0
912,1778895024,0
913,1778895024,0
914,1778895024,0
915,1778895024,0
916,1778895024,0
917,1778895024,0
918,1778895024,0
919,1778895026,0
920,1778896467,0
921,1778920892,0
922,1778921028,0
923,1778922889,0
924,1778955070,0
925,1778955079,0
926,1778955089,0
927,1778955100,0
928,1778955109,0
929,1778955120,0
930,1778955132,0
931,1778955157,0
932,1778955185,0
933,1778955196,0
934,1778955207,0
935,1778955219,0
936,1778955226,0
937,1778955234,0
938,1778955239,0
939,1778955247,0
940,1778955254,0
941,1778955265,0
942,1778955277,0
943,1778955282,0
944,1778955287,0
945,1778955305,0
946,1778955342,0
947,1778955360,0
948,1778955381,0
949,1778955393,0
950,1778955399,0
951,1778955405,0
952,1778955418,0
953,1778955425,0
954,1778955434,0
955,1778955447,0
956,1778955470,0
957,1778955479,0
958,1778955492,0
959,1778955501,0
960,1779056090,0
961,1779084420,0
962,1779091421,0
963,1779093384,0
964,1779093907,0
965,1779093917,0
966,1779093926,0
967,1779093937,0
968,1779093947,0
969,1779093957,0
970,1779093966,0
971,1779093990,0
972,1779094016,0
973,1779094026,0
974,1779094035,0
975,1779094045,0
976,1779094052,0
977,1779094058,0
978,1779094065,0
979,1779094071,0
980,1779094079,0
981,1779094091,0
982,1779094101,0
983,1779094105,0
984,1779094111,0
985,1779094127,0
986,1779094155,0
987,1779094171,0
988,1779094190,0
989,1779094200,0
990,1779094206,0
991,1779094211,0
992,1779094221,0
993,1779094230,0
994,1779094238,0
995,1779094250,0
996,1779094271,0
997,1779094280,0
998,1779094294,0
999,1779094306,0
1000,1779095624,0
1001,1779098619,0
1002,1779101380,0
1003,1779101392,0
1004,1779101402,0
1005,1779101414,0
1006,1779101425,0
1007,1779101437,0
1008,1779101446,0
1009,1779101471,0
1010,1779101499,0
1011,1779101509,0
1012,1779101518,0
1013,1779101531,0
1014,1779101538,0
1015,1779101545,0
1016,1779101551,0
1017,1779101558,0
1018,1779101565,0
1019,1779101578,0
1020,1779101590,0
1021,1779101595,0
1022,1779101600,0
1023,1779101621,0
1024,1779101652,0
1025,1779101672,0
1026,1779101694,0
1027,1779101707,0
1028,1779101713,0
1029,1779101719,0
1030,1779101729,0
1031,1779101738,0
1032,1779101748,0
1033,1779101760,0
1034,1779101782,0
1035,1779101791,0
1036,1779101802,0
1037,1779101810,0
1038,1779101849,0
1039,1779102254,0
1040,1779102692,0
1041,1779104007,0
1042,1779106083,0
1043,1779107620,0
1044,1779108516,0
1045,1779109022,0
1046,1779109335,0
1047,1779109601,0
1048,1779110091,0
1049,1779110580,0
1050,1779111204,0
1051,1779111473,0
1052,1779112014,0
1053,1779114124,0
1054,1779114134,0
1055,1779114146,0
1056,1779114160,0
1057,1779114170,0
1058,1779114181,0
1059,1779114191,0
1060,1779114214,0
1061,1779114242,0
1062,1779114252,0
1063,1779114262,0
1064,1779114276,0
1065,1779114284,0
1066,1779114291,0
1067,1779114296,0
1068,1779114303,0
1069,1779114311,0
1070,1779114323,0
1071,1779114335,0
1072,1779114340,0
1073,1779114345,0
1074,1779114362,0
1075,1779114399,0
1076,1779114417,0
1077,1779114439,0
1078,1779114450,0
1079,1779114456,0
1080,1779114464,0
1081,1779114476,0
1082,1779114485,0
1083,1779114496,0
1084,1779114509,0
1085,1779114537,0
1086,1779114548,0
1087,1779114559,0
1088,1779114570,0
1089,1779116519,0
1090,1779117457,0
1091,1779117888,0
1092,1779117897,0
1093,1779117907,0
1094,1779117919,0
1095,1779117927,0
1096,1779117938,0
1097,1779117948,0
1098,1779117973,0
1099,1779117999,0
1100,1779118008,0
1101,1779118017,0
1102,1779118028,0
1103,1779118037,0
1104,1779118044,0
1105,1779118051,0
1106,1779118057,0
1107,1779118064,0
1108,1779118078,0
1109,1779118089,0
1110,1779118095,0
1111,1779118100,0
1112,1779118119,0
1113,1779118154,0
1114,1779118171,0
1115,1779118192,0
1116,1779118204,0
1117,1779118214,0
1118,1779118220,0
1119,1779118232,0
1120,1779118240,0
1121,1779118249,0
1122,1779118260,0
1123,1779118283,0
1124,1779118292,0
1125,1779118305,0
1126,1779118316,0
1127,1779118391,0
1128,1779118401,0
1129,1779118410,0
1130,1779118421,0
1131,1779118430,0
1132,1779118440,0
1133,1779118448,0
1134,1779118471,0
1135,1779118498,0
1136,1779118508,0
1137,1779118517,0
1138,1779118528,0
1139,1779118535,0
1140,1779118541,0
1141,1779118548,0
1142,1779118554,0
1143,1779118563,0
1144,1779118573,0
1145,1779118585,0
1146,1779118589,0
1147,1779118594,0
1148,1779118610,0
1149,1779118640,0
1150,1779118656,0
1151,1779118677,0
1152,1779118688,0
1153,1779118694,0
1154,1779118703,0
1155,1779118715,0
1156,1779118723,0
1157,1779118736,0
1158,1779118747,0
1159,1779118768,0
1160,1779118777,0
1161,1779118788,0
1162,1779118797,0
1163,1779119097,0
1164,1779119106,0
1165,1779119115,0
1166,1779119127,0
1167,1779119139,0
1168,1779119149,0
1169,1779119158,0
1170,1779119180,0
1171,1779119208,0
1172,1779119220,0
1173,1779119232,0
1174,1779119243,0
1175,1779119252,0
1176,1779119258,0
1177,1779119265,0
1178,1779119271,0
1179,1779119278,0
1180,1779119288,0
1181,1779119298,0
1182,1779119304,0
1183,1779119310,0
1184,1779119327,0
1185,1779119358,0
1186,1779119372,0
1187,1779119395,0
1188,1779119407,0
1189,1779119413,0
1190,1779119420,0
1191,1779119431,0
1192,1779119440,0
1193,1779119450,0
1194,1779119461,0
1195,1779119482,0
1196,1779119491,0
1197,1779119503,0
1198,1779119513,0
1199,1779120865,0
1200,1779121470,0
1201,1779122328,0
1202,1779134788,0
1203,1779137322,0
1204,1779137332,0
1205,1779137342,0
1206,1779137354,0
1207,1779137364,0
1208,1779137375,0
1209,1779137385,0
1210,1779137411,0
1211,1779137438,0
1212,1779137448,0
1213,1779137459,0
1214,1779137471,0
1215,1779137478,0
1216,1779137484,0
1217,1779137490,0
1218,1779137497,0
1219,1779137505,0
1220,1779137515,0
1221,1779137528,0
1222,1779137537,0
1223,1779137538,0
1224,1779137556,0
1225,1779137587,0
1226,1779137604,0
1227,1779137628,0
1228,1779137639,0
1229,1779137645,0
1230,1779137652,0
1231,1779137666,0
1232,1779137674,0
1233,1779137683,0
1234,1779137696,0
1235,1779137723,0
1236,1779137732,0
1237,1779137743,0
1238,1779137752,0
1239,1779138067,0
1240,1779138077,0
1241,1779138086,0
1242,1779138097,0
1243,1779138107,0
1244,1779138117,0
1245,1779138128,0
1246,1779138151,0
1247,1779138178,0
1248,1779138188,0
1249,1779138197,0
1250,1779138209,0
1251,1779138216,0
1252,1779138221,0
1253,1779138227,0
1254,1779138233,0
1255,1779138239,0
1256,1779138250,0
1257,1779138260,0
1258,1779138266,0
1259,1779138271,0
1260,1779138286,0
1261,1779138314,0
1262,1779138330,0
1263,1779138350,0
1264,1779138364,0
1265,1779138370,0
1266,1779138376,0
1267,1779138387,0
1268,1779138397,0
1269,1779138407,0
1270,1779138419,0
1271,1779138439,0
1272,1779138450,0
1273,1779138461,0
1274,1779138471,0
1275,1779140578,0
1276,1779140585,0
1277,1779140593,0
1278,1779140605,0
1279,1779140624,0
1280,1779141979,0
1281,1779141988,0
1282,1779141998,0
1283,1779142010,0
1284,1779142020,0
1285,1779142030,0
1286,1779142041,0
1287,1779142064,0
1288,1779142090,0
1289,1779142099,0
1290,1779142110,0
1291,1779142121,0
1292,1779142130,0
1293,1779142137,0
1294,1779142143,0
1295,1779142149,0
1296,1779142156,0
1297,1779142166,0
1298,1779142178,0
1299,1779142184,0
1300,1779142187,0
1301,1779142219,0
1302,1779142256,0
1303,1779142271,0
1304,1779142296,0
1305,1779142308,0
1306,1779142315,0
1307,1779142323,0
1308,1779142339,0
1309,1779142348,0
1310,1779142358,0
1311,1779142373,0
1312,1779142394,0
1313,1779142405,0
1314,1779142415,0
1315,1779142424,0
1316,1779142853,0
1317,1779142863,0
1318,1779142874,0
1319,1779142887,0
1320,1779142897,0
1321,1779142906,0
1322,1779142916,0
1323,1779142940,0
1324,1779142966,0
1325,1779142977,0
1326,1779142989,0
1327,1779143000,0
1328,1779143007,0
1329,1779143014,0
1330,1779143021,0
1331,1779143027,0
1332,1779143033,0
1333,1779143043,0
1334,1779143053,0
1335,1779143058,0
1336,1779143063,0
1337,1779143081,0
1338,1779143129,0
1339,1779143144,0
1340,1779143163,0
1341,1779143174,0
1342,1779143180,0
1343,1779143187,0
1344,1779143197,0
1345,1779143204,0
1346,1779143213,0
1347,1779143224,0
1348,1779143245,0
1349,1779143254,0
1350,1779143270,0
1351,1779143279,0
1352,1779143981,0
1353,1779143991,0
1354,1779144000,0
1355,1779144010,0
1356,1779144019,0
1357,1779144029,0
1358,1779144038,0
1359,1779144061,0
1360,1779144086,0
1361,1779144097,0
1362,1779144113,0
1363,1779144124,0
1364,1779144130,0
1365,1779144137,0
1366,1779144142,0
1367,1779144150,0
1368,1779144156,0
1369,1779144167,0
1370,1779144178,0
1371,1779144182,0
1372,1779144187,0
1373,1779144206,0
1374,1779144239,0
1375,1779144255,0
1376,1779144279,0
1377,1779144292,0
1378,1779144298,0
1379,1779144304,0
1380,1779144323,0
1381,1779144332,0
1382,1779144342,0
1383,1779144355,0
1384,1779144376,0
1385,1779144386,0
1386,1779144398,0
1387,1779144410,0
1388,1779145458,0
1389,1779145467,0
1390,1779145477,0
1391,1779145488,0
1392,1779145498,0
1393,1779145508,0
1394,1779145520,0
1395,1779145545,0
1396,1779145574,0
1397,1779145584,0
1398,1779145593,0
1399,1779145605,0
1400,1779145613,0
1401,1779145620,0
1402,1779145626,0
1403,1779145634,0
1404,1779145642,0
1405,1779145656,0
1406,1779145664,0
1407,1779145670,0
1408,1779145674,0
1409,1779145697,0
1410,1779145730,0
1411,1779145760,0
1412,1779145784,0
1413,1779145800,0
1414,1779145807,0
1415,1779145815,0
1416,1779145826,0
1417,1779145838,0
1418,1779145848,0
1419,1779145854,0
1420,1779145877,0
1421,1779145887,0
1422,1779145898,0
1423,1779145907,0
1424,1779146050,0
1425,1779146060,0
1426,1779146070,0
1427,1779146081,0
1428,1779146092,0
1429,1779146105,0
1430,1779146114,0
1431,1779146138,0
1432,1779146167,0
1433,1779146178,0
1434,1779146189,0
1435,1779146204,0
1436,1779146214,0
1437,1779146220,0
1438,1779146227,0
1439,1779146234,0
1440,1779146241,0
1441,1779146254,0
1442,1779146267,0
1443,1779146271,0
1444,1779146276,0
1445,1779146308,0
1446,1779146342,0
1447,1779146358,0
1448,1779146380,0
1449,1779146393,0
1450,1779146400,0
1451,1779146406,0
1452,1779146419,0
1453,1779146430,0
1454,1779146439,0
1455,1779146451,0
1456,1779146473,0
1457,1779146483,0
1458,1779146494,0
1459,1779146504,0
1460,1779147018,0
1461,1779147025,0
1462,1779147031,0
1463,1779147041,0
1464,1779147060,0
1465,1779170415,0
1466,1779170425,0
1467,1779170436,0
1468,1779170448,0
1469,1779170459,0
1470,1779170469,0
1471,1779170478,0
1472,1779170502,0
1473,1779170529,0
1474,1779170540,0
1475,1779170547,0
1476,1779170555,0
1477,1779170560,0
1478,1779170566,0
1479,1779170572,0
1480,1779170581,0
1481,1779170591,0
1482,1779170601,0
1483,1779170607,0
1484,1779170612,0
1485,1779170634,0
1486,1779170665,0
1487,1779170679,0
1488,1779170698,0
1489,1779170711,0
1490,1779170719,0
1491,1779170725,0
1492,1779170748,0
1493,1779170807,0
1494,1779170816,0
1495,1779170825,0
1496,1779170836,0
1497,1779170848,0
1498,1779170859,0
1499,1779170868,0
1500,1779170891,0
1501,1779170919,0
1502,1779170928,0
1503,1779170939,0
1504,1779170939,0
1505,1779170951,0
1506,1779170958,0
1507,1779170966,0
1508,1779170972,0
1509,1779170979,0
1510,1779170986,0
1511,1779171000,0
1512,1779171011,0
1513,1779171016,0
1514,1779171021,0
1515,1779171038,0
1516,1779171051,0
1517,1779171067,0
1518,1779171088,0
1519,1779171100,0
1520,1779171106,0
1521,1779171115,0
1522,1779171126,0
1523,1779171133,0
1524,1779171142,0
1525,1779171153,0
1526,1779171176,0
1527,1779171186,0
1528,1779171197,0
1529,1779171207,0
1530,1779171765,0
1531,1779171772,0
1532,1779171781,0
1533,1779171791,0
1534,1779171811,0
1535,1779172299,0
1536,1779174061,0
1537,1779174071,0
1538,1779174083,0
1539,1779174095,0
1540,1779174106,0
1541,1779174119,0
1542,1779174129,0
1543,1779174156,0
1544,1779174234,0
1545,1779174246,0
1546,1779174257,0
1547,1779174270,0
1548,1779174281,0
1549,1779174294,0
1550,1779174304,0
1551,1779174328,0
1552,1779174357,0
1553,1779174370,0
1554,1779174379,0
1555,1779174393,0
1556,1779174403,0
1557,1779174409,0
1558,1779174417,0
1559,1779174426,0
1560,1779174433,0
1561,1779174445,0
1562,1779174459,0
1563,1779174464,0
1564,1779174469,0
1565,1779174486,0
1566,1779174522,0
1567,1779174540,0
1568,1779174561,0
1569,1779174576,0
1570,1779174581,0
1571,1779174587,0
1572,1779174599,0
1573,1779174608,0
1574,1779174618,0
1575,1779174631,0
1576,1779174655,0
1577,1779174665,0
1578,1779174678,0
1579,1779174689,0
1580,1779174986,0
1581,1779175426,0
1582,1779176843,0
1583,1779176853,0
1584,1779176864,0
1585,1779176877,0
1586,1779176887,0
1587,1779176897,0
1588,1779176909,0
1589,1779176933,0
1590,1779176968,0
1591,1779176979,0
1592,1779176989,0
1593,1779177003,0
1594,1779177012,0
1595,1779177019,0
1596,1779177028,0
1597,1779177035,0
1598,1779177043,0
1599,1779177059,0
1600,1779177073,0
1601,1779177078,0
1602,1779177082,0
1603,1779177101,0
1604,1779177134,0
1605,1779177164,0
1606,1779177186,0
1607,1779177200,0
1608,1779177208,0
1609,1779177215,0
1610,1779177227,0
1611,1779177239,0
1612,1779177250,0
1613,1779177261,0
1614,1779177284,0
1615,1779177293,0
1616,1779177305,0
1617,1779177314,0
1618,1779177409,0
1619,1779178467,0
1620,1779181529,0
1621,1779182769,0
1622,1779195862,0
1623,1779195873,0
1624,1779195884,0
1625,1779195894,0
1626,1779195905,0
1627,1779195917,0
1628,1779195926,0
1629,1779195951,0
1630,1779195978,0
1631,1779195988,0
1632,1779195997,0
1633,1779196009,0
1634,1779196016,0
1635,1779196023,0
1636,1779196031,0
1637,1779196037,0
1638,1779196045,0
1639,1779196057,0
1640,1779196068,0
1641,1779196073,0
1642,1779196078,0
1643,1779196102,0
1644,1779196115,0
1645,1779196129,0
1646,1779196151,0
1647,1779196162,0
1648,1779196168,0
1649,1779196176,0
1650,1779196191,0
1651,1779196200,0
1652,1779196209,0
1653,1779196220,0
1654,1779196243,0
1655,1779196252,0
1656,1779196263,0
1657,1779196274,0
1658,1779196528,0
1659,1779199609,0
1660,1779204660,0
1661,1779205074,0
1662,1779205984,0
1663,1779207655,0
1664,1779208126,0
1665,1779219852,0
1666,1779223845,0
1667,1779227139,0
1668,1779227146,0
1669,1779227154,0
1670,1779227166,0
1671,1779227185,0
1672,1779228670,0
1673,1779228679,0
1674,1779228687,0
1675,1779228698,0
1676,1779228707,0
1677,1779228719,0
1678,1779228729,0
1679,1779228753,0
1680,1779228779,0
1681,1779228788,0
1682,1779228797,0
1683,1779228811,0
1684,1779228821,0
1685,1779228826,0
1686,1779228832,0
1687,1779228840,0
1688,1779228847,0
1689,1779228857,0
1690,1779228867,0
1691,1779228872,0
1692,1779228877,0
1693,1779228894,0
1694,1779228922,0
1695,1779228938,0
1696,1779228959,0
1697,1779228971,0
1698,1779228978,0
1699,1779228984,0
1700,1779228996,0
1701,1779229006,0
1702,1779229015,0
1703,1779229027,0
1704,1779229051,0
1705,1779229060,0
1706,1779229072,0
1707,1779229082,0
1708,1779229615,0
1709,1779229623,0
1710,1779229630,0
1711,1779229641,0
1712,1779229664,0
1713,1779258682,0
1714,1779259029,0
1715,1779259037,0
1716,1779259046,0
1717,1779259057,0
1718,1779259079,0
1719,1779261314,0
1720,1779274217,0
1721,1779274225,0
1722,1779274232,0
1723,1779274243,0
1724,1779274263,0
1725,1779274566,0
1726,1779277095,0
1727,1779277344,0
1728,1779277453,0
1729,1779277461,0
1730,1779277469,0
1731,1779277480,0
1732,1779277499,0
1733,1779277563,0
1734,1779287412,0
1735,1779289429,0
1736,1779289436,0
1737,1779289446,0
1738,1779289455,0
1739,1779289479,0
1740,1779293060,0
1741,1779313661,0
1742,1779313672,0
1743,1779313680,0
1744,1779313691,0
1745,1779313715,0
1746,1779347079,0
1747,1779348690,0
1748,1779349518,0
1749,1779350056,0
1750,1779352721,0
1751,1779352732,0
1752,1779352744,0
1753,1779352755,0
1754,1779352765,0
1755,1779352775,0
1756,1779352785,0
1757,1779352795,0
1758,1779352937,0
1759,1779352949,0
1760,1779352960,0
1761,1779352971,0
1762,1779352981,0
1763,1779352991,0
1764,1779353004,0
1765,1779353014,0
1766,1779362415,0
1767,1779362525,0
1768,1779362624,0
1769,1779362760,0
1770,1779363000,0
1771,1779365656,0
1772,1779367024,0
1773,1779371333,0
1774,1779371364,0
1775,1779372904,0
1776,1779374952,0
1777,1779376498,0
1778,1779377463,0
1779,1779377473,0
1780,1779377484,0
1781,1779377496,0
1782,1779377507,0
1783,1779377520,0
1784,1779377531,0
1785,1779377552,0
1786,1779400010,0
1787,1779400018,0
1788,1779400028,0
1789,1779400039,0
1790,1779400062,0
1791,1779417474,0
1792,1779433464,0
1793,1779433716,0
1794,1779433743,0
1795,1779433767,0
1796,1779433792,0
1797,1779438924,0
1798,1779444995,0
1799,1779454022,0
1800,1779459590,0
1801,1779460015,0
1802,1779460343,0
1803,1779469006,0
1804,1779486014,0
1805,1779486025,0
1806,1779486034,0
1807,1779486045,0
1808,1779486070,0
1809,1779536184,0
1810,1779653323,0
1811,1779696576,0
1812,1779697387,0
1813,1779705353,0
1814,1779706165,0
1815,1779707009,0
1816,1779707335,0
1817,1779707633,0
1818,1779710220,0
1819,1779712249,0
1820,1779714770,0
1821,1779715774,0
1822,1779718413,0
1823,1779719540,0
1824,1779721165,0
1825,1779723980,0
1826,1779724346,0
1827,1779724916,0
1828,1779725071,0
1829,1779725175,0
1830,1779726109,0
1831,1779727300,0
1832,1779729876,0
1833,1779732552,0
1834,1779745179,0
1835,1779745189,0
1836,1779745201,0
1837,1779745212,0
1838,1779745240,0
1839,1779777642,0
1840,1779781329,0
1841,1779784609,0
1842,1779787565,0
1843,1779787635,0
1844,1779791032,0
1845,1779800969,0
1846,1779832189,0
1847,1779832198,0
1848,1779832212,0
1849,1779832226,0
1850,1779832267,0
1851,1779863954,0
1852,1779875690,0
1853,1779875767,0
1854,1779876963,0
1855,1779890748,0
1856,1779892538,0
1857,1779915741,0
1858,1779918528,0
1859,1779918538,0
1860,1779918548,0
1861,1779918563,0
1862,1779918592,0
1863,1779928287,0
1864,1779954169,0
1865,1780044361,0
1866,1780091047,0
1867,1780091057,0
1868,1780091069,0
1869,1780091082,0
1870,1780091112,0
1871,1780091855,0
1872,1780092778,0
1873,1780297640,0
1874,1780309186,0
1875,1780313131,0
1876,1780313679,0
1877,1780329437,0
1878,1780347137,0
1879,1780351852,0
1880,1780351862,0
1881,1780351875,0
1882,1780351887,0
1883,1780351910,0
1884,1780397637,0
1885,1780397916,0
1886,1780399503,0
1887,1780402574,0
1888,1780404781,0
1889,1780438026,0
1890,1780438034,0
1891,1780438044,0
1892,1780438056,0
1893,1780438079,0
1894,1780470243,0
1895,1780473758,0
1896,1780481196,0
1897,1780486565,0
1898,1780487766,0
1899,1780490281,0
1900,1780506694,0
1901,1780506708,0
1902,1780506718,0
1903,1780506729,0
1904,1780506759,0
1905,1780513532,0
1906,1780513547,0
1907,1780513561,0
1908,1780513569,0
1909,1780513742,0
1910,1780524491,0
1911,1780524500,0
1912,1780524510,0
1913,1780524523,0
1914,1780524547,0
1915,1780554853,0
1916,1780557878,0
1917,1780563758,0
1918,1780569364,0
1919,1780569465,0
1920,1780604437,0
1921,1780609312,0
1922,1780609320,0
1923,1780609330,0
1924,1780609342,0
1925,1780609364,0
1926,1780656351,0
1927,1780656447,0
1928,1780656459,0
1929,1780659016,0
1930,1780659456,0
1931,1780661006,0
1932,1780663754,0
1933,1780665228,0
1934,1780665452,0
1935,1780667213,0
1936,1780669285,0
1937,1780669632,0
1938,1780695573,0
1939,1780695580,0
1940,1780695586,0
1941,1780695596,0
1942,1780695615,0
1943,1780906586,0
1944,1780912303,0
1945,1780919540,0
1946,1780926095,0
1947,1780945127,0
1948,1780955004,0
1949,1780955014,0
1950,1780955024,0
1951,1780955037,0
1952,1780955061,0
1953,1780991582,0
1954,1780994135,0
1955,1781000352,0
1956,1781018191,0
1957,1781031513,0
1958,1781035866,0
1959,1781041336,0
1960,1781041348,0
1961,1781041361,0
1962,1781041375,0
1963,1781041398,0
1964,1781072753,0
1965,1781076377,0
1966,1781083948,0
1967,1781085943,0
1968,1781101492,0
1969,1781113455,0
1970,1781113834,0
1971,1781126361,1
1972,1781127643,1
1973,1781128139,0
1974,1781128149,0
1975,1781128158,0
1976,1781128171,0
1977,1781128195,0
1978,1781128687,1
1979,1781131559,1
1980,1781135228,0
1981,1781135703,0
1982,1781135802,0
1983,1781165982,1
1984,1781172675,0
1985,1781173263,1
1986,1781176817,1
1987,1781180387,1
1988,1781180803,0
1989,1781181156,0
1990,1781181709,1
1991,1781185605,1
1992,1781190213,1
1993,1781190488,1
1994,1781197974,1
1995,1781198329,1
1996,1781198523,1
1997,1781208931,0
1998,1781210624,0
1999,1781213356,0
2000,1781213980,0
2001,1781214499,0
2002,1781214507,0
2003,1781214516,0
2004,1781214528,0
2005,1781214551,0
2006,1781216148,0
2007,1781247471,0
2008,1781248830,0
2009,1781249942,0
2010,1781252341,0
2011,1781253192,0
2012,1781253377,0
2013,1781254173,0
2014,1781255085,0
2015,1781256463,0
2016,1781270820,1
2017,1781271813,1
2018,1781273071,1
2019,1781273373,1
2020,1781294168,1
2021,1781297105,1
2022,1781297720,1
2023,1781297964,1
2024,1781301572,1
2025,1781322081,1
2026,1781336272,1
2027,1781337736,1
2028,1781347171,1
2029,1781347469,1
2030,1781347505,1
2031,1781352503,1
2032,1781372375,1
2033,1781508786,1
2034,1781515334,1
2035,1781519192,1
2036,1781519285,1
2037,1781534796,1
2038,1781549053,1
2039,1781552578,1
2040,1781552782,1
2041,1781582210,1
2042,1781593533,1
2043,1781597728,1
2044,1781605097,1
2045,1781610415,1
2046,1781611487,1
2047,1781612557,1
2048,1781614394,1
2049,1781630648,1
2050,1781641985,1
2051,1781648351,1
2052,1781649955,1
2053,1781684265,1
2054,1781692220,1
2055,1781695182,1
2056,1781700508,1
2057,1781702383,1
2058,1781704595,0
2059,1781712149,1
2060,1781714763,1
2061,1781715094,1
2062,1781715182,1
2063,1781720035,1
2064,1781732753,1
2065,1781773079,1
2066,1781783169,0
2067,1781787471,0
2068,1781791753,1
2069,1781792022,1
2070,1781801787,1
2071,1781819735,1
2072,1781826774,1
2073,1781852978,1
2074,1781871781,1
2075,1781875975,1
2076,1781877015,1
2077,1781879554,1
2078,1781891672,0
2079,1781892526,0
2080,1782085241,1
2081,1782111509,1
2082,1782123205,1
2083,1782124313,1
2084,1782134246,1
2085,1782152895,1
2086,1782198753,1
2087,1782464215,1
2088,1782495980,1
2089,1782499406,1
2090,1782546567,1
2091,1782685117,1
2092,1782748884,1
2093,1782773408,1
2094,1782806426,1
2095,1782807729,1
2096,1782908691,1
2097,1782908857,1
2098,1782909776,1
2099,1782910837,1
2100,1782911199,1
2101,1782918876,1
2102,1782934088,1
2103,1783007162,1
2104,1783076799,1
2105,1783076993,1
2106,1783079311,1
2107,1783370631,1
2108,1783423095,1
2109,1783423822,1
2110,1783431735,1
2111,1783432077,1
2112,1783432816,1
2113,1783516423,1
2114,1783516856,1
2115,1783516862,1
2116,1783517176,1
2117,1783517230,1
2118,1783518709,1
2119,1783518967,1
2120,1783519331,1
2121,1783519378,1
2122,1783519441,1
2123,1783519456,1
2124,1783522313,1
2125,1783535782,1
2126,1783536905,1
2127,1783545038,1
2128,1783584429,1
2129,1783589695,1
2130,1783592227,1
2131,1783596883,1
2132,1783597501,1
2133,1783598654,1
2134,1783606625,1
2135,1783607071,1
2136,1783612656,1
2137,1783618371,1
2138,1783619849,1
2139,1783621146,1
2140,1783623054,1
2141,1783626304,1
2142,1783629854,1
2143,1783633132,1
2144,1783634096,1
2145,1783636944,1
2146,1783637468,1
2147,1783638176,1
2148,1783638807,1
2149,1783640132,1
2150,1783641096,1
2151,1783641740,1
2152,1783642402,1
2153,1783643661,1
2154,1783644481,1
2155,1783645076,1
2156,1783646264,1
2157,1783647091,1
2158,1783647424,1
2159,1783649611,1
2160,1783674574,1
2161,1783697420,1
2162,1783703467,1
2163,1783706912,1
2164,1783710516,1
2165,1783913558,1
2166,1783942006,1
2167,1783979237,1
2168,1783979285,1
2169,1783987861,1
2170,1784022144,1
2171,1784044848,1
2172,1784071263,1
2173,1784079056,1
2174,1784080409,1
2175,1784096224,1
2176,1784103566,1
2177,1784202389,1
2178,1784203799,1
2179,1784276082,1
2180,1784283527,1
2181,1784393949,1
2182,1784554356,1
2183,1784738203,1
2184,1784807193,1
2185,1784807540,1
2186,1784807912,1
2187,1784808972,1
2188,1784813163,1
2189,1784824282,1
2190,1784844680,1
2191,1784906476,1
2192,1784949963,1
2193,1785071960,1
2194,1785074735,1
2195,1785074778,1
2196,1785116586,1
2197,1785122830,1
2198,1785126926,1
2199,1785128324,1
2200,1785128613,1
2201,1785134944,1
2202,1785135087,1
2203,1785201170,1
2204,1785204579,1
2205,1785207174,1
2206,1785219850,1
2207,1785219901,1
2208,1785224081,1
2209,1785224817,1
2210,1785238693,1
2211,1785246251,1
2212,1785251267,1
2213,1785251426,1
2214,1785291932,1
2215,1785292173,1
2216,1785293469,1
2217,1785294691,1
2218,1785299082,1
2219,1785302519,1
2220,1785303603,1
2221,1785309270,1
2222,1785315339,1
2223,1785319515,1
2224,1785319691,1
2225,1785320728,1
2226,1785326703,1
2227,1785330173,1
2228,1785336327,1
2229,1785336404,1
2230,1785338175,1
2231,1785354169,1
2232,1785361952,1
2233,1785362122,1
2234,1785362332,1
2235,1785366340,1
2236,1785383506,1
2237,1785426201,1
2238,1785426555,1
2239,1785426599,1
2240,1785427738,1
2241,1785465906,1
2242,1785503048,1
2243,1785666078,1
2244,1785746856,1
2245,1785746988,1
2246,1785747339,1
2247,1785761643,1
2248,1785772019,1
2249,1785783243,1
2250,1785789626,1
2251,1785821846,1
2252,1785822764,1
2253,1785836367,1
2254,1785836792,1
2255,1785837750,1
2256,1785843228,1
2257,1785850012,1
2258,1785887616,1
2259,1785904154,1
2260,1785915106,1
2261,1785946587,1
2262,1785963487,1
2263,1785964985,1
2264,1786015339,1
2265,1786021961,1
2266,1786037448,1
2267,1786066313,1
2268,1786095994,1
2269,1786097992,1
2270,1786101958,1
2271,1786137039,1
2272,1786201336,1
2273,1786224963,1
2274,1786226091,1
2275,1786243984,1
2276,1786250657,1
2277,1786272231,1
2278,1786292685,1
2279,1786306610,1
2280,1786319427,1
2281,1786327182,1
2282,1786328257,1
2283,1786331455,1
2284,1786338521,1
2285,1786353430,1
2286,1786353552,1
2287,1786354232,1
2288,1786354280,1
2289,1786354455,1
2290,1786358636,1
2291,1786365069,1
2292,1786381248,1
2293,1786381979,1
2294,1786385461,1
2295,1786387396,1
2296,1786388316,1
2297,1786388650,1
2298,1786429459,1
2299,1786429798,1
2300,1786445014,1
2301,1786446078,1
2302,1786454724,1
2303,1786458470,1
2304,1786459197,1
2305,1786461302,1
2306,1786461348,1
2307,1786461549,1
2308,1786462238,1
2309,1786483219,1
2310,1786485410,1
2311,1786486246,1
2312,1786488749,1
2313,1786488921,1
2314,1786489238,1
2315,1786491012,1
2316,1786494933,1
2317,1786495274,1
2318,1786501125,1
2319,1786502124,1
2320,1786506396,1
2321,1786506920,1
2322,1786509181,1
2323,1786513616,1
2324,1786520011,1
2325,1786521553,1
2326,1786525020,1
2327,1786528393,1
2328,1786531986,1
2329,1786533459,1
2330,1786535654,1
2331,1786535723,1
2332,1786535962,1
2333,1786536458,1
2334,1786537902,1
2335,1786543408,1
2336,1786544853,1
2337,1786545650,1
2338,1786550835,1
2339,1786555401,1
2340,1786557190,1
2341,1786587433,1
2342,1786603108,1
2343,1786609279,1
2344,1786610581,1
2345,1786618143,1
2346,1786618217,1
2347,1786619719,1
2348,1786626937,1
2349,1786631734,1
2350,1786635261,1
2351,1786649682,1
2352,1786657049,1
2353,1786666528,1
2354,1786671324,1
2355,1786703076,1
2356,1786705054,1
2357,1786705541,1
2358,1786724486,1
2359,1786729595,1
2360,1786733514,1
2361,1786762591,1
2362,1786762826,1
2363,1786769054,1
2364,1786778983,1
2365,1786779092,1
2366,1786779692,1
2367,1786782730,1
2368,1786792688,1
2369,1786801563,1
2370,1786953456,1
2371,1786958979,1
2372,1786971294,1
2373,1786972089,1
2374,1787002014,1
2375,1787028674,1
2376,1787041141,1
2377,1787048154,1
2378,1787057467,1
2379,1787067001,1
2380,1787086437,1
2381,1787086905,1
2382,1787135998,1
2383,1787136791,1
2384,1787142227,1
2385,1787148231,1
2386,1787161314,1
2387,1787165473,1
2388,1787188698,1
2389,1787190822,1
2390,1787204041,1
2391,1787209785,1
2392,1787247209,1
2393,1787247582,1
2394,1787258383,1
2395,1787258732,1
2396,1787271377,1
2397,1787278128,1
2398,1787278558,1
2399,1787278618,1
2400,1787278735,1
2401,1787279028,1
2402,1787279210,1
2403,1787279685,1
2404,1787279926,1
2405,1787280056,1
2406,1787280189,1
2407,1787281303,1
2408,1787281489,1
2409,1787281769,1
2410,1787281935,1
2411,1787286196,1
2412,1787295909,1
2413,1787296171,1
2414,1787296316,1
2415,1787296355,1
2416,1787296613,1
2417,1787296850,1
2418,1787297017,1
2419,1787298037,1
2420,1787298953,1
2421,1787304899,1
2422,1787354092,1
2423,1787360140,1
2424,1787373961,1
2425,1787376993,1
2426,1787377375,1
2427,1787379588,1
2428,1787431078,1
2429,1787495798,1
2430,1787539071,1
2431,1787553136,1
2432,1787571821,1
2433,1787572700,1
2434,1787577796,1
2435,1787580068,1
2436,1787585655,1
2437,1787587199,1
2438,1787587404,1
2439,1787587709,1
2440,1787588414,1
2441,1787601423,1
2442,1787605999,1
2443,1787642905,1
2444,1787646519,1
2445,1787647484,1
2446,1787648266,1
2447,1787648672,1
2448,1787650779,1
2449,1787652353,1
2450,1787652666,1
2451,1787666451,1
2452,1787666620,1
2453,1787667537,1
2454,1787670302,1
2455,1787671960,1
2456,1787675506,1
2457,1787679207,1
2458,1787681975,1
2459,1787687606,1
2460,1787688321,1
2461,1787722715,1
2462,1787725759,1
2463,1787731208,1
2464,1787735793,1
2465,1787736409,1
2466,1787740474,1
2467,1787744686,1
2468,1787748768,1
2469,1787754795,1
2470,1787759457,1
2471,1787766401,1
2472,1787766924,1
2473,1787766932,1
2474,1787767743,1
2475,1787767981,1
2476,1787768915,1
2477,1787769469,1
2478,1787770436,1
2479,1787790356,1
2480,1787813744,1
2481,1787816812,1
2482,1787822782,1
2483,1787824388,1
2484,1787825087,1
2485,1787826052,1
2486,1787842930,1
2487,1787844662,1
2488,1787850202,1
2489,1787854692,1
2490,1787857213,1
2491,1787858149,1
2492,1787859178,1
2493,1787860896,1
2494,1787861343,1
2495,1787861557,1
2496,1787861802,1
2497,1787863201,1
2498,1787869012,1
2499,1787871326,1
2500,1787885111,1
2501,1787890888,1
2502,1787893533,1
2503,1787915567,1
2504,1787919174,1
2505,1787920258,1
2506,1787948594,1
2507,1787958581,1
2508,1787977327,1
2509,1787988418,1
2510,1787997768,1
2511,1788014316,1
2512,1788015065,1
2513,1788025809,1
2514,1788050682,1
2515,1788094116,1
2516,1788095587,1
2517,1788102886,1
2518,1788114274,1
2519,1788126321,1
2520,1788160806,1
2521,1788161137,1
2522,1788162163,1
2523,1788168463,1
2524,1788172946,1
2525,1788184128,1
2526,1788185437,1
2527,1788187883,1
2528,1788193732,1
2529,1788193955,1
2530,1788196668,1
2531,1788199642,1
2532,1788206556,1
2533,1788219638,1
2534,1788233485,1
2535,1788246983,1
2536,1788248354,1
2537,1788249237,1
2538,1788250143,1
2539,1788250441,1
2540,1788252218,1
2541,1788252927,1
2542,1788253617,1
2543,1788254495,1
2544,1788254502,1
2545,1788254763,1
2546,1788255144,1
2547,1788255439,1
2548,1788255600,1
2549,1788255619,1
2550,1788255758,1
2551,1788256003,1
2552,1788257309,1
2553,1788257446,1
2554,1788258645,1
2555,1788259605,1
2556,1788259638,1
2557,1788259996,1
2558,1788260343,1
2559,1788260527,1
2560,1788260678,1
2561,1788262667,1
2562,1788262732,1
2563,1788262797,1
2564,1788262859,1
2565,1788262974,1
2566,1788263036,1
2567,1788263579,1
2568,1788263580,1
2569,1788264012,1
2570,1788264023,1
2571,1788264063,1
2572,1788264110,1
2573,1788264117,1
2574,1788264123,1
2575,1788264129,1
2576,1788264129,1
2577,1788264136,1
2578,1788264139,1
2579,1788264167,1
2580,1788264177,1
2581,1788264195,1
2582,1788264217,1
2583,1788264232,1
2584,1788264234,1
2585,1788264249,1
2586,1788264258,1
2587,1788264270,1
2588,1788264279,1
2589,1788264283,1
2590,1788264303,1
2591,1788264303,1
2592,1788264314,1
2593,1788264317,1
2594,1788264323,1
2595,1788264331,1
2596,1788264340,1
2597,1788264340,1
2598,1788264347,1
2599,1788264348,1
2600,1788264352,1
2601,1788264365,1
2602,1788264367,1
2603,1788264378,1
2604,1788264389,1
2605,1788264390,1
2606,1788264391,1
2607,1788264395,1
2608,1788264408,1
2609,1788264414,1
2610,1788264420,1
2611,1788264421,1
2612,1788264424,1
2613,1788264430,1
2614,1788264445,1
2615,1788264450,1
2616,1788264469,1
2617,1788264470,1
2618,1788264476,1
2619,1788264478,1
2620,1788264480,1
2621,1788264487,1
2622,1788264504,1
2623,1788264519,1
2624,1788264524,1
2625,1788264530,1
2626,1788264533,1
2627,1788264546,1
2628,1788264551,1
2629,1788264553,1
2630,1788264562,1
2631,1788264572,1
2632,1788264576,1
2633,1788264583,1
2634,1788264599,1
2635,1788264603,1
2636,1788264609,1
2637,1788264611,1
2638,1788264615,1
2639,1788264621,1
2640,1788264631,1
2641,1788264632,1
2642,1788264634,1
2643,1788264635,1
2644,1788264637,1
2645,1788264646,1
2646,1788264646,1
2647,1788264652,1
2648,1788264654,1
2649,1788264655,1
2650,1788264668,1
2651,1788264671,1
2652,1788264677,1
2653,1788264682,1
2654,1788264696,1
2655,1788264698,1
2656,1788264700,1
2657,1788264704,1
2658,1788264714,1
2659,1788264717,1
2660,1788264726,1
2661,1788264728,1
2662,1788264733,1
2663,1788264749,1
2664,1788264752,1
2665,1788264753,1
2666,1788264766,1
2667,1788264769,1
2668,1788264778,1
2669,1788264784,1
2670,1788264784,1
2671,1788264787,1
2672,1788264791,1
2673,1788264794,1
2674,1788264799,1
2675,1788264799,1
2676,1788264801,1
2677,1788264807,1
2678,1788264818,1
2679,1788264818,1
2680,1788264822,1
2681,1788264823,1
2682,1788264831,1
2683,1788264838,1
2684,1788264843,1
2685,1788264843,1
2686,1788264851,1
2687,1788264853,1
2688,1788264857,1
2689,1788264860,1
2690,1788264867,1
2691,1788264876,1
2692,1788264878,1
2693,1788264878,1
2694,1788264881,1
2695,1788264886,1
2696,1788264899,1
2697,1788264901,1
2698,1788264907,1
2699,1788264908,1
2700,1788264922,1
2701,1788264922,1
2702,1788264931,1
2703,1788264931,1
2704,1788264932,1
2705,1788264937,1
2706,1788264940,1
2707,1788264941,1
2708,1788264948,1
2709,1788264952,1
2710,1788264961,1
2711,1788264964,1
2712,1788264971,1
2713,1788264972,1
2714,1788264972,1
2715,1788264974,1
2716,1788264978,1
2717,1788264988,1
2718,1788264989,1
2719,1788265002,1
2720,1788265004,1
2721,1788265015,1
2722,1788265021,1
2723,1788265029,1
2724,1788265032,1
2725,1788265033,1
2726,1788265033,1
2727,1788265033,1
2728,1788265035,1
2729,1788265039,1
2730,1788265041,1
2731,1788265044,1
2732,1788265048,1
2733,1788265050,1
2734,1788265060,1
2735,1788265065,1
2736,1788265080,1
2737,1788265083,1
2738,1788265088,1
2739,1788265089,1
2740,1788265101,1
2741,1788265103,1
2742,1788265105,1
2743,1788265105,1
2744,1788265105,1
2745,1788265113,1
2746,1788265116,1
2747,1788265118,1
2748,1788265119,1
2749,1788265130,1
2750,1788265130,1
2751,1788265135,1
2752,1788265142,1
2753,1788265142,1
2754,1788265145,1
2755,1788265150,1
2756,1788265162,1
2757,1788265163,1
2758,1788265172,1
2759,1788265173,1
2760,1788265188,1
2761,1788265207,1
2762,1788265213,1
2763,1788265213,1
2764,1788265221,1
2765,1788265223,1
2766,1788265225,1
2767,1788265229,1
2768,1788265235,1
2769,1788265239,1
2770,1788265254,1
2771,1788265255,1
2772,1788265256,1
2773,1788265261,1
2774,1788265261,1
2775,1788265261,1
2776,1788265264,1
2777,1788265268,1
2778,1788265268,1
2779,1788265283,1
2780,1788265287,1
2781,1788265291,1
2782,1788265293,1
2783,1788265297,1
2784,1788265300,1
2785,1788265304,1
2786,1788265306,1
2787,1788265313,1
2788,1788265314,1
2789,1788265333,1
2790,1788265336,1
2791,1788265336,1
2792,1788265340,1
2793,1788265341,1
2794,1788265344,1
2795,1788265348,1
2796,1788265354,1
2797,1788265356,1
2798,1788265356,1
2799,1788265360,1
2800,1788265371,1
2801,1788265373,1
2802,1788265376,1
2803,1788265377,1
2804,1788265383,1
2805,1788265384,1
2806,1788265387,1
2807,1788265396,1
2808,1788265397,1
2809,1788265399,1
2810,1788265403,1
2811,1788265406,1
2812,1788265410,1
2813,1788265411,1
2814,1788265420,1
2815,1788265429,1
2816,1788265440,1
2817,1788265442,1
2818,1788265443,1
2819,1788265445,1
2820,1788265447,1
2821,1788265465,1
2822,1788265465,1
2823,1788265465,1
2824,1788265467,1
2825,1788265469,1
2826,1788265478,1
2827,1788265484,1
2828,1788265492,1
2829,1788265493,1
2830,1788265502,1
2831,1788265518,1
2832,1788265518,1
2833,1788265526,1
2834,1788265527,1
2835,1788265529,1
2836,1788265529,1
2837,1788265529,1
2838,1788265536,1
2839,1788265551,1
2840,1788265552,1
2841,1788265553,1
2842,1788265562,1
2843,1788265563,1
2844,1788265563,1
2845,1788265564,1
2846,1788265566,1
2847,1788265570,1
2848,1788265572,1
2849,1788265574,1
2850,1788265575,1
2851,1788265583,1
2852,1788265587,1
2853,1788265588,1
2854,1788265593,1
2855,1788265608,1
2856,1788265609,1
2857,1788265609,1
2858,1788265612,1
2859,1788265617,1
2860,1788265618,1
2861,1788265619,1
2862,1788265623,1
2863,1788265624,1
2864,1788265627,1
2865,1788265628,1
2866,1788265631,1
2867,1788265633,1
2868,1788265638,1
2869,1788265639,1
2870,1788265643,1
2871,1788265644,1
2872,1788265655,1
2873,1788265655,1
2874,1788265663,1
2875,1788265665,1
2876,1788265665,1
2877,1788265676,1
2878,1788265686,1
2879,1788265689,1
2880,1788265699,1
2881,1788265702,1
2882,1788265703,1
2883,1788265712,1
2884,1788265713,1
2885,1788265716,1
2886,1788265728,1
2887,1788265728,1
2888,1788265735,1
2889,1788265742,1
2890,1788265746,1
2891,1788265747,1
2892,1788265749,1
2893,1788265757,1
2894,1788265757,1
2895,1788265758,1
2896,1788265760,1
2897,1788265760,1
2898,1788265762,1
2899,1788265763,1
2900,1788265769,1
2901,1788265771,1
2902,1788265771,1
2903,1788265772,1
2904,1788265785,1
2905,1788265789,1
2906,1788265793,1
2907,1788265798,1
2908,1788265798,1
2909,1788265804,1
2910,1788265808,1
2911,1788265809,1
2912,1788265814,1
2913,1788265817,1
2914,1788265821,1
2915,1788265822,1
2916,1788265824,1
2917,1788265830,1
2918,1788265834,1
2919,1788265843,1
2920,1788265847,1
2921,1788265848,1
2922,1788265850,1
2923,1788265850,1
2924,1788265854,1
2925,1788265862,1
2926,1788265862,1
2927,1788265867,1
2928,1788265869,1
2929,1788265870,1
2930,1788265870,1
2931,1788265878,1
2932,1788265884,1
2933,1788265885,1
2934,1788265885,1
2935,1788265891,1
2936,1788265897,1
2937,1788265898,1
2938,1788265898,1
2939,1788265903,1
2940,1788265904,1
2941,1788265910,1
2942,1788265910,1
2943,1788265910,1
2944,1788265919,1
2945,1788265922,1
2946,1788265922,1
2947,1788265928,1
2948,1788265931,1
2949,1788265931,1
2950,1788265945,1
2951,1788265945,1
2952,1788265955,1
2953,1788265959,1
2954,1788265960,1
2955,1788265961,1
2956,1788265966,1
2957,1788265966,1
2958,1788265970,1
2959,1788265979,1
2960,1788265981,1
2961,1788265982,1
2962,1788265983,1
2963,1788265985,1
2964,1788265989,1
2965,1788265992,1
2966,1788265995,1
2967,1788266002,1
2968,1788266010,1
2969,1788266015,1
2970,1788266016,1
2971,1788266022,1
2972,1788266033,1
2973,1788266033,1
2974,1788266034,1
2975,1788266040,1
2976,1788266042,1
2977,1788266042,1
2978,1788266047,1
2979,1788266049,1
2980,1788266060,1
2981,1788266063,1
2982,1788266067,1
2983,1788266067,1
2984,1788266067,1
2985,1788266068,1
2986,1788266077,1
2987,1788266077,1
2988,1788266077,1
2989,1788266088,1
2990,1788266088,1
2991,1788266097,1
2992,1788266100,1
2993,1788266104,1
2994,1788266105,1
2995,1788266113,1
2996,1788266115,1
2997,1788266133,1
2998,1788266134,1
2999,1788266136,1
3000,1788266137,1
3001,1788266149,1
3002,1788266154,1
3003,1788266155,1
3004,1788266155,1
3005,1788266174,1
3006,1788266181,1
3007,1788266186,1
3008,1788266188,1
3009,1788266188,1
3010,1788266191,1
3011,1788266197,1
3012,1788266198,1
3013,1788266212,1
3014,1788266215,1
3015,1788266216,1
3016,1788266219,1
3017,1788266229,1
3018,1788266229,1
3019,1788266229,1
3020,1788266231,1
3021,1788266236,1
3022,1788266237,1
3023,1788266239,1
3024,1788266244,1
3025,1788266245,1
3026,1788266246,1
3027,1788266253,1
3028,1788266260,1
3029,1788266266,1
3030,1788266270,1
3031,1788266270,1
3032,1788266271,1
3033,1788266275,1
3034,1788266283,1
3035,1788266284,1
3036,1788266286,1
3037,1788266289,1
3038,1788266294,1
3039,1788266295,1
3040,1788266297,1
3041,1788266299,1
3042,1788266300,1
3043,1788266301,1
3044,1788266313,1
3045,1788266320,1
3046,1788266325,1
3047,1788266328,1
3048,1788266328,1
3049,1788266329,1
3050,1788266343,1
3051,1788266344,1
3052,1788266344,1
3053,1788266345,1
3054,1788266350,1
3055,1788266351,1
3056,1788266354,1
3057,1788266354,1
3058,1788266355,1
3059,1788266357,1
3060,1788266362,1
3061,1788266362,1
3062,1788266366,1
3063,1788266372,1
3064,1788266373,1
3065,1788266374,1
3066,1788266377,1
3067,1788266389,1
3068,1788266391,1
3069,1788266395,1
3070,1788266407,1
3071,1788266409,1
3072,1788266411,1
3073,1788266412,1
3074,1788266414,1
3075,1788266423,1
3076,1788266425,1
3077,1788266426,1
3078,1788266428,1
3079,1788266428,1
3080,1788266429,1
3081,1788266430,1
3082,1788266432,1
3083,1788266432,1
3084,1788266434,1
3085,1788266446,1
3086,1788266454,1
3087,1788266454,1
3088,1788266458,1
3089,1788266463,1
3090,1788266464,1
3091,1788266468,1
3092,1788266470,1
3093,1788266473,1
3094,1788266484,1
3095,1788266491,1
3096,1788266491,1
3097,1788266491,1
3098,1788266498,1
3099,1788266501,1
3100,1788266511,1
3101,1788266514,1
3102,1788266516,1
3103,1788266519,1
3104,1788266520,1
3105,1788266524,1
3106,1788266525,1
3107,1788266534,1
3108,1788266534,1
3109,1788266534,1
3110,1788266538,1
3111,1788266540,1
3112,1788266542,1
3113,1788266543,1
3114,1788266546,1
3115,1788266547,1
3116,1788266548,1
3117,1788266553,1
3118,1788266555,1
3119,1788266567,1
3120,1788266568,1
3121,1788266575,1
3122,1788266583,1
3123,1788266589,1
3124,1788266592,1
3125,1788266592,1
3126,1788266597,1
3127,1788266610,1
3128,1788266614,1
3129,1788266614,1
3130,1788266620,1
3131,1788266622,1
3132,1788266627,1
3133,1788266627,1
3134,1788266629,1
3135,1788266632,1
3136,1788266641,1
3137,1788266643,1
3138,1788266658,1
3139,1788266660,1
3140,1788266660,1
3141,1788266671,1
3142,1788266677,1
3143,1788266678,1
3144,1788266682,1
3145,1788266688,1
3146,1788266689,1
3147,1788266694,1
3148,1788266696,1
3149,1788266697,1
3150,1788266699,1
3151,1788266703,1
3152,1788266710,1
3153,1788266710,1
3154,1788266712,1
3155,1788266717,1
3156,1788266726,1
3157,1788266733,1
3158,1788266737,1
3159,1788266739,1
3160,1788266744,1
3161,1788266752,1
3162,1788266758,1
3163,1788266761,1
3164,1788266762,1
3165,1788266765,1
3166,1788266769,1
3167,1788266772,1
3168,1788266779,1
3169,1788266782,1
3170,1788266792,1
3171,1788266797,1
3172,1788266804,1
3173,1788266806,1
3174,1788266808,1
3175,1788266810,1
3176,1788266815,1
3177,1788266816,1
3178,1788266816,1
3179,1788266816,1
3180,1788266819,1
3181,1788266821,1
3182,1788266822,1
3183,1788266823,1
3184,1788266831,1
3185,1788266833,1
3186,1788266835,1
3187,1788266836,1
3188,1788266837,1
3189,1788266841,1
3190,1788266843,1
3191,1788266860,1
3192,1788266869,1
3193,1788266871,1
3194,1788266871,1
3195,1788266875,1
3196,1788266883,1
3197,1788266884,1
3198,1788266885,1
3199,1788266886,1
3200,1788266888,1
3201,1788266888,1
3202,1788266888,1
3203,1788266889,1
3204,1788266890,1
3205,1788266892,1
3206,1788266897,1
3207,1788266898,1
3208,1788266898,1
3209,1788266899,1
3210,1788266902,1
3211,1788266904,1
3212,1788266914,1
3213,1788266914,1
3214,1788266916,1
3215,1788266919,1
3216,1788266925,1
3217,1788266926,1
3218,1788266928,1
3219,1788266929,1
3220,1788266943,1
3221,1788266944,1
3222,1788266946,1
3223,1788266950,1
3224,1788266959,1
3225,1788266961,1
3226,1788266968,1
3227,1788266973,1
3228,1788266977,1
3229,1788266983,1
3230,1788266984,1
3231,1788266985,1
3232,1788266989,1
3233,1788266991,1
3234,1788266992,1
3235,1788266995,1
3236,1788266996,1
3237,1788266999,1
3238,1788267011,1
3239,1788267017,1
3240,1788267020,1
3241,1788267021,1
3242,1788267022,1
3243,1788267023,1
3244,1788267026,1
3245,1788267027,1
3246,1788267028,1
3247,1788267043,1
3248,1788267050,1
3249,1788267053,1
3250,1788267060,1
3251,1788267066,1
3252,1788267072,1
3253,1788267075,1
3254,1788267076,1
3255,1788267078,1
3256,1788267081,1
3257,1788267082,1
3258,1788267089,1
3259,1788267091,1
3260,1788267104,1
3261,1788267104,1
3262,1788267109,1
3263,1788267113,1
3264,1788267117,1
3265,1788267124,1
3266,1788267126,1
3267,1788267143,1
3268,1788267148,1
3269,1788267154,1
3270,1788267169,1
3271,1788267186,1
3272,1788267189,1
3273,1788267196,1
3274,1788267201,1
3275,1788267208,1
3276,1788267215,1
3277,1788267219,1
3278,1788267227,1
3279,1788267232,1
3280,1788267235,1
3281,1788267237,1
3282,1788267239,1
3283,1788267247,1
3284,1788267256,1
3285,1788267257,1
3286,1788267257,1
3287,1788267262,1
3288,1788267264,1
3289,1788267267,1
3290,1788267270,1
3291,1788267271,1
3292,1788267273,1
3293,1788267276,1
3294,1788267288,1
3295,1788267289,1
3296,1788267290,1
3297,1788267292,1
3298,1788267314,1
3299,1788267316,1
3300,1788267317,1
3301,1788267322,1
3302,1788267323,1
3303,1788267324,1
3304,1788267326,1
3305,1788267328,1
3306,1788267334,1
3307,1788267335,1
3308,1788267338,1
3309,1788267340,1
3310,1788267349,1
3311,1788267356,1
3312,1788267365,1
3313,1788267370,1
3314,1788267371,1
3315,1788267374,1
3316,1788267379,1
3317,1788267388,1
3318,1788267389,1
3319,1788267391,1
3320,1788267393,1
3321,1788267399,1
3322,1788267402,1
3323,1788267405,1
3324,1788267413,1
3325,1788267420,1
3326,1788267423,1
3327,1788267428,1
3328,1788267430,1
3329,1788267439,1
3330,1788267443,1
3331,1788267448,1
3332,1788267450,1
3333,1788267459,1
3334,1788267460,1
3335,1788267466,1
3336,1788267466,1
3337,1788267479,1
3338,1788267489,1
3339,1788267494,1
3340,1788267494,1
3341,1788267497,1
3342,1788267500,1
3343,1788267502,1
3344,1788267507,1
3345,1788267512,1
3346,1788267517,1
3347,1788267525,1
3348,1788267531,1
3349,1788267551,1
3350,1788267551,1
3351,1788267556,1
3352,1788267557,1
3353,1788267557,1
3354,1788267568,1
3355,1788267581,1
3356,1788267585,1
3357,1788267593,1
3358,1788267599,1
3359,1788267600,1
3360,1788267608,1
3361,1788267612,1
3362,1788267613,1
3363,1788267615,1
3364,1788267619,1
3365,1788267633,1
3366,1788267636,1
3367,1788267645,1
3368,1788267649,1
3369,1788267657,1
3370,1788267657,1
3371,1788267662,1
3372,1788267663,1
3373,1788267667,1
3374,1788267670,1
3375,1788267671,1
3376,1788267675,1
3377,1788267685,1
3378,1788267688,1
3379,1788267698,1
3380,1788267698,1
3381,1788267708,1
3382,1788267713,1
3383,1788267717,1
3384,1788267723,1
3385,1788267725,1
3386,1788267727,1
3387,1788267728,1
3388,1788267732,1
3389,1788267735,1
3390,1788267736,1
3391,1788267740,1
3392,1788267745,1
3393,1788267746,1
3394,1788267752,1
3395,1788267753,1
3396,1788267755,1
3397,1788267759,1
3398,1788267764,1
3399,1788267766,1
3400,1788267773,1
3401,1788267778,1
3402,1788267782,1
3403,1788267783,1
3404,1788267794,1
3405,1788267795,1
3406,1788267802,1
3407,1788267809,1
3408,1788267811,1
3409,1788267815,1
3410,1788267825,1
3411,1788267835,1
3412,1788267866,1
3413,1788267877,1
3414,1788267878,1
3415,1788267888,1
3416,1788267891,1
3417,1788267892,1
3418,1788267895,1
3419,1788267902,1
3420,1788267903,1
3421,1788267908,1
3422,1788267915,1
3423,1788267916,1
3424,1788267919,1
3425,1788267921,1
3426,1788267923,1
3427,1788267928,1
3428,1788267936,1
3429,1788267936,1
3430,1788267938,1
3431,1788267945,1
3432,1788267946,1
3433,1788267959,1
3434,1788267963,1
3435,1788267965,1
3436,1788267969,1
3437,1788267971,1
3438,1788267972,1
3439,1788267977,1
3440,1788267980,1
3441,1788267985,1
3442,1788267987,1
3443,1788267993,1
3444,1788268001,1
3445,1788268001,1
3446,1788268014,1
3447,1788268064,1
3448,1788268112,1
3449,1788268157,1
3450,1788268157,1
3451,1788268173,1
3452,1788268173,1
3453,1788268201,1
3454,1788268205,1
3455,1788268211,1
3456,1788268227,1
3457,1788268240,1
3458,1788268258,1
3459,1788268258,1
3460,1788268258,1
3461,1788268258,1
3462,1788268258,1
3463,1788268258,1
3464,1788268258,1
3465,1788268258,1
3466,1788268258,1
3467,1788268258,1
3468,1788268258,1
3469,1788268258,1
3470,1788268258,1
3471,1788268258,1
3472,1788268258,1
3473,1788268258,1
3474,1788268258,1
3475,1788268258,1
3476,1788268258,1
3477,1788268258,1
3478,1788268258,1
3479,1788268261,1
3480,1788268263,1
3481,1788268266,1
3482,1788268267,1
3483,1788268272,1
3484,1788268273,1
3485,1788268276,1
3486,1788268278,1
3487,1788268288,1
3488,1788268290,1
3489,1788268293,1
3490,1788268311,1
3491,1788268318,1
3492,1788268326,1
3493,1788268326,1
3494,1788268333,1
3495,1788268336,1
3496,1788268339,1
3497,1788268341,1
3498,1788268343,1
3499,1788268344,1
3500,1788268344,1
3501,1788268350,1
3502,1788268357,1
3503,1788268357,1
3504,1788268361,1
3505,1788268368,1
3506,1788268370,1
3507,1788268370,1
3508,1788268372,1
3509,1788268376,1
3510,1788268383,1
3511,1788268384,1
3512,1788268389,1
3513,1788268390,1
3514,1788268397,1
3515,1788268402,1
3516,1788268413,1
3517,1788268417,1
3518,1788268417,1
3519,1788268425,1
3520,1788268436,1
3521,1788268459,1
3522,1788268460,1
3523,1788268468,1
3524,1788268469,1
3525,1788268470,1
3526,1788268476,1
3527,1788268478,1
3528,1788268483,1
3529,1788268488,1
3530,1788268492,1
3531,1788268492,1
3532,1788268498,1
3533,1788268503,1
3534,1788268514,1
3535,1788268519,1
3536,1788268523,1
3537,1788268532,1
3538,1788268544,1
3539,1788268544,1
3540,1788268551,1
3541,1788268553,1
3542,1788268562,1
3543,1788268565,1
3544,1788268569,1
3545,1788268570,1
3546,1788268572,1
3547,1788268579,1
3548,1788268580,1
3549,1788268585,1
3550,1788268592,1
3551,1788268592,1
3552,1788268605,1
3553,1788268606,1
3554,1788268609,1
3555,1788268614,1
3556,1788268627,1
3557,1788268627,1
3558,1788268632,1
3559,1788268633,1
3560,1788268634,1
3561,1788268648,1
3562,1788268655,1
3563,1788268661,1
3564,1788268662,1
3565,1788268670,1
3566,1788268681,1
3567,1788268684,1
3568,1788268685,1
3569,1788268686,1
3570,1788268686,1
3571,1788268687,1
3572,1788268691,1
3573,1788268716,1
3574,1788268717,1
3575,1788268728,1
3576,1788268736,1
3577,1788268740,1
3578,1788268741,1
3579,1788268746,1
3580,1788268753,1
3581,1788268756,1
3582,1788268760,1
3583,1788268762,1
3584,1788268763,1
3585,1788268767,1
3586,1788268769,1
3587,1788268775,1
3588,1788268778,1
3589,1788268780,1
3590,1788268784,1
3591,1788268788,1
3592,1788268795,1
3593,1788268797,1
3594,1788268807,1
3595,1788268813,1
3596,1788268818,1
3597,1788268823,1
3598,1788268823,1
3599,1788268830,1
3600,1788268835,1
3601,1788268837,1
3602,1788268839,1
3603,1788268840,1
3604,1788268841,1
3605,1788268849,1
3606,1788268849,1
3607,1788268850,1
3608,1788268863,1
3609,1788268867,1
3610,1788268867,1
3611,1788268869,1
3612,1788268870,1
3613,1788268871,1
3614,1788268874,1
3615,1788268875,1
3616,1788268882,1
3617,1788268891,1
3618,1788268898,1
3619,1788268901,1
3620,1788268903,1
3621,1788268903,1
3622,1788268905,1
3623,1788268917,1
3624,1788268918,1
3625,1788268925,1
3626,1788268926,1
3627,1788268929,1
3628,1788268938,1
3629,1788268938,1
3630,1788268941,1
3631,1788268945,1
3632,1788268946,1
3633,1788268949,1
3634,1788268950,1
3635,1788268969,1
3636,1788268970,1
3637,1788268980,1
3638,1788268984,1
3639,1788268987,1
3640,1788268994,1
3641,1788268995,1
3642,1788268997,1
3643,1788269007,1
3644,1788269021,1
3645,1788269027,1
3646,1788269035,1
3647,1788269036,1
3648,1788269036,1
3649,1788269043,1
3650,1788269046,1
3651,1788269051,1
3652,1788269057,1
3653,1788269064,1
3654,1788269074,1
3655,1788269077,1
3656,1788269081,1
3657,1788269086,1
3658,1788269094,1
3659,1788269099,1
3660,1788269101,1
3661,1788269104,1
3662,1788269105,1
3663,1788269117,1
3664,1788269119,1
3665,1788269121,1
3666,1788269124,1
3667,1788269136,1
3668,1788269136,1
3669,1788269142,1
3670,1788269144,1
3671,1788269147,1
3672,1788269148,1
3673,1788269156,1
3674,1788269158,1
3675,1788269161,1
3676,1788269162,1
3677,1788269165,1
3678,1788269170,1
3679,1788269172,1
3680,1788269190,1
3681,1788269192,1
3682,1788269198,1
3683,1788269203,1
3684,1788269203,1
3685,1788269223,1
3686,1788269225,1
3687,1788269244,1
3688,1788269245,1
3689,1788269245,1
3690,1788269247,1
3691,1788269249,1
3692,1788269249,1
3693,1788269249,1
3694,1788269252,1
3695,1788269254,1
3696,1788269263,1
3697,1788269266,1
3698,1788269267,1
3699,1788269274,1
3700,1788269275,1
3701,1788269280,1
3702,1788269282,1
3703,1788269283,1
3704,1788269302,1
3705,1788269304,1
3706,1788269304,1
3707,1788269307,1
3708,1788269311,1
3709,1788269312,1
3710,1788269315,1
3711,1788269317,1
3712,1788269321,1
3713,1788269326,1
3714,1788269330,1
3715,1788269337,1
3716,1788269338,1
3717,1788269356,1
3718,1788269363,1
3719,1788269363,1
3720,1788269370,1
3721,1788269370,1
3722,1788269371,1
3723,1788269376,1
3724,1788269378,1
3725,1788269378,1
3726,1788269379,1
3727,1788269381,1
3728,1788269383,1
3729,1788269390,1
3730,1788269391,1
3731,1788269393,1
3732,1788269393,1
3733,1788269403,1
3734,1788269405,1
3735,1788269406,1
3736,1788269412,1
3737,1788269415,1
3738,1788269416,1
3739,1788269419,1
3740,1788269423,1
3741,1788269438,1
3742,1788269441,1
3743,1788269442,1
3744,1788269448,1
3745,1788269451,1
3746,1788269454,1
3747,1788269454,1
3748,1788269455,1
3749,1788269461,1
3750,1788269466,1
3751,1788269466,1
3752,1788269470,1
3753,1788269477,1
3754,1788269482,1
3755,1788269486,1
3756,1788269487,1
3757,1788269488,1
3758,1788269490,1
3759,1788269502,1
3760,1788269504,1
3761,1788269506,1
3762,1788269508,1
3763,1788269514,1
3764,1788269516,1
3765,1788269530,1
3766,1788269530,1
3767,1788269540,1
3768,1788269541,1
3769,1788269543,1
3770,1788269543,1
3771,1788269551,1
3772,1788269556,1
3773,1788269563,1
3774,1788269564,1
3775,1788269567,1
3776,1788269570,1
3777,1788269571,1
3778,1788269576,1
3779,1788269580,1
3780,1788269583,1
3781,1788269587,1
3782,1788269590,1
3783,1788269590,1
3784,1788269590,1
3785,1788269600,1
3786,1788269601,1
3787,1788269614,1
3788,1788269620,1
3789,1788269621,1
3790,1788269628,1
3791,1788269628,1
3792,1788269633,1
3793,1788269640,1
3794,1788269649,1
3795,1788269652,1
3796,1788269655,1
3797,1788269659,1
3798,1788269660,1
3799,1788269661,1
3800,1788269668,1
3801,1788269670,1
3802,1788269671,1
3803,1788269679,1
3804,1788269713,1
3805,1788269714,1
3806,1788269720,1
3807,1788269724,1
3808,1788269727,1
3809,1788269733,1
3810,1788269740,1
3811,1788269740,1
3812,1788269747,1
3813,1788269754,1
3814,1788269758,1
3815,1788269763,1
3816,1788269763,1
3817,1788269764,1
3818,1788269766,1
3819,1788269767,1
3820,1788269776,1
3821,1788269781,1
3822,1788269782,1
3823,1788269789,1
3824,1788269806,1
3825,1788269808,1
3826,1788269811,1
3827,1788269816,1
3828,1788269818,1
3829,1788269825,1
3830,1788269830,1
3831,1788269838,1
3832,1788269843,1
3833,1788269844,1
3834,1788269851,1
3835,1788269853,1
3836,1788269854,1
3837,1788269862,1
3838,1788269866,1
3839,1788269871,1
3840,1788269872,1
3841,1788269875,1
3842,1788269877,1
3843,1788269888,1
3844,1788269891,1
3845,1788269908,1
3846,1788269919,1
3847,1788269921,1
3848,1788269925,1
3849,1788269926,1
3850,1788269938,1
3851,1788269944,1
3852,1788269946,1
3853,1788269949,1
3854,1788269951,1
3855,1788269963,1
3856,1788269970,1
3857,1788269972,1
3858,1788269972,1
3859,1788269975,1
3860,1788269981,1
3861,1788269988,1
3862,1788269990,1
3863,1788269994,1
3864,1788269995,1
3865,1788270005,1
3866,1788270013,1
3867,1788270014,1
3868,1788270016,1
3869,1788270023,1
3870,1788270026,1
3871,1788270027,1
3872,1788270031,1
3873,1788270044,1
3874,1788270044,1
3875,1788270049,1
3876,1788270050,1
3877,1788270050,1
3878,1788270063,1
3879,1788270065,1
3880,1788270073,1
3881,1788270078,1
3882,1788270078,1
3883,1788270079,1
3884,1788270083,1
3885,1788270084,1
3886,1788270092,1
3887,1788270098,1
3888,1788270104,1
3889,1788270108,1
3890,1788270114,1
3891,1788270122,1
3892,1788270126,1
3893,1788270128,1
3894,1788270130,1
3895,1788270132,1
3896,1788270134,1
3897,1788270139,1
3898,1788270148,1
3899,1788270154,1
3900,1788270155,1
3901,1788270164,1
3902,1788270164,1
3903,1788270166,1
3904,1788270167,1
3905,1788270169,1
3906,1788270171,1
3907,1788270181,1
3908,1788270182,1
3909,1788270187,1
3910,1788270190,1
3911,1788270190,1
3912,1788270192,1
3913,1788270193,1
3914,1788270193,1
3915,1788270196,1
3916,1788270197,1
3917,1788270201,1
3918,1788270205,1
3919,1788270207,1
3920,1788270209,1
3921,1788270212,1
3922,1788270213,1
3923,1788270222,1
3924,1788270243,1
3925,1788270254,1
3926,1788270255,1
3927,1788270260,1
3928,1788270271,1
3929,1788270271,1
3930,1788270271,1
3931,1788270273,1
3932,1788270279,1
3933,1788270281,1
3934,1788270286,1
3935,1788270287,1
3936,1788270291,1
3937,1788270295,1
3938,1788270303,1
3939,1788270303,1
3940,1788270304,1
3941,1788270307,1
3942,1788270307,1
3943,1788270308,1
3944,1788270313,1
3945,1788270323,1
3946,1788270326,1
3947,1788270326,1
3948,1788270336,1
3949,1788270336,1
3950,1788270340,1
3951,1788270343,1
3952,1788270344,1
3953,1788270350,1
3954,1788270351,1
3955,1788270355,1
3956,1788270357,1
3957,1788270358,1
3958,1788270359,1
3959,1788270367,1
3960,1788270368,1
3961,1788270374,1
3962,1788270374,1
3963,1788270388,1
3964,1788270396,1
3965,1788270407,1
3966,1788270407,1
3967,1788270413,1
3968,1788270416,1
3969,1788270416,1
3970,1788270419,1
3971,1788270419,1
3972,1788270423,1
3973,1788270430,1
3974,1788270430,1
3975,1788270432,1
3976,1788270433,1
3977,1788270438,1
3978,1788270461,1
3979,1788270464,1
3980,1788270466,1
3981,1788270468,1
3982,1788270468,1
3983,1788270471,1
3984,1788270477,1
3985,1788270480,1
3986,1788270487,1
3987,1788270498,1
3988,1788270505,1
3989,1788270510,1
3990,1788270513,1
3991,1788270523,1
3992,1788270527,1
3993,1788270530,1
3994,1788270534,1
3995,1788270543,1
3996,1788270557,1
3997,1788270560,1
3998,1788270565,1
3999,1788270571,1
4000,1788270580,1
4001,1788270585,1
4002,1788270609,1
4003,1788270612,1
4004,1788270614,1
4005,1788270614,1
4006,1788270619,1
4007,1788270625,1
4008,1788270627,1
4009,1788270629,1
4010,1788270638,1
4011,1788270643,1
4012,1788270644,1
4013,1788270645,1
4014,1788270649,1
4015,1788270653,1
4016,1788270656,1
4017,1788270662,1
4018,1788270663,1
4019,1788270675,1
4020,1788270676,1
4021,1788270678,1
4022,1788270680,1
4023,1788270685,1
4024,1788270688,1
4025,1788270689,1
4026,1788270691,1
4027,1788270699,1
4028,1788270701,1
4029,1788270707,1
4030,1788270711,1
4031,1788270712,1
4032,1788270715,1
4033,1788270730,1
4034,1788270733,1
4035,1788270736,1
4036,1788270736,1
4037,1788270747,1
4038,1788270750,1
4039,1788270769,1
4040,1788270770,1
4041,1788270777,1
4042,1788270785,1
4043,1788270787,1
4044,1788270795,1
4045,1788270801,1
4046,1788270803,1
4047,1788270803,1
4048,1788270825,1
4049,1788270825,1
4050,1788270827,1
4051,1788270830,1
4052,1788270837,1
4053,1788270839,1
4054,1788270842,1
4055,1788270846,1
4056,1788270848,1
4057,1788270848,1
4058,1788270851,1
4059,1788270851,1
4060,1788270870,1
4061,1788270871,1
4062,1788270876,1
4063,1788270895,1
4064,1788270912,1
4065,1788270916,1
4066,1788270918,1
4067,1788270924,1
4068,1788270927,1
4069,1788270933,1
4070,1788270936,1
4071,1788270938,1
4072,1788270949,1
4073,1788270950,1
4074,1788270955,1
4075,1788270957,1
4076,1788270957,1
4077,1788270960,1
4078,1788270967,1
4079,1788270968,1
4080,1788270970,1
4081,1788270974,1
4082,1788270974,1
4083,1788270977,1
4084,1788270978,1
4085,1788270987,1
4086,1788270990,1
4087,1788270991,1
4088,1788271007,1
4089,1788271013,1
4090,1788271027,1
4091,1788271031,1
4092,1788271034,1
4093,1788271040,1
4094,1788271040,1
4095,1788271044,1
4096,1788271047,1
4097,1788271050,1
4098,1788271051,1
4099,1788271067,1
4100,1788271067,1
4101,1788271077,1
4102,1788271078,1
4103,1788271100,1
4104,1788271104,1
4105,1788271104,1
4106,1788271106,1
4107,1788271111,1
4108,1788271113,1
4109,1788271113,1
4110,1788271114,1
4111,1788271119,1
4112,1788271126,1
4113,1788271141,1
4114,1788271141,1
4115,1788271144,1
4116,1788271145,1
4117,1788271146,1
4118,1788271168,1
4119,1788271172,1
4120,1788271173,1
4121,1788271182,1
4122,1788271183,1
4123,1788271190,1
4124,1788271194,1
4125,1788271197,1
4126,1788271202,1
4127,1788271208,1
4128,1788271223,1
4129,1788271226,1
4130,1788271227,1
4131,1788271228,1
4132,1788271230,1
4133,1788271233,1
4134,1788271234,1
4135,1788271236,1
4136,1788271241,1
4137,1788271248,1
4138,1788271258,1
4139,1788271266,1
4140,1788271278,1
4141,1788271281,1
4142,1788271286,1
4143,1788271296,1
4144,1788271297,1
4145,1788271302,1
4146,1788271309,1
4147,1788271311,1
4148,1788271313,1
4149,1788271315,1
4150,1788271316,1
4151,1788271324,1
4152,1788271326,1
4153,1788271327,1
4154,1788271332,1
4155,1788271333,1
4156,1788271334,1
4157,1788271348,1
4158,1788271351,1
4159,1788271353,1
4160,1788271362,1
4161,1788271377,1
4162,1788271383,1
4163,1788271387,1
4164,1788271393,1
4165,1788271393,1
4166,1788271393,1
4167,1788271396,1
4168,1788271397,1
4169,1788271405,1
4170,1788271409,1
4171,1788271410,1
4172,1788271414,1
4173,1788271417,1
4174,1788271417,1
4175,1788271421,1
4176,1788271423,1
4177,1788271428,1
4178,1788271434,1
4179,1788271443,1
4180,1788271444,1
4181,1788271450,1
4182,1788271452,1
4183,1788271457,1
4184,1788271462,1
4185,1788271463,1
4186,1788271468,1
4187,1788271471,1
4188,1788271483,1
4189,1788271483,1
4190,1788271487,1
4191,1788271489,1
4192,1788271490,1
4193,1788271498,1
4194,1788271502,1
4195,1788271508,1
4196,1788271508,1
4197,1788271527,1
4198,1788271540,1
4199,1788271544,1
4200,1788271545,1
4201,1788271546,1
4202,1788271548,1
4203,1788271551,1
4204,1788271553,1
4205,1788271558,1
4206,1788271564,1
4207,1788271569,1
4208,1788271578,1
4209,1788271585,1
4210,1788271588,1
4211,1788271589,1
4212,1788271595,1
4213,1788271610,1
4214,1788271614,1
4215,1788271616,1
4216,1788271618,1
4217,1788271629,1
4218,1788271633,1
4219,1788271643,1
4220,1788271650,1
4221,1788271652,1
4222,1788271677,1
4223,1788271680,1
4224,1788271681,1
4225,1788271682,1
4226,1788271683,1
4227,1788271688,1
4228,1788271691,1
4229,1788271696,1
4230,1788271700,1
4231,1788271713,1
4232,1788271721,1
4233,1788271728,1
4234,1788271733,1
4235,1788271737,1
4236,1788271740,1
4237,1788271741,1
4238,1788271743,1
4239,1788271749,1
4240,1788271755,1
4241,1788271758,1
4242,1788271759,1
4243,1788271769,1
4244,1788271771,1
4245,1788271781,1
4246,1788271785,1
4247,1788271786,1
4248,1788271788,1
4249,1788271790,1
4250,1788271794,1
4251,1788271795,1
4252,1788271801,1
4253,1788271810,1
4254,1788271824,1
4255,1788271834,1
4256,1788271836,1
4257,1788271843,1
4258,1788271844,1
4259,1788271849,1
4260,1788271854,1
4261,1788271854,1
4262,1788271857,1
4263,1788271858,1
4264,1788271865,1
4265,1788271874,1
4266,1788271876,1
4267,1788271881,1
4268,1788271887,1
4269,1788271887,1
4270,1788271890,1
4271,1788271896,1
4272,1788271904,1
4273,1788271907,1
4274,1788271909,1
4275,1788271910,1
4276,1788271914,1
4277,1788271920,1
4278,1788271921,1
4279,1788271923,1
4280,1788271932,1
4281,1788271937,1
4282,1788271939,1
4283,1788271942,1
4284,1788271942,1
4285,1788271945,1
4286,1788271946,1
4287,1788271959,1
4288,1788271961,1
4289,1788271964,1
4290,1788271968,1
4291,1788271969,1
4292,1788271971,1
4293,1788271979,1
4294,1788271992,1
4295,1788271995,1
4296,1788272002,1
4297,1788272003,1
4298,1788272026,1
4299,1788272029,1
4300,1788272047,1
4301,1788272049,1
4302,1788272067,1
4303,1788272075,1
4304,1788272083,1
4305,1788272089,1
4306,1788272089,1
4307,1788272091,1
4308,1788272094,1
4309,1788272095,1
4310,1788272109,1
4311,1788272111,1
4312,1788272113,1
4313,1788272122,1
4314,1788272129,1
4315,1788272135,1
4316,1788272141,1
4317,1788272141,1
4318,1788272151,1
4319,1788272152,1
4320,1788272158,1
4321,1788272159,1
4322,1788272164,1
4323,1788272166,1
4324,1788272167,1
4325,1788272179,1
4326,1788272182,1
4327,1788272198,1
4328,1788272205,1
4329,1788272211,1
4330,1788272219,1
4331,1788272219,1
4332,1788272222,1
4333,1788272222,1
4334,1788272228,1
4335,1788272228,1
4336,1788272231,1
4337,1788272236,1
4338,1788272243,1
4339,1788272246,1
4340,1788272250,1
4341,1788272254,1
4342,1788272276,1
4343,1788272296,1
4344,1788272300,1
4345,1788272305,1
4346,1788272306,1
4347,1788272310,1
4348,1788272317,1
4349,1788272325,1
4350,1788272325,1
4351,1788272329,1
4352,1788272330,1
4353,1788272331,1
4354,1788272351,1
4355,1788272358,1
4356,1788272369,1
4357,1788272375,1
4358,1788272377,1
4359,1788272379,1
4360,1788272383,1
4361,1788272384,1
4362,1788272388,1
4363,1788272392,1
4364,1788272409,1
4365,1788272410,1
4366,1788272429,1
4367,1788272448,1
4368,1788272467,1
4369,1788272469,1
4370,1788272475,1
4371,1788272476,1
4372,1788272476,1
4373,1788272485,1
4374,1788272494,1
4375,1788272501,1
4376,1788272509,1
4377,1788272509,1
4378,1788272511,1
4379,1788272518,1
4380,1788272535,1
4381,1788272538,1
4382,1788272545,1
4383,1788272547,1
4384,1788272549,1
4385,1788272566,1
4386,1788272611,1
4387,1788272612,1
4388,1788272624,1
4389,1788272629,1
4390,1788272630,1
4391,1788272634,1
4392,1788272637,1
4393,1788272638,1
4394,1788272647,1
4395,1788272647,1
4396,1788272651,1
4397,1788272653,1
4398,1788272658,1
4399,1788272658,1
4400,1788272662,1
4401,1788272666,1
4402,1788272672,1
4403,1788272681,1
4404,1788272689,1
4405,1788272689,1
4406,1788272702,1
4407,1788272703,1
4408,1788272713,1
4409,1788272716,1
4410,1788272727,1
4411,1788272738,1
4412,1788272763,1
4413,1788272763,1
4414,1788272765,1
4415,1788272784,1
4416,1788272791,1
4417,1788272793,1
4418,1788272806,1
4419,1788272809,1
4420,1788272815,1
4421,1788272817,1
4422,1788272828,1
4423,1788272832,1
4424,1788272834,1
4425,1788272835,1
4426,1788272835,1
4427,1788272839,1
4428,1788272847,1
4429,1788272854,1
4430,1788272856,1
4431,1788272858,1
4432,1788272859,1
4433,1788272867,1
4434,1788272868,1
4435,1788272875,1
4436,1788272877,1
4437,1788272878,1
4438,1788272899,1
4439,1788272900,1
4440,1788272907,1
4441,1788272910,1
4442,1788272916,1
4443,1788272918,1
4444,1788272924,1
4445,1788272928,1
4446,1788272929,1
4447,1788272935,1
4448,1788272954,1
4449,1788272966,1
4450,1788272971,1
4451,1788272975,1
4452,1788272978,1
4453,1788272985,1
4454,1788272985,1
4455,1788272991,1
4456,1788272999,1
4457,1788273040,1
4458,1788273042,1
4459,1788273049,1
4460,1788273049,1
4461,1788273074,1
4462,1788273075,1
4463,1788273075,1
4464,1788273100,1
4465,1788273107,1
4466,1788273112,1
4467,1788273116,1
4468,1788273120,1
4469,1788273148,1
4470,1788273151,1
4471,1788273157,1
4472,1788273172,1
4473,1788273181,1
4474,1788273190,1
4475,1788273198,1
4476,1788273210,1
4477,1788273229,1
4478,1788273247,1
4479,1788273284,1
4480,1788273296,1
4481,1788273299,1
4482,1788273313,1
4483,1788273315,1
4484,1788273326,1
4485,1788273338,1
4486,1788273338,1
4487,1788273339,1
4488,1788273343,1
4489,1788273350,1
4490,1788273352,1
4491,1788273356,1
4492,1788273360,1
4493,1788273365,1
4494,1788273369,1
4495,1788273378,1
4496,1788273387,1
4497,1788273397,1
4498,1788273398,1
4499,1788273402,1
4500,1788273403,1
4501,1788273408,1
4502,1788273413,1
4503,1788273415,1
4504,1788273431,1
4505,1788273438,1
4506,1788273441,1
4507,1788273442,1
4508,1788273444,1
4509,1788273449,1
4510,1788273450,1
4511,1788273461,1
4512,1788273478,1
4513,1788273489,1
4514,1788273492,1
4515,1788273495,1
4516,1788273497,1
4517,1788273500,1
4518,1788273503,1
4519,1788273509,1
4520,1788273511,1
4521,1788273513,1
4522,1788273515,1
4523,1788273517,1
4524,1788273518,1
4525,1788273532,1
4526,1788273536,1
4527,1788273548,1
4528,1788273553,1
4529,1788273554,1
4530,1788273568,1
4531,1788273572,1
4532,1788273583,1
4533,1788273594,1
4534,1788273594,1
4535,1788273596,1
4536,1788273604,1
4537,1788273604,1
4538,1788273608,1
4539,1788273610,1
4540,1788273615,1
4541,1788273616,1
4542,1788273618,1
4543,1788273630,1
4544,1788273630,1
4545,1788273635,1
4546,1788273641,1
4547,1788273644,1
4548,1788273647,1
4549,1788273653,1
4550,1788273683,1
4551,1788273688,1
4552,1788273691,1
4553,1788273692,1
4554,1788273702,1
4555,1788273707,1
4556,1788273711,1
4557,1788273716,1
4558,1788273720,1
4559,1788273720,1
4560,1788273728,1
4561,1788273728,1
4562,1788273732,1
4563,1788273745,1
4564,1788273750,1
4565,1788273756,1
4566,1788273759,1
4567,1788273770,1
4568,1788273771,1
4569,1788273775,1
4570,1788273779,1
4571,1788273785,1
4572,1788273793,1
4573,1788273796,1
4574,1788273802,1
4575,1788273819,1
4576,1788273822,1
4577,1788273826,1
4578,1788273844,1
4579,1788273846,1
4580,1788273849,1
4581,1788273854,1
4582,1788273865,1
4583,1788273869,1
4584,1788273871,1
4585,1788273883,1
4586,1788273887,1
4587,1788273891,1
4588,1788273893,1
4589,1788273895,1
4590,1788273898,1
4591,1788273899,1
4592,1788273899,1
4593,1788273917,1
4594,1788273935,1
4595,1788273941,1
4596,1788273945,1
4597,1788273953,1
4598,1788273955,1
4599,1788273956,1
4600,1788273972,1
4601,1788273987,1
4602,1788273987,1
4603,1788273990,1
4604,1788273992,1
4605,1788273992,1
4606,1788273996,1
4607,1788274001,1
4608,1788274003,1
4609,1788274004,1
4610,1788274006,1
4611,1788274011,1
4612,1788274014,1
4613,1788274015,1
4614,1788274015,1
4615,1788274017,1
4616,1788274025,1
4617,1788274030,1
4618,1788274041,1
4619,1788274045,1
4620,1788274054,1
4621,1788274054,1
4622,1788274056,1
4623,1788274061,1
4624,1788274065,1
4625,1788274067,1
4626,1788274100,1
4627,1788274104,1
4628,1788274123,1
4629,1788274128,1
4630,1788274129,1
4631,1788274140,1
4632,1788274141,1
4633,1788274156,1
4634,1788274164,1
4635,1788274168,1
4636,1788274170,1
4637,1788274178,1
4638,1788274180,1
4639,1788274188,1
4640,1788274188,1
4641,1788274190,1
4642,1788274203,1
4643,1788274214,1
4644,1788274214,1
4645,1788274225,1
4646,1788274229,1
4647,1788274231,1
4648,1788274245,1
4649,1788274258,1
4650,1788274267,1
4651,1788274267,1
4652,1788274269,1
4653,1788274274,1
4654,1788274274,1
4655,1788274284,1
4656,1788274284,1
4657,1788274291,1
4658,1788274306,1
4659,1788274309,1
4660,1788274315,1
4661,1788274318,1
4662,1788274318,1
4663,1788274321,1
4664,1788274329,1
4665,1788274333,1
4666,1788274340,1
4667,1788274347,1
4668,1788274381,1
4669,1788274422,1
4670,1788274424,1
4671,1788274437,1
4672,1788274452,1
4673,1788274454,1
4674,1788274460,1
4675,1788274463,1
4676,1788274467,1
4677,1788274480,1
4678,1788274486,1
4679,1788274487,1
4680,1788274495,1
4681,1788274502,1
4682,1788274507,1
4683,1788274527,1
4684,1788274538,1
4685,1788274544,1
4686,1788274564,1
4687,1788274566,1
4688,1788274600,1
4689,1788274607,1
4690,1788274614,1
4691,1788274632,1
4692,1788274638,1
4693,1788274640,1
4694,1788274651,1
4695,1788274654,1
4696,1788274657,1
4697,1788274663,1
4698,1788274664,1
4699,1788274675,1
4700,1788274675,1
4701,1788274681,1
4702,1788274681,1
4703,1788274688,1
4704,1788274691,1
4705,1788274740,1
4706,1788274744,1
4707,1788274747,1
4708,1788274752,1
4709,1788274758,1
4710,1788274761,1
4711,1788274775,1
4712,1788274804,1
4713,1788274812,1
4714,1788274816,1
4715,1788274831,1
4716,1788274831,1
4717,1788274836,1
4718,1788274836,1
4719,1788274850,1
4720,1788274851,1
4721,1788274872,1
4722,1788274875,1
4723,1788274877,1
4724,1788274882,1
4725,1788274892,1
4726,1788274904,1
4727,1788274906,1
4728,1788274913,1
4729,1788274921,1
4730,1788274922,1
4731,1788274938,1
4732,1788274940,1
4733,1788274950,1
4734,1788274956,1
4735,1788274980,1
4736,1788274983,1
4737,1788275000,1
4738,1788275001,1
4739,1788275011,1
4740,1788275011,1
4741,1788275011,1
4742,1788275016,1
4743,1788275023,1
4744,1788275026,1
4745,1788275032,1
4746,1788275033,1
4747,1788275038,1
4748,1788275039,1
4749,1788275040,1
4750,1788275066,1
4751,1788275076,1
4752,1788275078,1
4753,1788275084,1
4754,1788275126,1
4755,1788275138,1
4756,1788275160,1
4757,1788275196,1
4758,1788275212,1
4759,1788275226,1
4760,1788275231,1
4761,1788275232,1
4762,1788275243,1
4763,1788275244,1
4764,1788275250,1
4765,1788275257,1
4766,1788275259,1
4767,1788275262,1
4768,1788275269,1
4769,1788275272,1
4770,1788275281,1
4771,1788275299,1
4772,1788275317,1
4773,1788275323,1
4774,1788275324,1
4775,1788275325,1
4776,1788275329,1
4777,1788275365,1
4778,1788275368,1
4779,1788275388,1
4780,1788275406,1
4781,1788275411,1
4782,1788275454,1
4783,1788275461,1
4784,1788275464,1
4785,1788275468,1
4786,1788275477,1
4787,1788275497,1
4788,1788275506,1
4789,1788275508,1
4790,1788275511,1
4791,1788275513,1
4792,1788275529,1
4793,1788275538,1
4794,1788275548,1
4795,1788275554,1
4796,1788275554,1
4797,1788275567,1
4798,1788275574,1
4799,1788275574,1
4800,1788275575,1
4801,1788275588,1
4802,1788275591,1
4803,1788275597,1
4804,1788275599,1
4805,1788275610,1
4806,1788275613,1
4807,1788275627,1
4808,1788275643,1
4809,1788275652,1
4810,1788275662,1
4811,1788275665,1
4812,1788275666,1
4813,1788275677,1
4814,1788275689,1
4815,1788275691,1
4816,1788275691,1
4817,1788275703,1
4818,1788275704,1
4819,1788275727,1
4820,1788275735,1
4821,1788275739,1
4822,1788275741,1
4823,1788275750,1
4824,1788275756,1
4825,1788275756,1
4826,1788275777,1
4827,1788275780,1
4828,1788275783,1
4829,1788275793,1
4830,1788275811,1
4831,1788275831,1
4832,1788275835,1
4833,1788275869,1
4834,1788275873,1
4835,1788275873,1
4836,1788275895,1
4837,1788275897,1
4838,1788275902,1
4839,1788275902,1
4840,1788275902,1
4841,1788275907,1
4842,1788275908,1
4843,1788275911,1
4844,1788275926,1
4845,1788275936,1
4846,1788275945,1
4847,1788275956,1
4848,1788275977,1
4849,1788275977,1
4850,1788275982,1
4851,1788275989,1
4852,1788275990,1
4853,1788275991,1
4854,1788275994,1
4855,1788275996,1
4856,1788276010,1
4857,1788276023,1
4858,1788276032,1
4859,1788276037,1
4860,1788276038,1
4861,1788276055,1
4862,1788276076,1
4863,1788276077,1
4864,1788276078,1
4865,1788276079,1
4866,1788276082,1
4867,1788276086,1
4868,1788276086,1
4869,1788276090,1
4870,1788276125,1
4871,1788276132,1
4872,1788276138,1
4873,1788276155,1
4874,1788276162,1
4875,1788276177,1
4876,1788276177,1
4877,1788276199,1
4878,1788276213,1
4879,1788276227,1
4880,1788276236,1
4881,1788276236,1
4882,1788276243,1
4883,1788276243,1
4884,1788276251,1
4885,1788276255,1
4886,1788276256,1
4887,1788276263,1
4888,1788276263,1
4889,1788276268,1
4890,1788276269,1
4891,1788276270,1
4892,1788276276,1
4893,1788276285,1
4894,1788276297,1
4895,1788276312,1
4896,1788276317,1
4897,1788276325,1
4898,1788276328,1
4899,1788276332,1
4900,1788276340,1
4901,1788276345,1
4902,1788276353,1
4903,1788276355,1
4904,1788276359,1
4905,1788276362,1
4906,1788276375,1
4907,1788276377,1
4908,1788276380,1
4909,1788276402,1
4910,1788276423,1
4911,1788276433,1
4912,1788276438,1
4913,1788276439,1
4914,1788276451,1
4915,1788276460,1
4916,1788276460,1
4917,1788276466,1
4918,1788276482,1
4919,1788276486,1
4920,1788276486,1
4921,1788276489,1
4922,1788276499,1
4923,1788276521,1
4924,1788276553,1
4925,1788276553,1
4926,1788276557,1
4927,1788276563,1
4928,1788276574,1
4929,1788276577,1
4930,1788276587,1
4931,1788276603,1
4932,1788276623,1
4933,1788276645,1
4934,1788276646,1
4935,1788276649,1
4936,1788276652,1
4937,1788276653,1
4938,1788276654,1
4939,1788276660,1
4940,1788276666,1
4941,1788276670,1
4942,1788276679,1
4943,1788276689,1
4944,1788276704,1
4945,1788276709,1
4946,1788276745,1
4947,1788276751,1
4948,1788276755,1
4949,1788276758,1
4950,1788276760,1
4951,1788276773,1
4952,1788276788,1
4953,1788276798,1
4954,1788276802,1
4955,1788276803,1
4956,1788276806,1
4957,1788276809,1
4958,1788276822,1
4959,1788276838,1
4960,1788276870,1
4961,1788276880,1
4962,1788276882,1
4963,1788276885,1
4964,1788276889,1
4965,1788276889,1
4966,1788276894,1
4967,1788276897,1
4968,1788276902,1
4969,1788276903,1
4970,1788276913,1
4971,1788276919,1
4972,1788276919,1
4973,1788276932,1
4974,1788276937,1
4975,1788276951,1
4976,1788276952,1
4977,1788276952,1
4978,1788276953,1
4979,1788276959,1
4980,1788276977,1
4981,1788276986,1
4982,1788276990,1
4983,1788277000,1
4984,1788277006,1
4985,1788277020,1
4986,1788277028,1
4987,1788277032,1
4988,1788277040,1
4989,1788277042,1
4990,1788277049,1
4991,1788277054,1
4992,1788277072,1
4993,1788277073,1
4994,1788277102,1
4995,1788277104,1
4996,1788277107,1
4997,1788277117,1
4998,1788277118,1
4999,1788277119,1
5000,1788277120,1
5001,1788277128,1
5002,1788277128,1
5003,1788277128,1
5004,1788277141,1
5005,1788277142,1
5006,1788277145,1
5007,1788277145,1
5008,1788277145,1
5009,1788277148,1
5010,1788277156,1
5011,1788277162,1
5012,1788277163,1
5013,1788277164,1
5014,1788277187,1
5015,1788277227,1
5016,1788277227,1
5017,1788277293,1
5018,1788277301,1
5019,1788277335,1
5020,1788277343,1
5021,1788277356,1
5022,1788277370,1
5023,1788277371,1
5024,1788277374,1
5025,1788277390,1
5026,1788277391,1
5027,1788277395,1
5028,1788277403,1
5029,1788277419,1
5030,1788277427,1
5031,1788277434,1
5032,1788277434,1
5033,1788277437,1
5034,1788277448,1
5035,1788277477,1
5036,1788277485,1
5037,1788277504,1
5038,1788277505,1
5039,1788277506,1
5040,1788277519,1
5041,1788277528,1
5042,1788277540,1
5043,1788277548,1
5044,1788277553,1
5045,1788277579,1
5046,1788277591,1
5047,1788277595,1
5048,1788277598,1
5049,1788277606,1
5050,1788277613,1
5051,1788277621,1
5052,1788277625,1
5053,1788277628,1
5054,1788277649,1
5055,1788277659,1
5056,1788277665,1
5057,1788277668,1
5058,1788277675,1
5059,1788277676,1
5060,1788277690,1
5061,1788277718,1
5062,1788277720,1
5063,1788277733,1
5064,1788277733,1
5065,1788277740,1
5066,1788277744,1
5067,1788277745,1
5068,1788277746,1
5069,1788277760,1
5070,1788277769,1
5071,1788277774,1
5072,1788277821,1
5073,1788277821,1
5074,1788277822,1
5075,1788277822,1
5076,1788277826,1
5077,1788277829,1
5078,1788277829,1
5079,1788277842,1
5080,1788277851,1
5081,1788277855,1
5082,1788277858,1
5083,1788277861,1
5084,1788277863,1
5085,1788277877,1
5086,1788277882,1
5087,1788277912,1
5088,1788277927,1
5089,1788277930,1
5090,1788277931,1
5091,1788277935,1
5092,1788277940,1
5093,1788277941,1
5094,1788277943,1
5095,1788277948,1
5096,1788277957,1
5097,1788277957,1
5098,1788277959,1
5099,1788277969,1
5100,1788277976,1
5101,1788277978,1
5102,1788277987,1
5103,1788278004,1
5104,1788278016,1
5105,1788278028,1
5106,1788278030,1
5107,1788278044,1
5108,1788278046,1
5109,1788278053,1
5110,1788278077,1
5111,1788278083,1
5112,1788278098,1
5113,1788278112,1
5114,1788278127,1
5115,1788278132,1
5116,1788278142,1
5117,1788278158,1
5118,1788278159,1
5119,1788278171,1
5120,1788278174,1
5121,1788278192,1
5122,1788278203,1
5123,1788278208,1
5124,1788278228,1
5125,1788278236,1
5126,1788278239,1
5127,1788278244,1
5128,1788278245,1
5129,1788278268,1
5130,1788278274,1
5131,1788278276,1
5132,1788278288,1
5133,1788278292,1
5134,1788278294,1
5135,1788278294,1
5136,1788278295,1
5137,1788278309,1
5138,1788278330,1
5139,1788278341,1
5140,1788278343,1
5141,1788278361,1
5142,1788278386,1
5143,1788278426,1
5144,1788278450,1
5145,1788278451,1
5146,1788278461,1
5147,1788278471,1
5148,1788278473,1
5149,1788278478,1
5150,1788278484,1
5151,1788278516,1
5152,1788278539,1
5153,1788278548,1
5154,1788278552,1
5155,1788278554,1
5156,1788278558,1
5157,1788278562,1
5158,1788278572,1
5159,1788278578,1
5160,1788278579,1
5161,1788278593,1
5162,1788278604,1
5163,1788278606,1
5164,1788278621,1
5165,1788278634,1
5166,1788278635,1
5167,1788278637,1
5168,1788278643,1
5169,1788278649,1
5170,1788278654,1
5171,1788278660,1
5172,1788278667,1
5173,1788278672,1
5174,1788278708,1
5175,1788278710,1
5176,1788278735,1
5177,1788278737,1
5178,1788278742,1
5179,1788278748,1
5180,1788278749,1
5181,1788278751,1
5182,1788278755,1
5183,1788278762,1
5184,1788278778,1
5185,1788278780,1
5186,1788278796,1
5187,1788278809,1
5188,1788278812,1
5189,1788278825,1
5190,1788278827,1
5191,1788278853,1
5192,1788278874,1
5193,1788278874,1
5194,1788278886,1
5195,1788278958,1
5196,1788278958,1
5197,1788279005,1
5198,1788279007,1
5199,1788279014,1
5200,1788279017,1
5201,1788279024,1
5202,1788279025,1
5203,1788279028,1
5204,1788279038,1
5205,1788279065,1
5206,1788279069,1
5207,1788279072,1
5208,1788279090,1
5209,1788279094,1
5210,1788279096,1
5211,1788279102,1
5212,1788279107,1
5213,1788279109,1
5214,1788279114,1
5215,1788279129,1
5216,1788279135,1
5217,1788279137,1
5218,1788279163,1
5219,1788279163,1
5220,1788279170,1
5221,1788279174,1
5222,1788279188,1
5223,1788279196,1
5224,1788279198,1
5225,1788279233,1
5226,1788279236,1
5227,1788279244,1
5228,1788279248,1
5229,1788279254,1
5230,1788279297,1
5231,1788279298,1
5232,1788279367,1
5233,1788279373,1
5234,1788279385,1
5235,1788279393,1
5236,1788279396,1
5237,1788279398,1
5238,1788279398,1
5239,1788279407,1
5240,1788279407,1
5241,1788279409,1
5242,1788279413,1
5243,1788279414,1
5244,1788279417,1
5245,1788279418,1
5246,1788279419,1
5247,1788279422,1
5248,1788279438,1
5249,1788279439,1
5250,1788279446,1
5251,1788279453,1
5252,1788279453,1
5253,1788279456,1
5254,1788279458,1
5255,1788279462,1
5256,1788279463,1
5257,1788279471,1
5258,1788279483,1
5259,1788279483,1
5260,1788279489,1
5261,1788279499,1
5262,1788279501,1
5263,1788279517,1
5264,1788279517,1
5265,1788279525,1
5266,1788279538,1
5267,1788279540,1
5268,1788279553,1
5269,1788279564,1
5270,1788279568,1
5271,1788279623,1
5272,1788279627,1
5273,1788279627,1
5274,1788279631,1
5275,1788279636,1
5276,1788279639,1
5277,1788279665,1
5278,1788279670,1
5279,1788279677,1
5280,1788279687,1
5281,1788279690,1
5282,1788279690,1
5283,1788279706,1
5284,1788279715,1
5285,1788279719,1
5286,1788279719,1
5287,1788279731,1
5288,1788279736,1
5289,1788279744,1
5290,1788279747,1
5291,1788279749,1
5292,1788279763,1
5293,1788279769,1
5294,1788279774,1
5295,1788279788,1
5296,1788279788,1
5297,1788279798,1
5298,1788279801,1
5299,1788279815,1
5300,1788279822,1
5301,1788279826,1
5302,1788279826,1
5303,1788279830,1
5304,1788279831,1
5305,1788279845,1
5306,1788279856,1
5307,1788279857,1
5308,1788279890,1
5309,1788279892,1
5310,1788279918,1
5311,1788279920,1
5312,1788279934,1
5313,1788279956,1
5314,1788279958,1
5315,1788279959,1
5316,1788279969,1
5317,1788279976,1
5318,1788280016,1
5319,1788280033,1
5320,1788280045,1
5321,1788280049,1
5322,1788280050,1
5323,1788280066,1
5324,1788280072,1
5325,1788280074,1
5326,1788280081,1
5327,1788280087,1
5328,1788280091,1
5329,1788280092,1
5330,1788280119,1
5331,1788280127,1
5332,1788280166,1
5333,1788280182,1
5334,1788280182,1
5335,1788280219,1
5336,1788280262,1
5337,1788280263,1
5338,1788280307,1
5339,1788280318,1
5340,1788280323,1
5341,1788280336,1
5342,1788280337,1
5343,1788280343,1
5344,1788280395,1
5345,1788280408,1
5346,1788280411,1
5347,1788280413,1
5348,1788280438,1
5349,1788280438,1
5350,1788280468,1
5351,1788280478,1
5352,1788280478,1
5353,1788280492,1
5354,1788280518,1
5355,1788280526,1
5356,1788280544,1
5357,1788280554,1
5358,1788280557,1
5359,1788280561,1
5360,1788280582,1
5361,1788280584,1
5362,1788280584,1
5363,1788280598,1
5364,1788280598,1
5365,1788280602,1
5366,1788280611,1
5367,1788280612,1
5368,1788280626,1
5369,1788280626,1
5370,1788280628,1
5371,1788280628,1
5372,1788280630,1
5373,1788280638,1
5374,1788280658,1
5375,1788280668,1
5376,1788280682,1
5377,1788280696,1
5378,1788280745,1
5379,1788280759,1
5380,1788280763,1
5381,1788280778,1
5382,1788280785,1
5383,1788280818,1
5384,1788280820,1
5385,1788280821,1
5386,1788280837,1
5387,1788280838,1
5388,1788280844,1
5389,1788280850,1
5390,1788280855,1
5391,1788280859,1
5392,1788280861,1
5393,1788280871,1
5394,1788280872,1
5395,1788280886,1
5396,1788280904,1
5397,1788280905,1
5398,1788280921,1
5399,1788280929,1
5400,1788280974,1
5401,1788280987,1
5402,1788280992,1
5403,1788280993,1
5404,1788281005,1
5405,1788281009,1
5406,1788281009,1
5407,1788281009,1
5408,1788281037,1
5409,1788281045,1
5410,1788281064,1
5411,1788281066,1
5412,1788281070,1
5413,1788281071,1
5414,1788281076,1
5415,1788281089,1
5416,1788281101,1
5417,1788281109,1
5418,1788281113,1
5419,1788281142,1
5420,1788281146,1
5421,1788281156,1
5422,1788281160,1
5423,1788281171,1
5424,1788281172,1
5425,1788281174,1
5426,1788281193,1
5427,1788281227,1
5428,1788281236,1
5429,1788281254,1
5430,1788281268,1
5431,1788281289,1
5432,1788281293,1
5433,1788281295,1
5434,1788281318,1
5435,1788281329,1
5436,1788281331,1
5437,1788281336,1
5438,1788281339,1
5439,1788281342,1
5440,1788281346,1
5441,1788281353,1
5442,1788281359,1
5443,1788281367,1
5444,1788281374,1
5445,1788281404,1
5446,1788281430,1
5447,1788281430,1
5448,1788281435,1
5449,1788281449,1
5450,1788281450,1
5451,1788281476,1
5452,1788281483,1
5453,1788281484,1
5454,1788281520,1
5455,1788281524,1
5456,1788281534,1
5457,1788281552,1
5458,1788281561,1
5459,1788281564,1
5460,1788281576,1
5461,1788281609,1
5462,1788281625,1
5463,1788281626,1
5464,1788281636,1
5465,1788281643,1
5466,1788281672,1
5467,1788281675,1
5468,1788281709,1
5469,1788281711,1
5470,1788281715,1
5471,1788281718,1
5472,1788281725,1
5473,1788281730,1
5474,1788281752,1
5475,1788281775,1
5476,1788281777,1
5477,1788281780,1
5478,1788281786,1
5479,1788281788,1
5480,1788281809,1
5481,1788281809,1
5482,1788281826,1
5483,1788281831,1
5484,1788281836,1
5485,1788281837,1
5486,1788281843,1
5487,1788281858,1
5488,1788281861,1
5489,1788281871,1
5490,1788281873,1
5491,1788281890,1
5492,1788281890,1
5493,1788281897,1
5494,1788281908,1
5495,1788281911,1
5496,1788281933,1
5497,1788281939,1
5498,1788281941,1
5499,1788281949,1
5500,1788281959,1
5501,1788281981,1
5502,1788281982,1
5503,1788282016,1
5504,1788282019,1
5505,1788282023,1
5506,1788282037,1
5507,1788282068,1
5508,1788282070,1
5509,1788282087,1
5510,1788282100,1
5511,1788282105,1
5512,1788282122,1
5513,1788282131,1
5514,1788282133,1
5515,1788282140,1
5516,1788282153,1
5517,1788282160,1
5518,1788282165,1
5519,1788282165,1
5520,1788282167,1
5521,1788282175,1
5522,1788282194,1
5523,1788282196,1
5524,1788282205,1
5525,1788282220,1
5526,1788282224,1
5527,1788282240,1
5528,1788282257,1
5529,1788282267,1
5530,1788282267,1
5531,1788282289,1
5532,1788282294,1
5533,1788282296,1
5534,1788282304,1
5535,1788282330,1
5536,1788282330,1
5537,1788282333,1
5538,1788282341,1
5539,1788282343,1
5540,1788282350,1
5541,1788282363,1
5542,1788282372,1
5543,1788282400,1
5544,1788282403,1
5545,1788282410,1
5546,1788282410,1
5547,1788282419,1
5548,1788282426,1
5549,1788282443,1
5550,1788282449,1
5551,1788282474,1
5552,1788282479,1
5553,1788282487,1
5554,1788282492,1
5555,1788282529,1
5556,1788282535,1
5557,1788282546,1
5558,1788282551,1
5559,1788282555,1
5560,1788282566,1
5561,1788282573,1
5562,1788282582,1
5563,1788282591,1
5564,1788282608,1
5565,1788282642,1
5566,1788282654,1
5567,1788282656,1
5568,1788282677,1
5569,1788282695,1
5570,1788282702,1
5571,1788282705,1
5572,1788282726,1
5573,1788282735,1
5574,1788282742,1
5575,1788282744,1
5576,1788282769,1
5577,1788282772,1
5578,1788282798,1
5579,1788282811,1
5580,1788282825,1
5581,1788282826,1
5582,1788282830,1
5583,1788282838,1
5584,1788282847,1
5585,1788282852,1
5586,1788282863,1
5587,1788282864,1
5588,1788282871,1
5589,1788282881,1
5590,1788282884,1
5591,1788282891,1
5592,1788282907,1
5593,1788282911,1
5594,1788282916,1
5595,1788282923,1
5596,1788282940,1
5597,1788282970,1
5598,1788282972,1
5599,1788282979,1
5600,1788282994,1
5601,1788283005,1
5602,1788283035,1
5603,1788283041,1
5604,1788283044,1
5605,1788283046,1
5606,1788283077,1
5607,1788283079,1
5608,1788283086,1
5609,1788283089,1
5610,1788283111,1
5611,1788283123,1
5612,1788283125,1
5613,1788283129,1
5614,1788283133,1
5615,1788283134,1
5616,1788283138,1
5617,1788283141,1
5618,1788283152,1
5619,1788283153,1
5620,1788283161,1
5621,1788283166,1
5622,1788283180,1
5623,1788283196,1
5624,1788283210,1
5625,1788283212,1
5626,1788283213,1
5627,1788283219,1
5628,1788283219,1
5629,1788283229,1
5630,1788283237,1
5631,1788283248,1
5632,1788283253,1
5633,1788283271,1
5634,1788283293,1
5635,1788283296,1
5636,1788283313,1
5637,1788283317,1
5638,1788283322,1
5639,1788283347,1
5640,1788283348,1
5641,1788283352,1
5642,1788283356,1
5643,1788283361,1
5644,1788283376,1
5645,1788283379,1
5646,1788283397,1
5647,1788283489,1
5648,1788283520,1
5649,1788283522,1
5650,1788283524,1
5651,1788283526,1
5652,1788283534,1
5653,1788283535,1
5654,1788283550,1
5655,1788283603,1
5656,1788283608,1
5657,1788283633,1
5658,1788283643,1
5659,1788283649,1
5660,1788283675,1
5661,1788283699,1
5662,1788283700,1
5663,1788283713,1
5664,1788283719,1
5665,1788283769,1
5666,1788283778,1
5667,1788283794,1
5668,1788283814,1
5669,1788283834,1
5670,1788283836,1
5671,1788283844,1
5672,1788283847,1
5673,1788283874,1
5674,1788283898,1
5675,1788283900,1
5676,1788283936,1
5677,1788283943,1
5678,1788283955,1
5679,1788283959,1
5680,1788283967,1
5681,1788283975,1
5682,1788284005,1
5683,1788284021,1
5684,1788284022,1
5685,1788284057,1
5686,1788284072,1
5687,1788284108,1
5688,1788284123,1
5689,1788284137,1
5690,1788284150,1
5691,1788284163,1
5692,1788284183,1
5693,1788284201,1
5694,1788284211,1
5695,1788284216,1
5696,1788284222,1
5697,1788284235,1
5698,1788284241,1
5699,1788284270,1
5700,1788284276,1
5701,1788284306,1
5702,1788284347,1
5703,1788284348,1
5704,1788284355,1
5705,1788284360,1
5706,1788284389,1
5707,1788284390,1
5708,1788284405,1
5709,1788284433,1
5710,1788284462,1
5711,1788284476,1
5712,1788284533,1
5713,1788284555,1
5714,1788284558,1
5715,1788284583,1
5716,1788284609,1
5717,1788284637,1
5718,1788284641,1
5719,1788284645,1
5720,1788284646,1
5721,1788284657,1
5722,1788284664,1
5723,1788284664,1
5724,1788284666,1
5725,1788284666,1
5726,1788284671,1
5727,1788284676,1
5728,1788284721,1
5729,1788284749,1
5730,1788284774,1
5731,1788284774,1
5732,1788284774,1
5733,1788284777,1
5734,1788284787,1
5735,1788284792,1
5736,1788284794,1
5737,1788284794,1
5738,1788284822,1
5739,1788284830,1
5740,1788284847,1
5741,1788284892,1
5742,1788284923,1
5743,1788284924,1
5744,1788284952,1
5745,1788284959,1
5746,1788284960,1
5747,1788284962,1
5748,1788284965,1
5749,1788284984,1
5750,1788284986,1
5751,1788285000,1
5752,1788285004,1
5753,1788285009,1
5754,1788285019,1
5755,1788285024,1
5756,1788285027,1
5757,1788285035,1
5758,1788285038,1
5759,1788285044,1
5760,1788285044,1
5761,1788285059,1
5762,1788285079,1
5763,1788285103,1
5764,1788285128,1
5765,1788285138,1
5766,1788285149,1
5767,1788285154,1
5768,1788285172,1
5769,1788285195,1
5770,1788285210,1
5771,1788285213,1
5772,1788285235,1
5773,1788285241,1
5774,1788285249,1
5775,1788285347,1
5776,1788285363,1
5777,1788285379,1
5778,1788285391,1
5779,1788285398,1
5780,1788285401,1
5781,1788285405,1
5782,1788285428,1
5783,1788285428,1
5784,1788285442,1
5785,1788285455,1
5786,1788285460,1
5787,1788285508,1
5788,1788285512,1
5789,1788285522,1
5790,1788285540,1
5791,1788285541,1
5792,1788285553,1
5793,1788285554,1
5794,1788285586,1
5795,1788285593,1
5796,1788285610,1
5797,1788285610,1
5798,1788285618,1
5799,1788285623,1
5800,1788285645,1
5801,1788285645,1
5802,1788285666,1
5803,1788285736,1
5804,1788285746,1
5805,1788285755,1
5806,1788285793,1
5807,1788285797,1
5808,1788285800,1
5809,1788285805,1
5810,1788285809,1
5811,1788285810,1
5812,1788285810,1
5813,1788285816,1
5814,1788285829,1
5815,1788285873,1
5816,1788285875,1
5817,1788285908,1
5818,1788285941,1
5819,1788285953,1
5820,1788285965,1
5821,1788286015,1
5822,1788286021,1
5823,1788286022,1
5824,1788286030,1
5825,1788286038,1
5826,1788286072,1
5827,1788286077,1
5828,1788286092,1
5829,1788286094,1
5830,1788286112,1
5831,1788286117,1
5832,1788286128,1
5833,1788286143,1
5834,1788286155,1
5835,1788286155,1
5836,1788286157,1
5837,1788286158,1
5838,1788286163,1
5839,1788286197,1
5840,1788286227,1
5841,1788286265,1
5842,1788286286,1
5843,1788286292,1
5844,1788286295,1
5845,1788286310,1
5846,1788286319,1
5847,1788286357,1
5848,1788286365,1
5849,1788286373,1
5850,1788286381,1
5851,1788286399,1
5852,1788286400,1
5853,1788286405,1
5854,1788286427,1
5855,1788286458,1
5856,1788286462,1
5857,1788286463,1
5858,1788286467,1
5859,1788286506,1
5860,1788286553,1
5861,1788286606,1
5862,1788286612,1
5863,1788286672,1
5864,1788286675,1
5865,1788286686,1
5866,1788286709,1
5867,1788286751,1
5868,1788286752,1
5869,1788286757,1
5870,1788286762,1
5871,1788286775,1
5872,1788286782,1
5873,1788286816,1
5874,1788286824,1
5875,1788286892,1
5876,1788286922,1
5877,1788286926,1
5878,1788286926,1
5879,1788286934,1
5880,1788286940,1
5881,1788286940,1
5882,1788286949,1
5883,1788286951,1
5884,1788287023,1
5885,1788287039,1
5886,1788287040,1
5887,1788287049,1
5888,1788287058,1
5889,1788287073,1
5890,1788287075,1
5891,1788287105,1
5892,1788287105,1
5893,1788287145,1
5894,1788287154,1
5895,1788287154,1
5896,1788287157,1
5897,1788287183,1
5898,1788287189,1
5899,1788287202,1
5900,1788287210,1
5901,1788287214,1
5902,1788287219,1
5903,1788287253,1
5904,1788287278,1
5905,1788287291,1
5906,1788287324,1
5907,1788287334,1
5908,1788287350,1
5909,1788287353,1
5910,1788287396,1
5911,1788287404,1
5912,1788287451,1
5913,1788287456,1
5914,1788287483,1
5915,1788287531,1
5916,1788287543,1
5917,1788287570,1
5918,1788287585,1
5919,1788287591,1
5920,1788287610,1
5921,1788287660,1
5922,1788287693,1
5923,1788287693,1
5924,1788287696,1
5925,1788287698,1
5926,1788287722,1
5927,1788287724,1
5928,1788287738,1
5929,1788287746,1
5930,1788287789,1
5931,1788287792,1
5932,1788287818,1
5933,1788287838,1
5934,1788287844,1
5935,1788287847,1
5936,1788287884,1
5937,1788287919,1
5938,1788287934,1
5939,1788287943,1
5940,1788287969,1
5941,1788287974,1
5942,1788287985,1
5943,1788288008,1
5944,1788288010,1
5945,1788288010,1
5946,1788288025,1
5947,1788288043,1
5948,1788288044,1
5949,1788288052,1
5950,1788288068,1
5951,1788288084,1
5952,1788288090,1
5953,1788288121,1
5954,1788288126,1
5955,1788288150,1
5956,1788288155,1
5957,1788288164,1
5958,1788288190,1
5959,1788288193,1
5960,1788288216,1
5961,1788288233,1
5962,1788288241,1
5963,1788288245,1
5964,1788288269,1
5965,1788288270,1
5966,1788288279,1
5967,1788288282,1
5968,1788288323,1
5969,1788288327,1
5970,1788288334,1
5971,1788288420,1
5972,1788288421,1
5973,1788288439,1
5974,1788288468,1
5975,1788288502,1
5976,1788288505,1
5977,1788288526,1
5978,1788288541,1
5979,1788288557,1
5980,1788288562,1
5981,1788288569,1
5982,1788288615,1
5983,1788288623,1
5984,1788288754,1
5985,1788288769,1
5986,1788288785,1
5987,1788288794,1
5988,1788288795,1
5989,1788288825,1
5990,1788288827,1
5991,1788288924,1
5992,1788288943,1
5993,1788288954,1
5994,1788289047,1
5995,1788289089,1
5996,1788289099,1
5997,1788289106,1
5998,1788289116,1
5999,1788289162,1
6000,1788289171,1
6001,1788289179,1
6002,1788289191,1
6003,1788289277,1
6004,1788289300,1
6005,1788289301,1
6006,1788289301,1
6007,1788289307,1
6008,1788289309,1
6009,1788289314,1
6010,1788289329,1
6011,1788289329,1
6012,1788289334,1
6013,1788289342,1
6014,1788289402,1
6015,1788289439,1
6016,1788289443,1
6017,1788289445,1
6018,1788289496,1
6019,1788289501,1
6020,1788289513,1
6021,1788289533,1
6022,1788289578,1
6023,1788289605,1
6024,1788289626,1
6025,1788289657,1
6026,1788289657,1
6027,1788289668,1
6028,1788289696,1
6029,1788289708,1
6030,1788289715,1
6031,1788289743,1
6032,1788289745,1
6033,1788289748,1
6034,1788289761,1
6035,1788289791,1
6036,1788289792,1
6037,1788289830,1
6038,1788289861,1
6039,1788289864,1
6040,1788289880,1
6041,1788289894,1
6042,1788289907,1
6043,1788290005,1
6044,1788290012,1
6045,1788290020,1
6046,1788290026,1
6047,1788290039,1
6048,1788290067,1
6049,1788290087,1
6050,1788290147,1
6051,1788290167,1
6052,1788290184,1
6053,1788290202,1
6054,1788290227,1
6055,1788290234,1
6056,1788290238,1
6057,1788290247,1
6058,1788290257,1
6059,1788290259,1
6060,1788290307,1
6061,1788290307,1
6062,1788290361,1
6063,1788290368,1
6064,1788290404,1
6065,1788290467,1
6066,1788290503,1
6067,1788290513,1
6068,1788290514,1
6069,1788290536,1
6070,1788290621,1
6071,1788290631,1
6072,1788290633,1
6073,1788290669,1
6074,1788290683,1
6075,1788290723,1
6076,1788290737,1
6077,1788290754,1
6078,1788290800,1
6079,1788290843,1
6080,1788290881,1
6081,1788290885,1
6082,1788290899,1
6083,1788290920,1
6084,1788290953,1
6085,1788290958,1
6086,1788290972,1
6087,1788290988,1
6088,1788290995,1
6089,1788291003,1
6090,1788291007,1
6091,1788291037,1
6092,1788291043,1
6093,1788291053,1
6094,1788291085,1
6095,1788291089,1
6096,1788291101,1
6097,1788291170,1
6098,1788291175,1
6099,1788291184,1
6100,1788291190,1
6101,1788291192,1
6102,1788291197,1
6103,1788291229,1
6104,1788291246,1
6105,1788291259,1
6106,1788291268,1
6107,1788291269,1
6108,1788291275,1
6109,1788291322,1
6110,1788291367,1
6111,1788291409,1
6112,1788291425,1
6113,1788291447,1
6114,1788291455,1
6115,1788291456,1
6116,1788291530,1
6117,1788291545,1
6118,1788291561,1
6119,1788291600,1
6120,1788291612,1
6121,1788291646,1
6122,1788291652,1
6123,1788291662,1
6124,1788291723,1
6125,1788291762,1
6126,1788291780,1
6127,1788291801,1
6128,1788291806,1
6129,1788291812,1
6130,1788291819,1
6131,1788291847,1
6132,1788291875,1
6133,1788291909,1
6134,1788291959,1
6135,1788291962,1
6136,1788291979,1
6137,1788291980,1
6138,1788292082,1
6139,1788292093,1
6140,1788292114,1
6141,1788292195,1
6142,1788292274,1
6143,1788292279,1
6144,1788292288,1
6145,1788292312,1
6146,1788292371,1
6147,1788292371,1
6148,1788292382,1
6149,1788292383,1
6150,1788292403,1
6151,1788292409,1
6152,1788292429,1
6153,1788292451,1
6154,1788292469,1
6155,1788292481,1
6156,1788292490,1
6157,1788292515,1
6158,1788292526,1
6159,1788292533,1
6160,1788292534,1
6161,1788292541,1
6162,1788292555,1
6163,1788292561,1
6164,1788292568,1
6165,1788292577,1
6166,1788292591,1
6167,1788292591,1
6168,1788292601,1
6169,1788292607,1
6170,1788292637,1
6171,1788292647,1
6172,1788292709,1
6173,1788292719,1
6174,1788292737,1
6175,1788292740,1
6176,1788292803,1
6177,1788292824,1
6178,1788292856,1
6179,1788292866,1
6180,1788292883,1
6181,1788292893,1
6182,1788292896,1
6183,1788292948,1
6184,1788292950,1
6185,1788293015,1
6186,1788293064,1
6187,1788293083,1
6188,1788293087,1
6189,1788293094,1
6190,1788293113,1
6191,1788293123,1
6192,1788293219,1
6193,1788293256,1
6194,1788293346,1
6195,1788293357,1
6196,1788293364,1
6197,1788293425,1
6198,1788293426,1
6199,1788293441,1
6200,1788293442,1
6201,1788293518,1
6202,1788293548,1
6203,1788293654,1
6204,1788293675,1
6205,1788293769,1
6206,1788293773,1
6207,1788293829,1
6208,1788293843,1
6209,1788293877,1
6210,1788293920,1
6211,1788293930,1
6212,1788293954,1
6213,1788293992,1
6214,1788294050,1
6215,1788294065,1
6216,1788294094,1
6217,1788294188,1
6218,1788294196,1
6219,1788294197,1
6220,1788294210,1
6221,1788294223,1
6222,1788294300,1
6223,1788294329,1
6224,1788294356,1
6225,1788294386,1
6226,1788294445,1
6227,1788294465,1
6228,1788294506,1
6229,1788294544,1
6230,1788294583,1
6231,1788294601,1
6232,1788294650,1
6233,1788294666,1
6234,1788294723,1
6235,1788294748,1
6236,1788294755,1
6237,1788294816,1
6238,1788294832,1
6239,1788294885,1
6240,1788294907,1
6241,1788294952,1
6242,1788294985,1
6243,1788294997,1
6244,1788295030,1
6245,1788295046,1
6246,1788295077,1
6247,1788295100,1
6248,1788295101,1
6249,1788295110,1
6250,1788295174,1
6251,1788295200,1
6252,1788295204,1
6253,1788295219,1
6254,1788295261,1
6255,1788295263,1
6256,1788295295,1
6257,1788295344,1
6258,1788295396,1
6259,1788295398,1
6260,1788295548,1
6261,1788295572,1
6262,1788295582,1
6263,1788295585,1
6264,1788295586,1
6265,1788295590,1
6266,1788295607,1
6267,1788295610,1
6268,1788295640,1
6269,1788295670,1
6270,1788295721,1
6271,1788295731,1
6272,1788295768,1
6273,1788295791,1
6274,1788295803,1
6275,1788295814,1
6276,1788295822,1
6277,1788295857,1
6278,1788295868,1
6279,1788295938,1
6280,1788295997,1
6281,1788296011,1
6282,1788296045,1
6283,1788296056,1
6284,1788296063,1
6285,1788296146,1
6286,1788296214,1
6287,1788296318,1
6288,1788296365,1
6289,1788296367,1
6290,1788296397,1
6291,1788296441,1
6292,1788296443,1
6293,1788296462,1
6294,1788296501,1
6295,1788296507,1
6296,1788296525,1
6297,1788296546,1
6298,1788296595,1
6299,1788296600,1
6300,1788296604,1
6301,1788296609,1
6302,1788296622,1
6303,1788296675,1
6304,1788296684,1
6305,1788296700,1
6306,1788296755,1
6307,1788296784,1
6308,1788296842,1
6309,1788296860,1
6310,1788296883,1
6311,1788296923,1
6312,1788296943,1
6313,1788296992,1
6314,1788297015,1
6315,1788297096,1
6316,1788297099,1
6317,1788297099,1
6318,1788297110,1
6319,1788297124,1
6320,1788297128,1
6321,1788297146,1
6322,1788297160,1
6323,1788297185,1
6324,1788297237,1
6325,1788297249,1
6326,1788297279,1
6327,1788297314,1
6328,1788297363,1
6329,1788297392,1
6330,1788297394,1
6331,1788297429,1
6332,1788297504,1
6333,1788297535,1
6334,1788297543,1
6335,1788297558,1
6336,1788297568,1
6337,1788297583,1
6338,1788297589,1
6339,1788297680,1
6340,1788297718,1
6341,1788297764,1
6342,1788297768,1
6343,1788297811,1
6344,1788297869,1
6345,1788297929,1
6346,1788297932,1
6347,1788297938,1
6348,1788297953,1
6349,1788297967,1
6350,1788297998,1
6351,1788298015,1
6352,1788298021,1
6353,1788298059,1
6354,1788298067,1
6355,1788298105,1
6356,1788298106,1
6357,1788298122,1
6358,1788298193,1
6359,1788298271,1
6360,1788298281,1
6361,1788298312,1
6362,1788298312,1
6363,1788298334,1
6364,1788298364,1
6365,1788298377,1
6366,1788298458,1
6367,1788298489,1
6368,1788298699,1
6369,1788298767,1
6370,1788298779,1
6371,1788298789,1
6372,1788299067,1
6373,1788299140,1
6374,1788299145,1
6375,1788299152,1
6376,1788299205,1
6377,1788299231,1
6378,1788299237,1
6379,1788299247,1
6380,1788299250,1
6381,1788299352,1
6382,1788299366,1
6383,1788299383,1
6384,1788299385,1
6385,1788299406,1
6386,1788299409,1
6387,1788299514,1
6388,1788299533,1
6389,1788299556,1
6390,1788299580,1
6391,1788299581,1
6392,1788299617,1
6393,1788299634,1
6394,1788299673,1
6395,1788299676,1
6396,1788299710,1
6397,1788299736,1
6398,1788299738,1
6399,1788299765,1
6400,1788299789,1
6401,1788299791,1
6402,1788299795,1
6403,1788299796,1
6404,1788299824,1
6405,1788299853,1
6406,1788299874,1
6407,1788299880,1
6408,1788299925,1
6409,1788299987,1
6410,1788300020,1
6411,1788300032,1
6412,1788300040,1
6413,1788300093,1
6414,1788300105,1
6415,1788300384,1
6416,1788300395,1
6417,1788300412,1
6418,1788300477,1
6419,1788300561,1
6420,1788300567,1
6421,1788300576,1
6422,1788300683,1
6423,1788300756,1
6424,1788300799,1
6425,1788300835,1
6426,1788300864,1
6427,1788300876,1
6428,1788300921,1
6429,1788300941,1
6430,1788300964,1
6431,1788300982,1
6432,1788300991,1
6433,1788301002,1
6434,1788301015,1
6435,1788301026,1
6436,1788301041,1
6437,1788301132,1
6438,1788301182,1
6439,1788301283,1
6440,1788301322,1
6441,1788301325,1
6442,1788301386,1
6443,1788301393,1
6444,1788301440,1
6445,1788301542,1
6446,1788301574,1
6447,1788301686,1
6448,1788301717,1
6449,1788301777,1
6450,1788301788,1
6451,1788301813,1
6452,1788301816,1
6453,1788301867,1
6454,1788301938,1
6455,1788301958,1
6456,1788301973,1
6457,1788302021,1
6458,1788302042,1
6459,1788302089,1
6460,1788302122,1
6461,1788302129,1
6462,1788302250,1
6463,1788302250,1
6464,1788302271,1
6465,1788302378,1
6466,1788302384,1
6467,1788302407,1
6468,1788302464,1
6469,1788302481,1
6470,1788302508,1
6471,1788302546,1
6472,1788302588,1
6473,1788302664,1
6474,1788302770,1
6475,1788302795,1
6476,1788302851,1
6477,1788302857,1
6478,1788302859,1
6479,1788302862,1
6480,1788302885,1
6481,1788302887,1
6482,1788302953,1
6483,1788302991,1
6484,1788302995,1
6485,1788303026,1
6486,1788303038,1
6487,1788303088,1
6488,1788303166,1
6489,1788303188,1
6490,1788303251,1
6491,1788303274,1
6492,1788303286,1
6493,1788303371,1
6494,1788303438,1
6495,1788303454,1
6496,1788303463,1
6497,1788303516,1
6498,1788303547,1
6499,1788303602,1
6500,1788303641,1
6501,1788303708,1
6502,1788303723,1
6503,1788303751,1
6504,1788303757,1
6505,1788303838,1
6506,1788303932,1
6507,1788303994,1
6508,1788304090,1
6509,1788304095,1
6510,1788304112,1
6511,1788304136,1
6512,1788304162,1
6513,1788304186,1
6514,1788304211,1
6515,1788304213,1
6516,1788304230,1
6517,1788304230,1
6518,1788304239,1
6519,1788304320,1
6520,1788304344,1
6521,1788304351,1
6522,1788304421,1
6523,1788304502,1
6524,1788304512,1
6525,1788304538,1
6526,1788304588,1
6527,1788304593,1
6528,1788304602,1
6529,1788304620,1
6530,1788304652,1
6531,1788304698,1
6532,1788304729,1
6533,1788304761,1
6534,1788304799,1
6535,1788304876,1
6536,1788304909,1
6537,1788304954,1
6538,1788304988,1
6539,1788304990,1
6540,1788305009,1
6541,1788305049,1
6542,1788305050,1
6543,1788305052,1
6544,1788305064,1
6545,1788305070,1
6546,1788305085,1
6547,1788305098,1
6548,1788305112,1
6549,1788305149,1
6550,1788305160,1
6551,1788305268,1
6552,1788305280,1
6553,1788305342,1
6554,1788305356,1
6555,1788305375,1
6556,1788305380,1
6557,1788305434,1
6558,1788305497,1
6559,1788305523,1
6560,1788305559,1
6561,1788305675,1
6562,1788305731,1
6563,1788305751,1
6564,1788305762,1
6565,1788305769,1
6566,1788305815,1
6567,1788305850,1
6568,1788305856,1
6569,1788305983,1
6570,1788306003,1
6571,1788306010,1
6572,1788306064,1
6573,1788306076,1
6574,1788306080,1
6575,1788306080,1
6576,1788306088,1
6577,1788306111,1
6578,1788306130,1
6579,1788306135,1
6580,1788306192,1
6581,1788306219,1
6582,1788306238,1
6583,1788306314,1
6584,1788306317,1
6585,1788306340,1
6586,1788306352,1
6587,1788306362,1
6588,1788306377,1
6589,1788306387,1
6590,1788306411,1
6591,1788306453,1
6592,1788306475,1
6593,1788306499,1
6594,1788306526,1
6595,1788306533,1
6596,1788306538,1
6597,1788306543,1
6598,1788306544,1
6599,1788306594,1
6600,1788306628,1
6601,1788306641,1
6602,1788306664,1
6603,1788306716,1
6604,1788306727,1
6605,1788306740,1
6606,1788306741,1
6607,1788306754,1
6608,1788306813,1
6609,1788306828,1
6610,1788306843,1
6611,1788306887,1
6612,1788306899,1
6613,1788306954,1
6614,1788306989,1
6615,1788307003,1
6616,1788307005,1
6617,1788307013,1
6618,1788307033,1
6619,1788307057,1
6620,1788307148,1
6621,1788307173,1
6622,1788307179,1
6623,1788307243,1
6624,1788307319,1
6625,1788307337,1
6626,1788307348,1
6627,1788307372,1
6628,1788307400,1
6629,1788307423,1
6630,1788307453,1
6631,1788307506,1
6632,1788307511,1
6633,1788307538,1
6634,1788307543,1
6635,1788307579,1
6636,1788307586,1
6637,1788307615,1
6638,1788307623,1
6639,1788307673,1
6640,1788307680,1
6641,1788307705,1
6642,1788307706,1
6643,1788307755,1
6644,1788307769,1
6645,1788307773,1
6646,1788307782,1
6647,1788307860,1
6648,1788307958,1
6649,1788307980,1
6650,1788308029,1
6651,1788308035,1
6652,1788308042,1
6653,1788308072,1
6654,1788308093,1
6655,1788308103,1
6656,1788308108,1
6657,1788308160,1
6658,1788308192,1
6659,1788308220,1
6660,1788308345,1
6661,1788308354,1
6662,1788308368,1
6663,1788308374,1
6664,1788308408,1
6665,1788308415,1
6666,1788308469,1
6667,1788308480,1
6668,1788308482,1
6669,1788308508,1
6670,1788308511,1
6671,1788308545,1
6672,1788308557,1
6673,1788308557,1
6674,1788308582,1
6675,1788308590,1
6676,1788308603,1
6677,1788308656,1
6678,1788308810,1
6679,1788308827,1
6680,1788308835,1
6681,1788308855,1
6682,1788308924,1
6683,1788308976,1
6684,1788309003,1
6685,1788309064,1
6686,1788309086,1
6687,1788309152,1
6688,1788309306,1
6689,1788309318,1
6690,1788309369,1
6691,1788309386,1
6692,1788309394,1
6693,1788309408,1
6694,1788309457,1
6695,1788309475,1
6696,1788309504,1
6697,1788309510,1
6698,1788309530,1
6699,1788309538,1
6700,1788309565,1
6701,1788309628,1
6702,1788309656,1
6703,1788309692,1
6704,1788309702,1
6705,1788309712,1
6706,1788309725,1
6707,1788309740,1
6708,1788309789,1
6709,1788309799,1
6710,1788309823,1
6711,1788309876,1
6712,1788309904,1
6713,1788309969,1
6714,1788310024,1
6715,1788310065,1
6716,1788310089,1
6717,1788310125,1
6718,1788310133,1
6719,1788310145,1
6720,1788310214,1
6721,1788310242,1
6722,1788310254,1
6723,1788310307,1
6724,1788310324,1
6725,1788310324,1
6726,1788310367,1
6727,1788310370,1
6728,1788310414,1
6729,1788310419,1
6730,1788310442,1
6731,1788310448,1
6732,1788310534,1
6733,1788310539,1
6734,1788310608,1
6735,1788310622,1
6736,1788310623,1
6737,1788310664,1
6738,1788310673,1
6739,1788310677,1
6740,1788310688,1
6741,1788310739,1
6742,1788310779,1
6743,1788310812,1
6744,1788310834,1
6745,1788310874,1
6746,1788310933,1
6747,1788310957,1
6748,1788310958,1
6749,1788310960,1
6750,1788310980,1
6751,1788311005,1
6752,1788311026,1
6753,1788311058,1
6754,1788311106,1
6755,1788311109,1
6756,1788311124,1
6757,1788311129,1
6758,1788311255,1
6759,1788311260,1
6760,1788311263,1
6761,1788311288,1
6762,1788311343,1
6763,1788311354,1
6764,1788311356,1
6765,1788311373,1
6766,1788311469,1
6767,1788311535,1
6768,1788311568,1
6769,1788311703,1
6770,1788311729,1
6771,1788311757,1
6772,1788311765,1
6773,1788311778,1
6774,1788311781,1
6775,1788311802,1
6776,1788311834,1
6777,1788311837,1
6778,1788311845,1
6779,1788311853,1
6780,1788311913,1
6781,1788311923,1
6782,1788311933,1
6783,1788311943,1
6784,1788311945,1
6785,1788311948,1
6786,1788311964,1
6787,1788311967,1
6788,1788311983,1
6789,1788312080,1
6790,1788312082,1
6791,1788312086,1
6792,1788312127,1
6793,1788312136,1
6794,1788312139,1
6795,1788312217,1
6796,1788312221,1
6797,1788312222,1
6798,1788312231,1
6799,1788312271,1
6800,1788312288,1
6801,1788312301,1
6802,1788312325,1
6803,1788312329,1
6804,1788312331,1
6805,1788312355,1
6806,1788312392,1
6807,1788312421,1
6808,1788312425,1
6809,1788312436,1
6810,1788312443,1
6811,1788312445,1
6812,1788312485,1
6813,1788312550,1
6814,1788312555,1
6815,1788312573,1
6816,1788312577,1
6817,1788312577,1
6818,1788312623,1
6819,1788312639,1
6820,1788312654,1
6821,1788312741,1
6822,1788312763,1
6823,1788312773,1
6824,1788312773,1
6825,1788312783,1
6826,1788312908,1
6827,1788312936,1
6828,1788312954,1
6829,1788312985,1
6830,1788312988,1
6831,1788312995,1
6832,1788313000,1
6833,1788313004,1
6834,1788313055,1
6835,1788313088,1
6836,1788313118,1
6837,1788313143,1
6838,1788313149,1
6839,1788313155,1
6840,1788313166,1
6841,1788313179,1
6842,1788313241,1
6843,1788313258,1
6844,1788313274,1
6845,1788313279,1
6846,1788313281,1
6847,1788313295,1
6848,1788313296,1
6849,1788313342,1
6850,1788313342,1
6851,1788313346,1
6852,1788313349,1
6853,1788313374,1
6854,1788313434,1
6855,1788313466,1
6856,1788313473,1
6857,1788313498,1
6858,1788313510,1
6859,1788313521,1
6860,1788313527,1
6861,1788313535,1
6862,1788313552,1
6863,1788313593,1
6864,1788313634,1
6865,1788313634,1
6866,1788313650,1
6867,1788313653,1
6868,1788313669,1
6869,1788313674,1
6870,1788313678,1
6871,1788313686,1
6872,1788313696,1
6873,1788313722,1
6874,1788313760,1
6875,1788313805,1
6876,1788313814,1
6877,1788313842,1
6878,1788313856,1
6879,1788313868,1
6880,1788313886,1
6881,1788313908,1
6882,1788313928,1
6883,1788313931,1
6884,1788313931,1
6885,1788313984,1
6886,1788314048,1
6887,1788314058,1
6888,1788314062,1
6889,1788314062,1
6890,1788314070,1
6891,1788314095,1
6892,1788314100,1
6893,1788314125,1
6894,1788314136,1
6895,1788314145,1
6896,1788314188,1
6897,1788314200,1
6898,1788314239,1
6899,1788314259,1
6900,1788314265,1
6901,1788314276,1
6902,1788314304,1
6903,1788314306,1
6904,1788314311,1
6905,1788314325,1
6906,1788314346,1
6907,1788314363,1
6908,1788314386,1
6909,1788314426,1
6910,1788314451,1
6911,1788314463,1
6912,1788314467,1
6913,1788314496,1
6914,1788314499,1
6915,1788314513,1
6916,1788314524,1
6917,1788314562,1
6918,1788314570,1
6919,1788314593,1
6920,1788314616,1
6921,1788314651,1
6922,1788314654,1
6923,1788314677,1
6924,1788314701,1
6925,1788314724,1
6926,1788314729,1
6927,1788314738,1
6928,1788314749,1
6929,1788314765,1
6930,1788314779,1
6931,1788314865,1
6932,1788314906,1
6933,1788314914,1
6934,1788314949,1
6935,1788314972,1
6936,1788315013,1
6937,1788315016,1
6938,1788315037,1
6939,1788315051,1
6940,1788315107,1
6941,1788315107,1
6942,1788315176,1
6943,1788315182,1
6944,1788315185,1
6945,1788315203,1
6946,1788315255,1
6947,1788315343,1
6948,1788315378,1
6949,1788315381,1
6950,1788315398,1
6951,1788315455,1
6952,1788315534,1
6953,1788315544,1
6954,1788315614,1
6955,1788315615,1
6956,1788315615,1
6957,1788315642,1
6958,1788315694,1
6959,1788315696,1
6960,1788315704,1
6961,1788315741,1
6962,1788315747,1
6963,1788315829,1
6964,1788315872,1
6965,1788315918,1
6966,1788315924,1
6967,1788315941,1
6968,1788315989,1
6969,1788315996,1
6970,1788316058,1
6971,1788316112,1
6972,1788316131,1
6973,1788316158,1
6974,1788316168,1
6975,1788316193,1
6976,1788316257,1
6977,1788316279,1
6978,1788316339,1
6979,1788316414,1
6980,1788316433,1
6981,1788316476,1
6982,1788316512,1
6983,1788316565,1
6984,1788316575,1
6985,1788316578,1
6986,1788316588,1
6987,1788316678,1
6988,1788316698,1
6989,1788316724,1
6990,1788316738,1
6991,1788316796,1
6992,1788316835,1
6993,1788316901,1
6994,1788316932,1
6995,1788316958,1
6996,1788316977,1
6997,1788317056,1
6998,1788317067,1
6999,1788317085,1
7000,1788317101,1
7001,1788317106,1
7002,1788317119,1
7003,1788317233,1
7004,1788317258,1
7005,1788317270,1
7006,1788317329,1
7007,1788317373,1
7008,1788317411,1
7009,1788317424,1
7010,1788317443,1
7011,1788317464,1
7012,1788317484,1
7013,1788317502,1
7014,1788317519,1
7015,1788317523,1
7016,1788317553,1
7017,1788317563,1
7018,1788317590,1
7019,1788317595,1
7020,1788317634,1
7021,1788317635,1
7022,1788317649,1
7023,1788317698,1
7024,1788317741,1
7025,1788317750,1
7026,1788317781,1
7027,1788317797,1
7028,1788317851,1
7029,1788317854,1
7030,1788317870,1
7031,1788317887,1
7032,1788317891,1
7033,1788317913,1
7034,1788317921,1
7035,1788317928,1
7036,1788317982,1
7037,1788317998,1
7038,1788318002,1
7039,1788318016,1
7040,1788318032,1
7041,1788318038,1
7042,1788318044,1
7043,1788318055,1
7044,1788318191,1
7045,1788318243,1
7046,1788318251,1
7047,1788318258,1
7048,1788318282,1
7049,1788318302,1
7050,1788318303,1
7051,1788318315,1
7052,1788318351,1
7053,1788318351,1
7054,1788318425,1
7055,1788318426,1
7056,1788318448,1
7057,1788318465,1
7058,1788318486,1
7059,1788318501,1
7060,1788318511,1
7061,1788318520,1
7062,1788318532,1
7063,1788318544,1
7064,1788318638,1
7065,1788318684,1
7066,1788318696,1
7067,1788318730,1
7068,1788318788,1
7069,1788318793,1
7070,1788318816,1
7071,1788318821,1
7072,1788318933,1
7073,1788318975,1
7074,1788319008,1
7075,1788319080,1
7076,1788319082,1
7077,1788319097,1
7078,1788319178,1
7079,1788319182,1
7080,1788319186,1
7081,1788319247,1
7082,1788319248,1
7083,1788319266,1
7084,1788319327,1
7085,1788319346,1
7086,1788319366,1
7087,1788319389,1
7088,1788319447,1
7089,1788319475,1
7090,1788319508,1
7091,1788319584,1
7092,1788319637,1
7093,1788319721,1
7094,1788319792,1
7095,1788319795,1
7096,1788319812,1
7097,1788319812,1
7098,1788319814,1
7099,1788319862,1
7100,1788319878,1
7101,1788319982,1
7102,1788320016,1
7103,1788320063,1
7104,1788320069,1
7105,1788320091,1
7106,1788320091,1
7107,1788320100,1
7108,1788320104,1
7109,1788320138,1
7110,1788320143,1
7111,1788320183,1
7112,1788320211,1
7113,1788320224,1
7114,1788320238,1
7115,1788320248,1
7116,1788320290,1
7117,1788320326,1
7118,1788320358,1
7119,1788320401,1
7120,1788320409,1
7121,1788320420,1
7122,1788320522,1
7123,1788320549,1
7124,1788320562,1
7125,1788320591,1
7126,1788320599,1
7127,1788320606,1
7128,1788320665,1
7129,1788320666,1
7130,1788320713,1
7131,1788320773,1
7132,1788320920,1
7133,1788320926,1
7134,1788320926,1
7135,1788320929,1
7136,1788320965,1
7137,1788320991,1
7138,1788321012,1
7139,1788321019,1
7140,1788321032,1
7141,1788321050,1
7142,1788321108,1
7143,1788321182,1
7144,1788321217,1
7145,1788321220,1
7146,1788321224,1
7147,1788321303,1
7148,1788321311,1
7149,1788321312,1
7150,1788321321,1
7151,1788321406,1
7152,1788321451,1
7153,1788321469,1
7154,1788321471,1
7155,1788321519,1
7156,1788321551,1
7157,1788321580,1
7158,1788321596,1
7159,1788321631,1
7160,1788321671,1
7161,1788321697,1
7162,1788321758,1
7163,1788321794,1
7164,1788321910,1
7165,1788321915,1
7166,1788321926,1
7167,1788321945,1
7168,1788322031,1
7169,1788322105,1
7170,1788322124,1
7171,1788322154,1
7172,1788322245,1
7173,1788322248,1
7174,1788322276,1
7175,1788322320,1
7176,1788322387,1
7177,1788322391,1
7178,1788322398,1
7179,1788322409,1
7180,1788322450,1
7181,1788322459,1
7182,1788322513,1
7183,1788322545,1
7184,1788322552,1
7185,1788322655,1
7186,1788322764,1
7187,1788322828,1
7188,1788322838,1
7189,1788322877,1
7190,1788322897,1
7191,1788322966,1
7192,1788323015,1
7193,1788323043,1
7194,1788323111,1
7195,1788323114,1
7196,1788323142,1
7197,1788323190,1
7198,1788323211,1
7199,1788323227,1
7200,1788323229,1
7201,1788323234,1
7202,1788323309,1
7203,1788323357,1
7204,1788323379,1
7205,1788323408,1
7206,1788323526,1
7207,1788323549,1
7208,1788323568,1
7209,1788323585,1
7210,1788323623,1
7211,1788323627,1
7212,1788323632,1
7213,1788323637,1
7214,1788323641,1
7215,1788323692,1
7216,1788323699,1
7217,1788323705,1
7218,1788323710,1
7219,1788323744,1
7220,1788323746,1
7221,1788323772,1
7222,1788323795,1
7223,1788323805,1
7224,1788323826,1
7225,1788323827,1
7226,1788323850,1
7227,1788323853,1
7228,1788323857,1
7229,1788323872,1
7230,1788323897,1
7231,1788323927,1
7232,1788323932,1
7233,1788323971,1
7234,1788324020,1
7235,1788324051,1
7236,1788324056,1
7237,1788324070,1
7238,1788324110,1
7239,1788324110,1
7240,1788324142,1
7241,1788324169,1
7242,1788324187,1
7243,1788324206,1
7244,1788324216,1
7245,1788324219,1
7246,1788324245,1
7247,1788324260,1
7248,1788324303,1
7249,1788324315,1
7250,1788324319,1
7251,1788324325,1
7252,1788324334,1
7253,1788324347,1
7254,1788324362,1
7255,1788324391,1
7256,1788324405,1
7257,1788324406,1
7258,1788324414,1
7259,1788324414,1
7260,1788324418,1
7261,1788324429,1
7262,1788324477,1
7263,1788324499,1
7264,1788324509,1
7265,1788324571,1
7266,1788324579,1
7267,1788324586,1
7268,1788324607,1
7269,1788324617,1
7270,1788324619,1
7271,1788324620,1
7272,1788324666,1
7273,1788324669,1
7274,1788324719,1
7275,1788324735,1
7276,1788324757,1
7277,1788324773,1
7278,1788324804,1
7279,1788324824,1
7280,1788324830,1
7281,1788324838,1
7282,1788324850,1
7283,1788324860,1
7284,1788324880,1
7285,1788324894,1
7286,1788324907,1
7287,1788324913,1
7288,1788324949,1
7289,1788324952,1
7290,1788324958,1
7291,1788324988,1
7292,1788324994,1
7293,1788325005,1
7294,1788325018,1
7295,1788325020,1
7296,1788325050,1
7297,1788325072,1
7298,1788325089,1
7299,1788325090,1
7300,1788325127,1
7301,1788325163,1
7302,1788325183,1
7303,1788325211,1
7304,1788325275,1
7305,1788325294,1
7306,1788325302,1
7307,1788325330,1
7308,1788325345,1
7309,1788325349,1
7310,1788325354,1
7311,1788325381,1
7312,1788325400,1
7313,1788325427,1
7314,1788325450,1
7315,1788325473,1
7316,1788325474,1
7317,1788325476,1
7318,1788325484,1
7319,1788325516,1
7320,1788325535,1
7321,1788325553,1
7322,1788325579,1
7323,1788325581,1
7324,1788325618,1
7325,1788325675,1
7326,1788325700,1
7327,1788325707,1
7328,1788325729,1
7329,1788325759,1
7330,1788325822,1
7331,1788325838,1
7332,1788325901,1
7333,1788325989,1
7334,1788326043,1
7335,1788326120,1
7336,1788326163,1
7337,1788326186,1
7338,1788326254,1
7339,1788326284,1
7340,1788326356,1
7341,1788326374,1
7342,1788326416,1
7343,1788326416,1
7344,1788326424,1
7345,1788326497,1
7346,1788326561,1
7347,1788326576,1
7348,1788326587,1
7349,1788326594,1
7350,1788326601,1
7351,1788326607,1
7352,1788326630,1
7353,1788326667,1
7354,1788326687,1
7355,1788326691,1
7356,1788326738,1
7357,1788326823,1
7358,1788326834,1
7359,1788326907,1
7360,1788326917,1
7361,1788326928,1
7362,1788326934,1
7363,1788326942,1
7364,1788326948,1
7365,1788326978,1
7366,1788326986,1
7367,1788326987,1
7368,1788327039,1
7369,1788327080,1
7370,1788327135,1
7371,1788327146,1
7372,1788327146,1
7373,1788327155,1
7374,1788327155,1
7375,1788327231,1
7376,1788327251,1
7377,1788327305,1
7378,1788327314,1
7379,1788327314,1
7380,1788327328,1
7381,1788327360,1
7382,1788327420,1
7383,1788327429,1
7384,1788327459,1
7385,1788327477,1
7386,1788327494,1
7387,1788327510,1
7388,1788327530,1
7389,1788327534,1
7390,1788327571,1
7391,1788327586,1
7392,1788327587,1
7393,1788327596,1
7394,1788327610,1
7395,1788327613,1
7396,1788327628,1
7397,1788327699,1
7398,1788327722,1
7399,1788327725,1
7400,1788327751,1
7401,1788327799,1
7402,1788327812,1
7403,1788327846,1
7404,1788327868,1
7405,1788327886,1
7406,1788328029,1
7407,1788328033,1
7408,1788328043,1
7409,1788328112,1
7410,1788328139,1
7411,1788328149,1
7412,1788328169,1
7413,1788328234,1
7414,1788328254,1
7415,1788328304,1
7416,1788328338,1
7417,1788328352,1
7418,1788328377,1
7419,1788328440,1
7420,1788328442,1
7421,1788328444,1
7422,1788328449,1
7423,1788328554,1
7424,1788328585,1
7425,1788328641,1
7426,1788328650,1
7427,1788328690,1
7428,1788328718,1
7429,1788328721,1
7430,1788328739,1
7431,1788328746,1
7432,1788328766,1
7433,1788328777,1
7434,1788328786,1
7435,1788328791,1
7436,1788328812,1
7437,1788328837,1
7438,1788328855,1
7439,1788328861,1
7440,1788328876,1
7441,1788328886,1
7442,1788328891,1
7443,1788328907,1
7444,1788328932,1
7445,1788329015,1
7446,1788329028,1
7447,1788329031,1
7448,1788329033,1
7449,1788329069,1
7450,1788329109,1
7451,1788329131,1
7452,1788329136,1
7453,1788329244,1
7454,1788329262,1
7455,1788329265,1
7456,1788329284,1
7457,1788329295,1
7458,1788329320,1
7459,1788329534,1
7460,1788329560,1
7461,1788329565,1
7462,1788329583,1
7463,1788329604,1
7464,1788329610,1
7465,1788329619,1
7466,1788329622,1
7467,1788329638,1
7468,1788329641,1
7469,1788329678,1
7470,1788329702,1
7471,1788329705,1
7472,1788329727,1
7473,1788329774,1
7474,1788329813,1
7475,1788329839,1
7476,1788329848,1
7477,1788329891,1
7478,1788329912,1
7479,1788330113,1
7480,1788330149,1
7481,1788330190,1
7482,1788330198,1
7483,1788330259,1
7484,1788330264,1
7485,1788330298,1
7486,1788330343,1
7487,1788330371,1
7488,1788330373,1
7489,1788330567,1
7490,1788330612,1
7491,1788330612,1
7492,1788330671,1
7493,1788330671,1
7494,1788330785,1
7495,1788330809,1
7496,1788330809,1
7497,1788330847,1
7498,1788330869,1
7499,1788330884,1
7500,1788330908,1
7501,1788330976,1
7502,1788331002,1
7503,1788331008,1
7504,1788331071,1
7505,1788331088,1
7506,1788331125,1
7507,1788331154,1
7508,1788331185,1
7509,1788331200,1
7510,1788331224,1
7511,1788331238,1
7512,1788331317,1
7513,1788331361,1
7514,1788331362,1
7515,1788331431,1
7516,1788331466,1
7517,1788331493,1
7518,1788331512,1
7519,1788331597,1
7520,1788331605,1
7521,1788331627,1
7522,1788331639,1
7523,1788331666,1
7524,1788331737,1
7525,1788331776,1
7526,1788331779,1
7527,1788331782,1
7528,1788331811,1
7529,1788331901,1
7530,1788331934,1
7531,1788331951,1
7532,1788331999,1
7533,1788332014,1
7534,1788332021,1
7535,1788332068,1
7536,1788332112,1
7537,1788332116,1
7538,1788332185,1
7539,1788332201,1
7540,1788332219,1
7541,1788332224,1
7542,1788332249,1
7543,1788332254,1
7544,1788332264,1
7545,1788332274,1
7546,1788332296,1
7547,1788332311,1
7548,1788332343,1
7549,1788332362,1
7550,1788332368,1
7551,1788332401,1
7552,1788332401,1
7553,1788332455,1
7554,1788332455,1
7555,1788332467,1
7556,1788332516,1
7557,1788332553,1
7558,1788332562,1
7559,1788332607,1
7560,1788332631,1
7561,1788332676,1
7562,1788332685,1
7563,1788332772,1
7564,1788332858,1
7565,1788332865,1
7566,1788332875,1
7567,1788332878,1
7568,1788332892,1
7569,1788332961,1
7570,1788332975,1
7571,1788332989,1
7572,1788333016,1
7573,1788333017,1
7574,1788333044,1
7575,1788333080,1
7576,1788333125,1
7577,1788333141,1
7578,1788333184,1
7579,1788333206,1
7580,1788333215,1
7581,1788333218,1
7582,1788333229,1
7583,1788333271,1
7584,1788333284,1
7585,1788333297,1
7586,1788333355,1
7587,1788333373,1
7588,1788333389,1
7589,1788333415,1
7590,1788333425,1
7591,1788333444,1
7592,1788333504,1
7593,1788333614,1
7594,1788333620,1
7595,1788333630,1
7596,1788333640,1
7597,1788333655,1
7598,1788333693,1
7599,1788333700,1
7600,1788333715,1
7601,1788333719,1
7602,1788333796,1
7603,1788333809,1
7604,1788333822,1
7605,1788333923,1
7606,1788334007,1
7607,1788334063,1
7608,1788334075,1
7609,1788334099,1
7610,1788334108,1
7611,1788334122,1
7612,1788334150,1
7613,1788334155,1
7614,1788334231,1
7615,1788334307,1
7616,1788334318,1
7617,1788334318,1
7618,1788334365,1
7619,1788334383,1
7620,1788334443,1
7621,1788334492,1
7622,1788334498,1
7623,1788334505,1
7624,1788334577,1
7625,1788334588,1
7626,1788334595,1
7627,1788334666,1
7628,1788334666,1
7629,1788334675,1
7630,1788334697,1
7631,1788334705,1
7632,1788334716,1
7633,1788334738,1
7634,1788334762,1
7635,1788334776,1
7636,1788334779,1
7637,1788334810,1
7638,1788334860,1
7639,1788334895,1
7640,1788334915,1
7641,1788334942,1
7642,1788334981,1
7643,1788335000,1
7644,1788335018,1
7645,1788335021,1
7646,1788335083,1
7647,1788335104,1
7648,1788335127,1
7649,1788335167,1
7650,1788335169,1
7651,1788335170,1
7652,1788335174,1
7653,1788335239,1
7654,1788335285,1
7655,1788335444,1
7656,1788335482,1
7657,1788335498,1
7658,1788335515,1
7659,1788335580,1
7660,1788335643,1
7661,1788335738,1
7662,1788335748,1
7663,1788335786,1
7664,1788335816,1
7665,1788335861,1
7666,1788335871,1
7667,1788335916,1
7668,1788336000,1
7669,1788336016,1
7670,1788336034,1
7671,1788336071,1
7672,1788336122,1
7673,1788336215,1
7674,1788336221,1
7675,1788336288,1
7676,1788336316,1
7677,1788336331,1
7678,1788336370,1
7679,1788336374,1
7680,1788336375,1
7681,1788336376,1
7682,1788336398,1
7683,1788336424,1
7684,1788336448,1
7685,1788336457,1
7686,1788336463,1
7687,1788336490,1
7688,1788336492,1
7689,1788336503,1
7690,1788336540,1
7691,1788336586,1
7692,1788336622,1
7693,1788336661,1
7694,1788336666,1
7695,1788336696,1
7696,1788336731,1
7697,1788336734,1
7698,1788336754,1
7699,1788336803,1
7700,1788336812,1
7701,1788336834,1
7702,1788336918,1
7703,1788336920,1
7704,1788336984,1
7705,1788337003,1
7706,1788337039,1
7707,1788337118,1
7708,1788337239,1
7709,1788337260,1
7710,1788337340,1
7711,1788337363,1
7712,1788337369,1
7713,1788337447,1
7714,1788337573,1
7715,1788337584,1
7716,1788337588,1
7717,1788337621,1
7718,1788337644,1
7719,1788337688,1
7720,1788337716,1
7721,1788337833,1
7722,1788337895,1
7723,1788337946,1
7724,1788337963,1
7725,1788338157,1
7726,1788338192,1
7727,1788338209,1
7728,1788338251,1
7729,1788338255,1
7730,1788338347,1
7731,1788338386,1
7732,1788338427,1
7733,1788338428,1
7734,1788338450,1
7735,1788338459,1
7736,1788338481,1
7737,1788338486,1
7738,1788338531,1
7739,1788338580,1
7740,1788338646,1
7741,1788338762,1
7742,1788338776,1
7743,1788338779,1
7744,1788338812,1
7745,1788338846,1
7746,1788338871,1
7747,1788338895,1
7748,1788338907,1
7749,1788338943,1
7750,1788338998,1
7751,1788339180,1
7752,1788339185,1
7753,1788339200,1
7754,1788339235,1
7755,1788339255,1
7756,1788339335,1
7757,1788339355,1
7758,1788339385,1
7759,1788339412,1
7760,1788339475,1
7761,1788339521,1
7762,1788339523,1
7763,1788339578,1
7764,1788339578,1
7765,1788339592,1
7766,1788339595,1
7767,1788339596,1
7768,1788339615,1
7769,1788339646,1
7770,1788339698,1
7771,1788339698,1
7772,1788339733,1
7773,1788339990,1
7774,1788340007,1
7775,1788340027,1
7776,1788340039,1
7777,1788340083,1
7778,1788340139,1
7779,1788340197,1
7780,1788340337,1
7781,1788340390,1
7782,1788340394,1
7783,1788340397,1
7784,1788340431,1
7785,1788340467,1
7786,1788340486,1
7787,1788340510,1
7788,1788340517,1
7789,1788340553,1
7790,1788340693,1
7791,1788340696,1
7792,1788340834,1
7793,1788340865,1
7794,1788340948,1
7795,1788340954,1
7796,1788340963,1
7797,1788341121,1
7798,1788341159,1
7799,1788341170,1
7800,1788341245,1
7801,1788341263,1
7802,1788341276,1
7803,1788341369,1
7804,1788341406,1
7805,1788341422,1
7806,1788341507,1
7807,1788341625,1
7808,1788341773,1
7809,1788341975,1
7810,1788341997,1
7811,1788342029,1
7812,1788342122,1
7813,1788342124,1
7814,1788342197,1
7815,1788342218,1
7816,1788342257,1
7817,1788342306,1
7818,1788342336,1
7819,1788342403,1
7820,1788342407,1
7821,1788342478,1
7822,1788342493,1
7823,1788342518,1
7824,1788342633,1
7825,1788342657,1
7826,1788342730,1
7827,1788342855,1
7828,1788342879,1
7829,1788342886,1
7830,1788342893,1
7831,1788342907,1
7832,1788342921,1
7833,1788343009,1
7834,1788343051,1
7835,1788343079,1
7836,1788343158,1
7837,1788343171,1
7838,1788343274,1
7839,1788343409,1
7840,1788343503,1
7841,1788343573,1
7842,1788343689,1
7843,1788343731,1
7844,1788343779,1
7845,1788343783,1
7846,1788343833,1
7847,1788343932,1
7848,1788343973,1
7849,1788343976,1
7850,1788344077,1
7851,1788344126,1
7852,1788344380,1
7853,1788344419,1
7854,1788344459,1
7855,1788344561,1
7856,1788344570,1
7857,1788344679,1
7858,1788344868,1
7859,1788344912,1
7860,1788344917,1
7861,1788344956,1
7862,1788345185,1
7863,1788345281,1
7864,1788345359,1
7865,1788345364,1
7866,1788345394,1
7867,1788345482,1
7868,1788345523,1
7869,1788345638,1
7870,1788345706,1
7871,1788345773,1
7872,1788345791,1
7873,1788345809,1
7874,1788345815,1
7875,1788345928,1
7876,1788345978,1
7877,1788345987,1
7878,1788346028,1
7879,1788346113,1
7880,1788346113,1
7881,1788346113,1
7882,1788346113,1
7883,1788346114,1
7884,1788346114,1
7885,1788346114,1
7886,1788346114,1
7887,1788346114,1
7888,1788346114,1
7889,1788346114,1
7890,1788346114,1
7891,1788346115,1
7892,1788346116,1
7893,1788346139,1
7894,1788346163,1
7895,1788346231,1
7896,1788346268,1
7897,1788346272,1
7898,1788346325,1
7899,1788346343,1
7900,1788346379,1
7901,1788346398,1
7902,1788346423,1
7903,1788346441,1
7904,1788346467,1
7905,1788346543,1
7906,1788346552,1
7907,1788346572,1
7908,1788346627,1
7909,1788346807,1
7910,1788346826,1
7911,1788346956,1
7912,1788346972,1
7913,1788347006,1
7914,1788347008,1
7915,1788347171,1
7916,1788347263,1
7917,1788347276,1
7918,1788347328,1
7919,1788347358,1
7920,1788347499,1
7921,1788347507,1
7922,1788347517,1
7923,1788347562,1
7924,1788347586,1
7925,1788347630,1
7926,1788347837,1
7927,1788347854,1
7928,1788347858,1
7929,1788347865,1
7930,1788347904,1
7931,1788347934,1
7932,1788347969,1
7933,1788347997,1
7934,1788348057,1
7935,1788348142,1
7936,1788348254,1
7937,1788348263,1
7938,1788348293,1
7939,1788348315,1
7940,1788348329,1
7941,1788348366,1
7942,1788348372,1
7943,1788348378,1
7944,1788348480,1
7945,1788348515,1
7946,1788348534,1
7947,1788348553,1
7948,1788348555,1
7949,1788348565,1
7950,1788348643,1
7951,1788348706,1
7952,1788348716,1
7953,1788348776,1
7954,1788348876,1
7955,1788348903,1
7956,1788348916,1
7957,1788349009,1
7958,1788349027,1
7959,1788349092,1
7960,1788349094,1
7961,1788349106,1
7962,1788349132,1
7963,1788349171,1
7964,1788349252,1
7965,1788349268,1
7966,1788349271,1
7967,1788349427,1
7968,1788349451,1
7969,1788349516,1
7970,1788349556,1
7971,1788349692,1
7972,1788349806,1
7973,1788349919,1
7974,1788349923,1
7975,1788349995,1
7976,1788350110,1
7977,1788350115,1
7978,1788350342,1
7979,1788350358,1
7980,1788350393,1
7981,1788350426,1
7982,1788350428,1
7983,1788350469,1
7984,1788350496,1
7985,1788350645,1
7986,1788350710,1
7987,1788350711,1
7988,1788350851,1
7989,1788350853,1
7990,1788350883,1
7991,1788350884,1
7992,1788350898,1
7993,1788350901,1
7994,1788350909,1
7995,1788350927,1
7996,1788351012,1
7997,1788351038,1
7998,1788351050,1
7999,1788351130,1
8000,1788351438,1
8001,1788351560,1
8002,1788351595,1
8003,1788351635,1
8004,1788351654,1
8005,1788351671,1
8006,1788351850,1
8007,1788351892,1
8008,1788351918,1
8009,1788351976,1
8010,1788352052,1
8011,1788352149,1
8012,1788352205,1
8013,1788352222,1
8014,1788352278,1
8015,1788352295,1
8016,1788352343,1
8017,1788352379,1
8018,1788352392,1
8019,1788352436,1
8020,1788352452,1
8021,1788352540,1
8022,1788352607,1
8023,1788352642,1
8024,1788352661,1
8025,1788352685,1
8026,1788352685,1
8027,1788352727,1
8028,1788352805,1
8029,1788352820,1
8030,1788352850,1
8031,1788352863,1
8032,1788352868,1
8033,1788352875,1
8034,1788352877,1
8035,1788352991,1
8036,1788353051,1
8037,1788353113,1
8038,1788353172,1
8039,1788353220,1
8040,1788353237,1
8041,1788353263,1
8042,1788353314,1
8043,1788353341,1
8044,1788353348,1
8045,1788353384,1
8046,1788353389,1
8047,1788353416,1
8048,1788353421,1
8049,1788353452,1
8050,1788353494,1
8051,1788353597,1
8052,1788353625,1
8053,1788353645,1
8054,1788353654,1
8055,1788353662,1
8056,1788353761,1
8057,1788353855,1
8058,1788353870,1
8059,1788353893,1
8060,1788353997,1
8061,1788354001,1
8062,1788354083,1
8063,1788354091,1
8064,1788354104,1
8065,1788354149,1
8066,1788354160,1
8067,1788354165,1
8068,1788354183,1
8069,1788354247,1
8070,1788354329,1
8071,1788354360,1
8072,1788354447,1
8073,1788354451,1
8074,1788354465,1
8075,1788354478,1
8076,1788354478,1
8077,1788354494,1
8078,1788354503,1
8079,1788354546,1
8080,1788354571,1
8081,1788354615,1
8082,1788354645,1
8083,1788354657,1
8084,1788354669,1
8085,1788354737,1
8086,1788354750,1
8087,1788354782,1
8088,1788354787,1
8089,1788354796,1
8090,1788354855,1
8091,1788354869,1
8092,1788354873,1
8093,1788354920,1
8094,1788354948,1
8095,1788354986,1
8096,1788354993,1
8097,1788354996,1
8098,1788355006,1
8099,1788355043,1
8100,1788355072,1
8101,1788355085,1
8102,1788355090,1
8103,1788355116,1
8104,1788355133,1
8105,1788355162,1
8106,1788355169,1
8107,1788355184,1
8108,1788355199,1
8109,1788355239,1
8110,1788355308,1
8111,1788355323,1
8112,1788355362,1
8113,1788355364,1
8114,1788355383,1
8115,1788355400,1
8116,1788355405,1
8117,1788355428,1
8118,1788355435,1
8119,1788355457,1
8120,1788355464,1
8121,1788355488,1
8122,1788355491,1
8123,1788355500,1
8124,1788355524,1
8125,1788355524,1
8126,1788355529,1
8127,1788355550,1
8128,1788355589,1
8129,1788355592,1
8130,1788355593,1
8131,1788355615,1
8132,1788355625,1
8133,1788355652,1
8134,1788355657,1
8135,1788355684,1
8136,1788355706,1
8137,1788355709,1
8138,1788355713,1
8139,1788355716,1
8140,1788355727,1
8141,1788355783,1
8142,1788355840,1
8143,1788355843,1
8144,1788355846,1
8145,1788355867,1
8146,1788355871,1
8147,1788355896,1
8148,1788355904,1
8149,1788355950,1
8150,1788355980,1
8151,1788355982,1
8152,1788355984,1
8153,1788355998,1
8154,1788356024,1
8155,1788356038,1
8156,1788356130,1
8157,1788356157,1
8158,1788356199,1
8159,1788356225,1
8160,1788356252,1
8161,1788356335,1
8162,1788356407,1
8163,1788356411,1
8164,1788356485,1
8165,1788356491,1
8166,1788356675,1
8167,1788356691,1
8168,1788356697,1
8169,1788356738,1
8170,1788356818,1
8171,1788356818,1
8172,1788356838,1
8173,1788356909,1
8174,1788356962,1
8175,1788357037,1
8176,1788357040,1
8177,1788357070,1
8178,1788357074,1
8179,1788357095,1
8180,1788357108,1
8181,1788357130,1
8182,1788357132,1
8183,1788357195,1
8184,1788357197,1
8185,1788357209,1
8186,1788357242,1
8187,1788357263,1
8188,1788357265,1
8189,1788357265,1
8190,1788357304,1
8191,1788357374,1
8192,1788357467,1
8193,1788357477,1
8194,1788357520,1
8195,1788357535,1
8196,1788357587,1
8197,1788357612,1
8198,1788357701,1
8199,1788357710,1
8200,1788357731,1
8201,1788357743,1
8202,1788357784,1
8203,1788357830,1
8204,1788357912,1
8205,1788357916,1
8206,1788357917,1
8207,1788357952,1
8208,1788357983,1
8209,1788358015,1
8210,1788358036,1
8211,1788358080,1
8212,1788358115,1
8213,1788358124,1
8214,1788358172,1
8215,1788358183,1
8216,1788358235,1
8217,1788358244,1
8218,1788358341,1
8219,1788358358,1
8220,1788358367,1
8221,1788358382,1
8222,1788358423,1
8223,1788358459,1
8224,1788358502,1
8225,1788358502,1
8226,1788358560,1
8227,1788358577,1
8228,1788358593,1
8229,1788358627,1
8230,1788358690,1
8231,1788358755,1
8232,1788358755,1
8233,1788358780,1
8234,1788358798,1
8235,1788358832,1
8236,1788358963,1
8237,1788358975,1
8238,1788359035,1
8239,1788359040,1
8240,1788359055,1
8241,1788359084,1
8242,1788359119,1
8243,1788359151,1
8244,1788359154,1
8245,1788359225,1
8246,1788359252,1
8247,1788359293,1
8248,1788359295,1
8249,1788359335,1
8250,1788359345,1
8251,1788359379,1
8252,1788359438,1
8253,1788359491,1
8254,1788359500,1
8255,1788359529,1
8256,1788359626,1
8257,1788359673,1
8258,1788359797,1
8259,1788359798,1
8260,1788359808,1
8261,1788359862,1
8262,1788359941,1
8263,1788359978,1
8264,1788359983,1
8265,1788359990,1
8266,1788360036,1
8267,1788360124,1
8268,1788360130,1
8269,1788360154,1
8270,1788360245,1
8271,1788360264,1
8272,1788360294,1
8273,1788360357,1
8274,1788360384,1
8275,1788360507,1
8276,1788360520,1
8277,1788360523,1
8278,1788360583,1
8279,1788360662,1
8280,1788360670,1
8281,1788360758,1
8282,1788360766,1
8283,1788360800,1
8284,1788360809,1
8285,1788360862,1
8286,1788360894,1
8287,1788360913,1
8288,1788360921,1
8289,1788360930,1
8290,1788360970,1
8291,1788360980,1
8292,1788360981,1
8293,1788360985,1
8294,1788360991,1
8295,1788361029,1
8296,1788361033,1
8297,1788361060,1
8298,1788361118,1
8299,1788361131,1
8300,1788361159,1
8301,1788361203,1
8302,1788361205,1
8303,1788361338,1
8304,1788361577,1
8305,1788361605,1
8306,1788361645,1
8307,1788361655,1
8308,1788361673,1
8309,1788361702,1
8310,1788361717,1
8311,1788361807,1
8312,1788361868,1
8313,1788361924,1
8314,1788361958,1
8315,1788361978,1
8316,1788362023,1
8317,1788362070,1
8318,1788362074,1
8319,1788362128,1
8320,1788362156,1
8321,1788362157,1
8322,1788362299,1
8323,1788362301,1
8324,1788362333,1
8325,1788362351,1
8326,1788362356,1
8327,1788362379,1
8328,1788362383,1
8329,1788362394,1
8330,1788362438,1
8331,1788362454,1
8332,1788362455,1
8333,1788362482,1
8334,1788362618,1
8335,1788362667,1
8336,1788362693,1
8337,1788362776,1
8338,1788362784,1
8339,1788362889,1
8340,1788362904,1
8341,1788362962,1
8342,1788363007,1
8343,1788363013,1
8344,1788363019,1
8345,1788363025,1
8346,1788363041,1
8347,1788363097,1
8348,1788363124,1
8349,1788363144,1
8350,1788363146,1
8351,1788363170,1
8352,1788363182,1
8353,1788363193,1
8354,1788363197,1
8355,1788363229,1
8356,1788363236,1
8357,1788363311,1
8358,1788363318,1
8359,1788363350,1
8360,1788363391,1
8361,1788363442,1
8362,1788363455,1
8363,1788363527,1
8364,1788363563,1
8365,1788363581,1
8366,1788363582,1
8367,1788363598,1
8368,1788363625,1
8369,1788363756,1
8370,1788363762,1
8371,1788363785,1
8372,1788363830,1
8373,1788363831,1
8374,1788363848,1
8375,1788363853,1
8376,1788363916,1
8377,1788363960,1
8378,1788363997,1
8379,1788364018,1
8380,1788364053,1
8381,1788364074,1
8382,1788364107,1
8383,1788364115,1
8384,1788364123,1
8385,1788364162,1
8386,1788364164,1
8387,1788364174,1
8388,1788364229,1
8389,1788364261,1
8390,1788364269,1
8391,1788364296,1
8392,1788364333,1
8393,1788364351,1
8394,1788364423,1
8395,1788364447,1
8396,1788364504,1
8397,1788364604,1
8398,1788364629,1
8399,1788364631,1
8400,1788364637,1
8401,1788364718,1
8402,1788364823,1
8403,1788364827,1
8404,1788364856,1
8405,1788364879,1
8406,1788364890,1
8407,1788364910,1
8408,1788364937,1
8409,1788364999,1
8410,1788365051,1
8411,1788365054,1
8412,1788365073,1
8413,1788365076,1
8414,1788365126,1
8415,1788365128,1
8416,1788365136,1
8417,1788365273,1
8418,1788365286,1
8419,1788365334,1
8420,1788365409,1
8421,1788365412,1
8422,1788365503,1
8423,1788365523,1
8424,1788365646,1
8425,1788365686,1
8426,1788365801,1
8427,1788365826,1
8428,1788365840,1
8429,1788365941,1
8430,1788365982,1
8431,1788366021,1
8432,1788366045,1
8433,1788366061,1
8434,1788366089,1
8435,1788366113,1
8436,1788366278,1
8437,1788366296,1
8438,1788366326,1
8439,1788366347,1
8440,1788366351,1
8441,1788366367,1
8442,1788366376,1
8443,1788366377,1
8444,1788366420,1
8445,1788366548,1
8446,1788366557,1
8447,1788366640,1
8448,1788366684,1
8449,1788366685,1
8450,1788366738,1
8451,1788366828,1
8452,1788366958,1
8453,1788367035,1
8454,1788367062,1
8455,1788367076,1
8456,1788367136,1
8457,1788367212,1
8458,1788367221,1
8459,1788367368,1
8460,1788367436,1
8461,1788367508,1
8462,1788367537,1
8463,1788367686,1
8464,1788367787,1
8465,1788367791,1
8466,1788367811,1
8467,1788367831,1
8468,1788367892,1
8469,1788367943,1
8470,1788367999,1
8471,1788368126,1
8472,1788368174,1
8473,1788368417,1
8474,1788368425,1
8475,1788368520,1
8476,1788368525,1
8477,1788368610,1
8478,1788368655,1
8479,1788368710,1
8480,1788368762,1
8481,1788368779,1
8482,1788368830,1
8483,1788368943,1
8484,1788368956,1
8485,1788369041,1
8486,1788369247,1
8487,1788369298,1
8488,1788369338,1
8489,1788369522,1
8490,1788369601,1
8491,1788369619,1
8492,1788369726,1
8493,1788369754,1
8494,1788369775,1
8495,1788369806,1
8496,1788369855,1
8497,1788370170,1
8498,1788370170,1
8499,1788370296,1
8500,1788370325,1
8501,1788370398,1
8502,1788370449,1
8503,1788370496,1
8504,1788370650,1
8505,1788370806,1
8506,1788370971,1
8507,1788370975,1
8508,1788371170,1
8509,1788371192,1
8510,1788371198,1
8511,1788371688,1
8512,1788371779,1
8513,1788371894,1
8514,1788371981,1
8515,1788372067,1
8516,1788372071,1
8517,1788372082,1
8518,1788372094,1
8519,1788372172,1
8520,1788372192,1
8521,1788372392,1
8522,1788372392,1
8523,1788372402,1
8524,1788372427,1
8525,1788372473,1
8526,1788372667,1
8527,1788372685,1
8528,1788372692,1
8529,1788372695,1
8530,1788372965,1
8531,1788373002,1
8532,1788373017,1
8533,1788373119,1
8534,1788373133,1
8535,1788373295,1
8536,1788373334,1
8537,1788373480,1
8538,1788373613,1
8539,1788373665,1
8540,1788373729,1
8541,1788373901,1
8542,1788373967,1
8543,1788374014,1
8544,1788374362,1
8545,1788374395,1
8546,1788374677,1
8547,1788374686,1
8548,1788374726,1
8549,1788374888,1
8550,1788375107,1
8551,1788375282,1
8552,1788375440,1
8553,1788375440,1
8554,1788375564,1
8555,1788375590,1
8556,1788375617,1
8557,1788375789,1
8558,1788375791,1
8559,1788375815,1
8560,1788375935,1
8561,1788376002,1
8562,1788376214,1
8563,1788376215,1
8564,1788376331,1
8565,1788376396,1
8566,1788376407,1
8567,1788376484,1
8568,1788376503,1
8569,1788376506,1
8570,1788376511,1
8571,1788376559,1
8572,1788376605,1
8573,1788376639,1
8574,1788376857,1
8575,1788377188,1
8576,1788377417,1
8577,1788377424,1
8578,1788377449,1
8579,1788377474,1
8580,1788377574,1
8581,1788377658,1
8582,1788377716,1
8583,1788377986,1
8584,1788377992,1
8585,1788378055,1
8586,1788378133,1
8587,1788378197,1
8588,1788378259,1
8589,1788378300,1
8590,1788378410,1
8591,1788378455,1
8592,1788378456,1
8593,1788378547,1
8594,1788378620,1
8595,1788378657,1
8596,1788378775,1
8597,1788378882,1
8598,1788378977,1
8599,1788378981,1
8600,1788379040,1
8601,1788379108,1
8602,1788379324,1
8603,1788379465,1
8604,1788379622,1
8605,1788379989,1
8606,1788380494,1
8607,1788380508,1
8608,1788380628,1
8609,1788380667,1
8610,1788380746,1
8611,1788380796,1
8612,1788381087,1
8613,1788381205,1
8614,1788381211,1
8615,1788381240,1
8616,1788381658,1
8617,1788381794,1
8618,1788382019,1
8619,1788382082,1
8620,1788382100,1
8621,1788382199,1
8622,1788382280,1
8623,1788382327,1
8624,1788382342,1
8625,1788382452,1
8626,1788382647,1
8627,1788382696,1
8628,1788382785,1
8629,1788382788,1
8630,1788382834,1
8631,1788382849,1
8632,1788382849,1
8633,1788383011,1
8634,1788383402,1
8635,1788383482,1
8636,1788383569,1
8637,1788383703,1
8638,1788384035,1
8639,1788384041,1
8640,1788384051,1
8641,1788384154,1
8642,1788384279,1
8643,1788384461,1
8644,1788384640,1
8645,1788384811,1
8646,1788384841,1
8647,1788384948,1
8648,1788385069,1
8649,1788385078,1
8650,1788385266,1
8651,1788385321,1
8652,1788385410,1
8653,1788385599,1
8654,1788385601,1
8655,1788385767,1
8656,1788385793,1
8657,1788385919,1
8658,1788385919,1
8659,1788386068,1
8660,1788386306,1
8661,1788386751,1
8662,1788386917,1
8663,1788386988,1
8664,1788387509,1
8665,1788387810,1
8666,1788387915,1
8667,1788388037,1
8668,1788388083,1
8669,1788388263,1
8670,1788388271,1
8671,1788388419,1
8672,1788388513,1
8673,1788388593,1
8674,1788388633,1
8675,1788388841,1
8676,1788388926,1
8677,1788389521,1
8678,1788389583,1
8679,1788389707,1
8680,1788389755,1
8681,1788389859,1
8682,1788389957,1
8683,1788390109,1
8684,1788390214,1
8685,1788390368,1
8686,1788390496,1
8687,1788390661,1
8688,1788390709,1
8689,1788390873,1
8690,1788391037,1
8691,1788391149,1
8692,1788391355,1
8693,1788391416,1
8694,1788391537,1
8695,1788391790,1
8696,1788391794,1
8697,1788391839,1
8698,1788391963,1
8699,1788392094,1
8700,1788392390,1
8701,1788392594,1
8702,1788392884,1
8703,1788393109,1
8704,1788393187,1
8705,1788393365,1
8706,1788393420,1
8707,1788393658,1
8708,1788393733,1
8709,1788393843,1
8710,1788394601,1
8711,1788394667,1
8712,1788395071,1
8713,1788395223,1
8714,1788395588,1
8715,1788395724,1
8716,1788395965,1
8717,1788396058,1
8718,1788396297,1
8719,1788396492,1
8720,1788396500,1
8721,1788396549,1
8722,1788396574,1
8723,1788396872,1
8724,1788396874,1
8725,1788397206,1
8726,1788397217,1
8727,1788397256,1
8728,1788397618,1
8729,1788397714,1
8730,1788397777,1
8731,1788397802,1
8732,1788397984,1
8733,1788397986,1
8734,1788398076,1
8735,1788398149,1
8736,1788398204,1
8737,1788398298,1
8738,1788398328,1
8739,1788398334,1
8740,1788398447,1
8741,1788398522,1
8742,1788398683,1
8743,1788398889,1
8744,1788399125,1
8745,1788399177,1
8746,1788399273,1
8747,1788399317,1
8748,1788399423,1
8749,1788399493,1
8750,1788399577,1
8751,1788399658,1
8752,1788399723,1
8753,1788399729,1
8754,1788399745,1
8755,1788399793,1
8756,1788399998,1
8757,1788400056,1
8758,1788400228,1
8759,1788400325,1
8760,1788400443,1
8761,1788400501,1
8762,1788400524,1
8763,1788400586,1
8764,1788401040,1
8765,1788401205,1
8766,1788401288,1
8767,1788401437,1
8768,1788401470,1
8769,1788401587,1
8770,1788401671,1
8771,1788401758,1
8772,1788401961,1
8773,1788402052,1
8774,1788402054,1
8775,1788402069,1
8776,1788402106,1
8777,1788402444,1
8778,1788402581,1
8779,1788402804,1
8780,1788403038,1
8781,1788403164,1
8782,1788403217,1
8783,1788403359,1
8784,1788403509,1
8785,1788403551,1
8786,1788403603,1
8787,1788404003,1
8788,1788404138,1
8789,1788404181,1
8790,1788404431,1
8791,1788404475,1
8792,1788404894,1
8793,1788405034,1
8794,1788405141,1
8795,1788405163,1
8796,1788405191,1
8797,1788405222,1
8798,1788405334,1
8799,1788405418,1
8800,1788405501,1
8801,1788405548,1
8802,1788405561,1
8803,1788405648,1
8804,1788405827,1
8805,1788405989,1
8806,1788406245,1
8807,1788406260,1
8808,1788406362,1
8809,1788406362,1
8810,1788406963,1
8811,1788407141,1
8812,1788407471,1
8813,1788407501,1
8814,1788407845,1
8815,1788407918,1
8816,1788408191,1
8817,1788408438,1
8818,1788408853,1
8819,1788408859,1
8820,1788408905,1
8821,1788408913,1
8822,1788408973,1
8823,1788409039,1
8824,1788409290,1
8825,1788409404,1
8826,1788409452,1
8827,1788409852,1
8828,1788409874,1
8829,1788410055,1
8830,1788410069,1
8831,1788410074,1
8832,1788410166,1
8833,1788410381,1
8834,1788410390,1
8835,1788410642,1
8836,1788410792,1
8837,1788410801,1
8838,1788410890,1
8839,1788411036,1
8840,1788411141,1
8841,1788411229,1
8842,1788411233,1
8843,1788411346,1
8844,1788411385,1
8845,1788411610,1
8846,1788411629,1
8847,1788411679,1
8848,1788412203,1
8849,1788412339,1
8850,1788412559,1
8851,1788412962,1
8852,1788413035,1
8853,1788413150,1
8854,1788413202,1
8855,1788413240,1
8856,1788413454,1
8857,1788413817,1
8858,1788414209,1
8859,1788414557,1
8860,1788414617,1
8861,1788414662,1
8862,1788414813,1
8863,1788414860,1
8864,1788414863,1
8865,1788414959,1
8866,1788415196,1
8867,1788415286,1
8868,1788415330,1
8869,1788415547,1
8870,1788415829,1
8871,1788415996,1
8872,1788416221,1
8873,1788416336,1
8874,1788416416,1
8875,1788416453,1
8876,1788416572,1
8877,1788417007,1
8878,1788417023,1
8879,1788417045,1
8880,1788417187,1
8881,1788417207,1
8882,1788417223,1
8883,1788417647,1
8884,1788417709,1
8885,1788417720,1
8886,1788417845,1
8887,1788418029,1
8888,1788418102,1
8889,1788418365,1
8890,1788418559,1
8891,1788418595,1
8892,1788418714,1
8893,1788418784,1
8894,1788418941,1
8895,1788419007,1
8896,1788419073,1
8897,1788419115,1
8898,1788419196,1
8899,1788419240,1
8900,1788419813,1
8901,1788420000,1
8902,1788420049,1
8903,1788420224,1
8904,1788420271,1
8905,1788420394,1
8906,1788420547,1
8907,1788420606,1
8908,1788421061,1
8909,1788421224,1
8910,1788421304,1
8911,1788421480,1
8912,1788421512,1
8913,1788421514,1
8914,1788421602,1
8915,1788421675,1
8916,1788421770,1
8917,1788422249,1
8918,1788422274,1
8919,1788422335,1
8920,1788422365,1
8921,1788422578,1
8922,1788422629,1
8923,1788423336,1
8924,1788423565,1
8925,1788423778,1
8926,1788423934,1
8927,1788423959,1
8928,1788424201,1
8929,1788424391,1
8930,1788424415,1
8931,1788424469,1
8932,1788424582,1
8933,1788424595,1
8934,1788424608,1
8935,1788424941,1
8936,1788425402,1
8937,1788425607,1
8938,1788425653,1
8939,1788425693,1
8940,1788425835,1
8941,1788426433,1
8942,1788426598,1
8943,1788426633,1
8944,1788426731,1
8945,1788426786,1
8946,1788426820,1
8947,1788426954,1
8948,1788427116,1
8949,1788427482,1
8950,1788427666,1
8951,1788427980,1
8952,1788427983,1
8953,1788428504,1
8954,1788428580,1
8955,1788428613,1
8956,1788428684,1
8957,1788428825,1
8958,1788428861,1
8959,1788429185,1
8960,1788429211,1
8961,1788429570,1
8962,1788429594,1
8963,1788429628,1
8964,1788429959,1
8965,1788429996,1
8966,1788430067,1
8967,1788430090,1
8968,1788430108,1
8969,1788430755,1
8970,1788430765,1
8971,1788431143,1
8972,1788431256,1
8973,1788431569,1
8974,1788431642,1
8975,1788431779,1
8976,1788431808,1
8977,1788432062,1
8978,1788432137,1
8979,1788432606,1
8980,1788432827,1
8981,1788432888,1
8982,1788433019,1
8983,1788433029,1
8984,1788433098,1
8985,1788433737,1
8986,1788433742,1
8987,1788433742,1
8988,1788433788,1
8989,1788433843,1
8990,1788433851,1
8991,1788434219,1
8992,1788434383,1
8993,1788434672,1
8994,1788434884,1
8995,1788435026,1
8996,1788435602,1
8997,1788435687,1
8998,1788435801,1
8999,1788435875,1
9000,1788435945,1
9001,1788436289,1
9002,1788436428,1
9003,1788436707,1
9004,1788436909,1
9005,1788437023,1
9006,1788437035,1
9007,1788437087,1
9008,1788437202,1
9009,1788437258,1
9010,1788437481,1
9011,1788437701,1
9012,1788437865,1
9013,1788437896,1
9014,1788438019,1
9015,1788438049,1
9016,1788438271,1
9017,1788438282,1
9018,1788438606,1
9019,1788439023,1
9020,1788439410,1
9021,1788439525,1
9022,1788439661,1
9023,1788439800,1
9024,1788439817,1
9025,1788439865,1
9026,1788440043,1
9027,1788440055,1
9028,1788440107,1
9029,1788440340,1
9030,1788440348,1
9031,1788440583,1
9032,1788440624,1
9033,1788440642,1
9034,1788440749,1
9035,1788440859,1
9036,1788441420,1
9037,1788441437,1
9038,1788441530,1
9039,1788441823,1
9040,1788441953,1
9041,1788441994,1
9042,1788442030,1
9043,1788442149,1
9044,1788442598,1
9045,1788442662,1
9046,1788442694,1
9047,1788443064,1
9048,1788443146,1
9049,1788443183,1
9050,1788443236,1
9051,1788443434,1
9052,1788443560,1
9053,1788443650,1
9054,1788443750,1
9055,1788443772,1
9056,1788443880,1
9057,1788443962,1
9058,1788443962,1
9059,1788443991,1
9060,1788444048,1
9061,1788444138,1
9062,1788444180,1
9063,1788444266,1
9064,1788444279,1
9065,1788444546,1
9066,1788444579,1
9067,1788444687,1
9068,1788444792,1
9069,1788445007,1
9070,1788445053,1
9071,1788445355,1
9072,1788445362,1
9073,1788445380,1
9074,1788445533,1
9075,1788445872,1
9076,1788445974,1
9077,1788445974,1
9078,1788446132,1
9079,1788446210,1
9080,1788446281,1
9081,1788446328,1
9082,1788446346,1
9083,1788446853,1
9084,1788447006,1
9085,1788447027,1
9086,1788447182,1
9087,1788447391,1
9088,1788448295,1
9089,1788448552,1
9090,1788448692,1
9091,1788448738,1
9092,1788448787,1
9093,1788448802,1
9094,1788448825,1
9095,1788448881,1
9096,1788449180,1
9097,1788449301,1
9098,1788449385,1
9099,1788449464,1
9100,1788449951,1
9101,1788450026,1
9102,1788450243,1
9103,1788450395,1
9104,1788450400,1
9105,1788450803,1
9106,1788451107,1
9107,1788451171,1
9108,1788451492,1
9109,1788451904,1
9110,1788451927,1
9111,1788451939,1
9112,1788452043,1
9113,1788452339,1
9114,1788452469,1
9115,1788452563,1
9116,1788452634,1
9117,1788452681,1
9118,1788452826,1
9119,1788452986,1
9120,1788453100,1
9121,1788453119,1
9122,1788453145,1
9123,1788453149,1
9124,1788453199,1
9125,1788453273,1
9126,1788453387,1
9127,1788453545,1
9128,1788453654,1
9129,1788453670,1
9130,1788453860,1
9131,1788453935,1
9132,1788454193,1
9133,1788454340,1
9134,1788454496,1
9135,1788454534,1
9136,1788454938,1
9137,1788455044,1
9138,1788455053,1
9139,1788455192,1
9140,1788455254,1
9141,1788455311,1
9142,1788455395,1
9143,1788455465,1
9144,1788455534,1
9145,1788455634,1
9146,1788455657,1
9147,1788455663,1
9148,1788455826,1
9149,1788456072,1
9150,1788456130,1
9151,1788456145,1
9152,1788456564,1
9153,1788457181,1
9154,1788457213,1
9155,1788457374,1
9156,1788457581,1
9157,1788457737,1
9158,1788457994,1
9159,1788458627,1
9160,1788459240,1
9161,1788459338,1
9162,1788459564,1
9163,1788459775,1
9164,1788460121,1
9165,1788460761,1
9166,1788460813,1
9167,1788461230,1
9168,1788461376,1
9169,1788461465,1
9170,1788461996,1
9171,1788462055,1
9172,1788462253,1
9173,1788462921,1
9174,1788462964,1
9175,1788463180,1
9176,1788463782,1
9177,1788464253,1
9178,1788464592,1
9179,1788464802,1
9180,1788464887,1
9181,1788465011,1
9182,1788465163,1
9183,1788465962,1
9184,1788466125,1
9185,1788466465,1
9186,1788466856,1
9187,1788467156,1
9188,1788467172,1
9189,1788467247,1
9190,1788467373,1
9191,1788467698,1
9192,1788468217,1
9193,1788468276,1
9194,1788468852,1
9195,1788468978,1
9196,1788469243,1
9197,1788469263,1
9198,1788469366,1
9199,1788469909,1
9200,1788470423,1
9201,1788470713,1
9202,1788471097,1
9203,1788471967,1
9204,1788472046,1
9205,1788472130,1
9206,1788472347,1
9207,1788474359,1
9208,1788474420,1
9209,1788474669,1
9210,1788475304,1
9211,1788475340,1
9212,1788475589,1
9213,1788475777,1
9214,1788476072,1
9215,1788476195,1
9216,1788476595,1
9217,1788476652,1
9218,1788476746,1
9219,1788477199,1
9220,1788477404,1
9221,1788477576,1
9222,1788477678,1
9223,1788478495,1
9224,1788478974,1
9225,1788479013,1
9226,1788479255,1
9227,1788479370,1
9228,1788479535,1
9229,1788479558,1
9230,1788479712,1
9231,1788479901,1
9232,1788480285,1
9233,1788480533,1
9234,1788480747,1
9235,1788481146,1
9236,1788481974,1
9237,1788482098,1
9238,1788482433,1
9239,1788483261,1
9240,1788483366,1
9241,1788483381,1
9242,1788483720,1
9243,1788483784,1
9244,1788483867,1
9245,1788484034,1
9246,1788484311,1
9247,1788484662,1
9248,1788484944,1
9249,1788485095,1
9250,1788485389,1
9251,1788485541,1
9252,1788485722,1
9253,1788486231,1
9254,1788486303,1
9255,1788487555,1
9256,1788487754,1
9257,1788487856,1
9258,1788487999,1
9259,1788488476,1
9260,1788488657,1
9261,1788488929,1
9262,1788489738,1
9263,1788490042,1
9264,1788490285,1
9265,1788490302,1
9266,1788490487,1
9267,1788491807,1
9268,1788491897,1
9269,1788491988,1
9270,1788492342,1
9271,1788492918,1
9272,1788493382,1
9273,1788494132,1
9274,1788494205,1
9275,1788494282,1
9276,1788494367,1
9277,1788494426,1
9278,1788494461,1
9279,1788494681,1
9280,1788495568,1
9281,1788495863,1
9282,1788496184,1
9283,1788496315,1
9284,1788497794,1
9285,1788498156,1
9286,1788498440,1
9287,1788498892,1
9288,1788499313,1
9289,1788499336,1
9290,1788499607,1
9291,1788499611,1
9292,1788499850,1
9293,1788499938,1
9294,1788500293,1
9295,1788501100,1
9296,1788501116,1
9297,1788501232,1
9298,1788501753,1
9299,1788502311,1
9300,1788502700,1
9301,1788502846,1
9302,1788503133,1
9303,1788503286,1
9304,1788503300,1
9305,1788503485,1
9306,1788503996,1
9307,1788504021,1
9308,1788504552,1
9309,1788504686,1
9310,1788504728,1
9311,1788504737,1
9312,1788504864,1
9313,1788505021,1
9314,1788505612,1
9315,1788505741,1
9316,1788506049,1
9317,1788506232,1
9318,1788506300,1
9319,1788506517,1
9320,1788506764,1
9321,1788507165,1
9322,1788507219,1
9323,1788507776,1
9324,1788507951,1
9325,1788508616,1
9326,1788509159,1
9327,1788509217,1
9328,1788509331,1
9329,1788509360,1
9330,1788509398,1
9331,1788509769,1
9332,1788510243,1
9333,1788511003,1
9334,1788511396,1
9335,1788511569,1
9336,1788511688,1
9337,1788511851,1
9338,1788512172,1
9339,1788512222,1
9340,1788512260,1
9341,1788512260,1
9342,1788512278,1
9343,1788512466,1
9344,1788512688,1
9345,1788513124,1
9346,1788513593,1
9347,1788513707,1
9348,1788514031,1
9349,1788514130,1
9350,1788514181,1
9351,1788514456,1
9352,1788514571,1
9353,1788515291,1
9354,1788515609,1
9355,1788515629,1
9356,1788515671,1
9357,1788515766,1
9358,1788515979,1
9359,1788516444,1
9360,1788516596,1
9361,1788516895,1
9362,1788516931,1
9363,1788516967,1
9364,1788517058,1
9365,1788517362,1
9366,1788517411,1
9367,1788517536,1
9368,1788518573,1
9369,1788518681,1
9370,1788518775,1
9371,1788519706,1
9372,1788519910,1
9373,1788519975,1
9374,1788520703,1
9375,1788520735,1
9376,1788520889,1
9377,1788521010,1
9378,1788521035,1
9379,1788521084,1
9380,1788521449,1
9381,1788521608,1
9382,1788521813,1
9383,1788522147,1
9384,1788522321,1
9385,1788522900,1
9386,1788524471,1
9387,1788524646,1
9388,1788525933,1
9389,1788526050,1
9390,1788526252,1
9391,1788526494,1
9392,1788526988,1
9393,1788527449,1
9394,1788527769,1
9395,1788527977,1
9396,1788528187,1
9397,1788528250,1
9398,1788528445,1
9399,1788528758,1
9400,1788528786,1
9401,1788529071,1
9402,1788529123,1
9403,1788529128,1
9404,1788529543,1
9405,1788529639,1
9406,1788529758,1
9407,1788530037,1
9408,1788530259,1
9409,1788530369,1
9410,1788530478,1
9411,1788530633,1
9412,1788530850,1
9413,1788531153,1
9414,1788531233,1
9415,1788531486,1
9416,1788531555,1
9417,1788531821,1
9418,1788532124,1
9419,1788532274,1
9420,1788532510,1
9421,1788532679,1
9422,1788533092,1
9423,1788533242,1
9424,1788533245,1
9425,1788533682,1
9426,1788533960,1
9427,1788533977,1
9428,1788534034,1
9429,1788534134,1
9430,1788534150,1
9431,1788534468,1
9432,1788534576,1
9433,1788534627,1
9434,1788534713,1
9435,1788534840,1
9436,1788535119,1
9437,1788535199,1
9438,1788535623,1
9439,1788535825,1
9440,1788535935,1
9441,1788535975,1
9442,1788536139,1
9443,1788536503,1
9444,1788536596,1
9445,1788536661,1
9446,1788536908,1
9447,1788537051,1
9448,1788537129,1
9449,1788537183,1
9450,1788537718,1
9451,1788537832,1
9452,1788537858,1
9453,1788538683,1
9454,1788539042,1
9455,1788539184,1
9456,1788539203,1
9457,1788539260,1
9458,1788539423,1
9459,1788539538,1
9460,1788539655,1
9461,1788539994,1
9462,1788540205,1
9463,1788541357,1
9464,1788541764,1
9465,1788542646,1
9466,1788542725,1
9467,1788543011,1
9468,1788543191,1
9469,1788543368,1
9470,1788543632,1
9471,1788544179,1
9472,1788544412,1
9473,1788544463,1
9474,1788544542,1
9475,1788545157,1
9476,1788545202,1
9477,1788545328,1
9478,1788546166,1
9479,1788546269,1
9480,1788546399,1
9481,1788546549,1
9482,1788546584,1
9483,1788546764,1
9484,1788546840,1
9485,1788546929,1
9486,1788547115,1
9487,1788548030,1
9488,1788548300,1
9489,1788548560,1
9490,1788548658,1
9491,1788549363,1
9492,1788549475,1
9493,1788550151,1
9494,1788550152,1
9495,1788550240,1
9496,1788550465,1
9497,1788550782,1
9498,1788550798,1
9499,1788550916,1
9500,1788551508,1
9501,1788551570,1
9502,1788551722,1
9503,1788552558,1
9504,1788552668,1
9505,1788552981,1
9506,1788553354,1
9507,1788553782,1
9508,1788553844,1
9509,1788554442,1
9510,1788554480,1
9511,1788554987,1
9512,1788555201,1
9513,1788555654,1
9514,1788556133,1
9515,1788556513,1
9516,1788558474,1
9517,1788559653,1
9518,1788560108,1
9519,1788561787,1
9520,1788562003,1
9521,1788562530,1
9522,1788563345,1
9523,1788566238,1
9524,1788566261,1
9525,1788566937,1
9526,1788567329,1
9527,1788567790,1
9528,1788567851,1
9529,1788568319,1
9530,1788568328,1
9531,1788568540,1
9532,1788569006,1
9533,1788570137,1
9534,1788570161,1
9535,1788570665,1
9536,1788571595,1
9537,1788572023,1
9538,1788572072,1
9539,1788572322,1
9540,1788572901,1
9541,1788573401,1
9542,1788573726,1
9543,1788575127,1
9544,1788575776,1
9545,1788576178,1
9546,1788576404,1
9547,1788576619,1
9548,1788577873,1
9549,1788578430,1
9550,1788579069,1
9551,1788579273,1
9552,1788579294,1
9553,1788579345,1
9554,1788579722,1
9555,1788579891,1
9556,1788580017,1
9557,1788580124,1
9558,1788580958,1
9559,1788581002,1
9560,1788581136,1
9561,1788581314,1
9562,1788581424,1
9563,1788581944,1
9564,1788582977,1
9565,1788583299,1
9566,1788583651,1
9567,1788583692,1
9568,1788583860,1
9569,1788585264,1
9570,1788585759,1
9571,1788586465,1
9572,1788586855,1
9573,1788587658,1
9574,1788587898,1
9575,1788588429,1
9576,1788588537,1
9577,1788588643,1
9578,1788589545,1
9579,1788589588,1
9580,1788589777,1
9581,1788590882,1
9582,1788590927,1
9583,1788590970,1
9584,1788591597,1
9585,1788592251,1
9586,1788592316,1
9587,1788592609,1
9588,1788592830,1
9589,1788593000,1
9590,1788593057,1
9591,1788593512,1
9592,1788594048,1
9593,1788594143,1
9594,1788594678,1
9595,1788594691,1
9596,1788594921,1
9597,1788595540,1
9598,1788595674,1
9599,1788597180,1
9600,1788597311,1
9601,1788597509,1
9602,1788597615,1
9603,1788597724,1
9604,1788597965,1
9605,1788598675,1
9606,1788600165,1
9607,1788600388,1
9608,1788601026,1
9609,1788601528,1
9610,1788602185,1
9611,1788602508,1
9612,1788602573,1
9613,1788602723,1
9614,1788602823,1
9615,1788603976,1
9616,1788604218,1
9617,1788604629,1
9618,1788605438,1
9619,1788605690,1
9620,1788605813,1
9621,1788605979,1
9622,1788605996,1
9623,1788606141,1
9624,1788606193,1
9625,1788606222,1
9626,1788606250,1
9627,1788606576,1
9628,1788607000,1
9629,1788607012,1
9630,1788607494,1
9631,1788607739,1
9632,1788608395,1
9633,1788609001,1
9634,1788609822,1
9635,1788610258,1
9636,1788610350,1
9637,1788610673,1
9638,1788611381,1
9639,1788611789,1
9640,1788612071,1
9641,1788612123,1
9642,1788612369,1
9643,1788612553,1
9644,1788613316,1
9645,1788613710,1
9646,1788614007,1
9647,1788614222,1
9648,1788614430,1
9649,1788614627,1
9650,1788615399,1
9651,1788615672,1
9652,1788616061,1
9653,1788616349,1
9654,1788616631,1
9655,1788616744,1
9656,1788616814,1
9657,1788617386,1
9658,1788617882,1
9659,1788618198,1
9660,1788618215,1
9661,1788618224,1
9662,1788618264,1
9663,1788618571,1
9664,1788618679,1
9665,1788618699,1
9666,1788619738,1
9667,1788619829,1
9668,1788620036,1
9669,1788620374,1
9670,1788620541,1
9671,1788620566,1
9672,1788621613,1
9673,1788621665,1
9674,1788621703,1
9675,1788622326,1
9676,1788622331,1
9677,1788622579,1
9678,1788622644,1
9679,1788622647,1
9680,1788623107,1
9681,1788623111,1
9682,1788623314,1
9683,1788623356,1
9684,1788623507,1
9685,1788623578,1
9686,1788624451,1
9687,1788624690,1
9688,1788624694,1
9689,1788624876,1
9690,1788625920,1
9691,1788626247,1
9692,1788626417,1
9693,1788626707,1
9694,1788627831,1
9695,1788627855,1
9696,1788628702,1
9697,1788628753,1
9698,1788628886,1
9699,1788629773,1
9700,1788630583,1
9701,1788631361,1
9702,1788631600,1
9703,1788631757,1
9704,1788631849,1
9705,1788632970,1
9706,1788633351,1
9707,1788634899,1
9708,1788635561,1
9709,1788636176,1
9710,1788636800,1
9711,1788637088,1
9712,1788638087,1
9713,1788638689,1
9714,1788639040,1
9715,1788639137,1
9716,1788639183,1
9717,1788639390,1
9718,1788640684,1
9719,1788641339,1
9720,1788641548,1
9721,1788641561,1
9722,1788642573,1
9723,1788646305,1
9724,1788646319,1
9725,1788647340,1
9726,1788647871,1
9727,1788647876,1
9728,1788648096,1
9729,1788649592,1
9730,1788649979,1
9731,1788650237,1
9732,1788651239,1
9733,1788652095,1
9734,1788652928,1
9735,1788653807,1
9736,1788654280,1
9737,1788654516,1
9738,1788654940,1
9739,1788656070,1
9740,1788656298,1
9741,1788656689,1
9742,1788656836,1
9743,1788656988,1
9744,1788659567,1
9745,1788659743,1
9746,1788660010,1
9747,1788660214,1
9748,1788660996,1
9749,1788661283,1
9750,1788661859,1
9751,1788662105,1
9752,1788662329,1
9753,1788662501,1
9754,1788662540,1
9755,1788663511,1
9756,1788663717,1
9757,1788664045,1
9758,1788664952,1
9759,1788665551,1
9760,1788665552,1
9761,1788665832,1
9762,1788666291,1
9763,1788666466,1
9764,1788666886,1
9765,1788666912,1
9766,1788666986,1
9767,1788667595,1
9768,1788667635,1
9769,1788667765,1
9770,1788667974,1
9771,1788668393,1
9772,1788668626,1
9773,1788670179,1
9774,1788670534,1
9775,1788671030,1
9776,1788671271,1
9777,1788671449,1
9778,1788671789,1
9779,1788671829,1
9780,1788672179,1
9781,1788672483,1
9782,1788672709,1
9783,1788673157,1
9784,1788673742,1
9785,1788673806,1
9786,1788673811,1
9787,1788674315,1
9788,1788674634,1
9789,1788674801,1
9790,1788675366,1
9791,1788677407,1
9792,1788677876,1
9793,1788677880,1
9794,1788678090,1
9795,1788679931,1
9796,1788682094,1
9797,1788682878,1
9798,1788683861,1
9799,1788683946,1
9800,1788684149,1
9801,1788684154,1
9802,1788684379,1
9803,1788685753,1
9804,1788685771,1
9805,1788685889,1
9806,1788685977,1
9807,1788686208,1
9808,1788686674,1
9809,1788686978,1
9810,1788687149,1
9811,1788687706,1
9812,1788688121,1
9813,1788688133,1
9814,1788689543,1
9815,1788689617,1
9816,1788690748,1
9817,1788690945,1
9818,1788691188,1
9819,1788691499,1
9820,1788691889,1
9821,1788692356,1
9822,1788692919,1
9823,1788693094,1
9824,1788694239,1
9825,1788694353,1
9826,1788698102,1
9827,1788698928,1
9828,1788700317,1
9829,1788701360,1
9830,1788702442,1
9831,1788702717,1
9832,1788702760,1
9833,1788702989,1
9834,1788703031,1
9835,1788703331,1
9836,1788703653,1
9837,1788704228,1
9838,1788704362,1
9839,1788704624,1
9840,1788704643,1
9841,1788705420,1
9842,1788705805,1
9843,1788705867,1
9844,1788706300,1
9845,1788707281,1
9846,1788707449,1
9847,1788707902,1
9848,1788708351,1
9849,1788708588,1
9850,1788708893,1
9851,1788709753,1
9852,1788709775,1
9853,1788710060,1
9854,1788710788,1
9855,1788710991,1
9856,1788710993,1
9857,1788711311,1
9858,1788711340,1
9859,1788711422,1
9860,1788711621,1
9861,1788712159,1
9862,1788712488,1
9863,1788712494,1
9864,1788713218,1
9865,1788713819,1
9866,1788714064,1
9867,1788714514,1
9868,1788714588,1
9869,1788714673,1
9870,1788715199,1
9871,1788716182,1
9872,1788716524,1
9873,1788716776,1
9874,1788716874,1
9875,1788716917,1
9876,1788717055,1
9877,1788717222,1
9878,1788717642,1
9879,1788717760,1
9880,1788718706,1
9881,1788719489,1
9882,1788721045,1
9883,1788723938,1
9884,1788725220,1
9885,1788725631,1
9886,1788726230,1
9887,1788727128,1
9888,1788727461,1
9889,1788727554,1
9890,1788728521,1
9891,1788728804,1
9892,1788729082,1
9893,1788729168,1
9894,1788730597,1
9895,1788732153,1
9896,1788733531,1
9897,1788733813,1
9898,1788734335,1
9899,1788734960,1
9900,1788735296,1
9901,1788735466,1
9902,1788737123,1
9903,1788739368,1
9904,1788739953,1
9905,1788740794,1
9906,1788742370,1
9907,1788743123,1
9908,1788743241,1
9909,1788744326,1
9910,1788744370,1
9911,1788744688,1
9912,1788745903,1
9913,1788747041,1
9914,1788747113,1
9915,1788749384,1
9916,1788750287,1
9917,1788750576,1
9918,1788750618,1
9919,1788750935,1
9920,1788751744,1
9921,1788752891,1
9922,1788752956,1
9923,1788753373,1
9924,1788753415,1
9925,1788755001,1
9926,1788755129,1
9927,1788755597,1
9928,1788756172,1
9929,1788756656,1
9930,1788757071,1
9931,1788757190,1
9932,1788757623,1
9933,1788757794,1
9934,1788758458,1
9935,1788758805,1
9936,1788758937,1
9937,1788759935,1
9938,1788759978,1
9939,1788760102,1
9940,1788760374,1
9941,1788761005,1
9942,1788761998,1
9943,1788762537,1
9944,1788763043,1
9945,1788763903,1
9946,1788764168,1
9947,1788764453,1
9948,1788765047,1
9949,1788765179,1
9950,1788765831,1
9951,1788765914,1
9952,1788766397,1
9953,1788766517,1
9954,1788766897,1
9955,1788766977,1
9956,1788767046,1
9957,1788767346,1
9958,1788767508,1
9959,1788767536,1
9960,1788767744,1
9961,1788767834,1
9962,1788768165,1
9963,1788768434,1
9964,1788768973,1
9965,1788769053,1
9966,1788769224,1
9967,1788769662,1
9968,1788769729,1
9969,1788769737,1
9970,1788769933,1
9971,1788770050,1
9972,1788770261,1
9973,1788770309,1
9974,1788770461,1
9975,1788770643,1
9976,1788770684,1
9977,1788771153,1
9978,1788771469,1
9979,1788771489,1
9980,1788771521,1
9981,1788771527,1
9982,1788771786,1
9983,1788772403,1
9984,1788772785,1
9985,1788773088,1
9986,1788773447,1
9987,1788774102,1
9988,1788774159,1
9989,1788774316,1
9990,1788774804,1
9991,1788775804,1
9992,1788776371,1
9993,1788776757,1
9994,1788777956,1
9995,1788778063,1
9996,1788778137,1
9997,1788778235,1
9998,1788778334,1
9999,1788779329,1
10000,1788779564,1
10001,1788780219,1
10002,1788780895,1
10003,1788782071,1
10004,1788782402,1
10005,1788782854,1
10006,1788783904,1
10007,1788784031,1
10008,1788784069,1
10009,1788784402,1
10010,1788785044,1
10011,1788786369,1
10012,1788786517,1
10013,1788786644,1
10014,1788786877,1
10015,1788787192,1
10016,1788787227,1
10017,1788787333,1
10018,1788787531,1
10019,1788787585,1
10020,1788787643,1
10021,1788787984,1
10022,1788788056,1
10023,1788788241,1
10024,1788788384,1
10025,1788788954,1
10026,1788789321,1
10027,1788789458,1
10028,1788789816,1
10029,1788790086,1
10030,1788790562,1
10031,1788791252,1
10032,1788791413,1
10033,1788792472,1
10034,1788793240,1
10035,1788793607,1
10036,1788794003,1
10037,1788794353,1
10038,1788794372,1
10039,1788794445,1
10040,1788794494,1
10041,1788794627,1
10042,1788794699,1
10043,1788795088,1
10044,1788795194,1
10045,1788795588,1
10046,1788795847,1
10047,1788796050,1
10048,1788797040,1
10049,1788797161,1
10050,1788797701,1
10051,1788797751,1
10052,1788797913,1
10053,1788797945,1
10054,1788797955,1
10055,1788798477,1
10056,1788798655,1
10057,1788798734,1
10058,1788798760,1
10059,1788799091,1
10060,1788799208,1
10061,1788799497,1
10062,1788799597,1
10063,1788799633,1
10064,1788799764,1
10065,1788800531,1
10066,1788800707,1
10067,1788800766,1
10068,1788800904,1
10069,1788801202,1
10070,1788801352,1
10071,1788801585,1
10072,1788801623,1
10073,1788803567,1
10074,1788803696,1
10075,1788804336,1
10076,1788804600,1
10077,1788804753,1
10078,1788805213,1
10079,1788805367,1
10080,1788806185,1
10081,1788806383,1
10082,1788806551,1
10083,1788807613,1
10084,1788807686,1
10085,1788807902,1
10086,1788808017,1
10087,1788808384,1
10088,1788808568,1
10089,1788810606,1
10090,1788810669,1
10091,1788813331,1
10092,1788814095,1
10093,1788815413,1
10094,1788816410,1
10095,1788816697,1
10096,1788817910,1
10097,1788817916,1
10098,1788818785,1
10099,1788818855,1
10100,1788820111,1
10101,1788821695,1
10102,1788823392,1
10103,1788823623,1
10104,1788823961,1
10105,1788824870,1
10106,1788825535,1
10107,1788827228,1
10108,1788829411,1
10109,1788830199,1
10110,1788830425,1
10111,1788832437,1
10112,1788833227,1
10113,1788833327,1
10114,1788834761,1
10115,1788836197,1
10116,1788837745,1
10117,1788838085,1
10118,1788838320,1
10119,1788839057,1
10120,1788839865,1
10121,1788840357,1
10122,1788841086,1
10123,1788841380,1
10124,1788841457,1
10125,1788842200,1
10126,1788842999,1
10127,1788843992,1
10128,1788843994,1
10129,1788845866,1
10130,1788846032,1
10131,1788847917,1
10132,1788848413,1
10133,1788848435,1
10134,1788848589,1
10135,1788848696,1
10136,1788849454,1
10137,1788850019,1
10138,1788850569,1
10139,1788851529,1
10140,1788851545,1
10141,1788851660,1
10142,1788851959,1
10143,1788852174,1
10144,1788852327,1
10145,1788852330,1
10146,1788852403,1
10147,1788852889,1
10148,1788853150,1
10149,1788853168,1
10150,1788853171,1
10151,1788853555,1
10152,1788853790,1
10153,1788854017,1
10154,1788854122,1
10155,1788854462,1
10156,1788854477,1
10157,1788854814,1
10158,1788854820,1
10159,1788855218,1
10160,1788855946,1
10161,1788855991,1
10162,1788856029,1
10163,1788857274,1
10164,1788857525,1
10165,1788857653,1
10166,1788857808,1
10167,1788858267,1
10168,1788858461,1
10169,1788858903,1
10170,1788859475,1
10171,1788859518,1
10172,1788859934,1
10173,1788860067,1
10174,1788861241,1
10175,1788861242,1
10176,1788861270,1
10177,1788861281,1
10178,1788861326,1
10179,1788861851,1
10180,1788861884,1
10181,1788862157,1
10182,1788862311,1
10183,1788862398,1
10184,1788863556,1
10185,1788863557,1
10186,1788863903,1
10187,1788863944,1
10188,1788864693,1
10189,1788865220,1
10190,1788865484,1
10191,1788865668,1
10192,1788866368,1
10193,1788867248,1
10194,1788867262,1
10195,1788867387,1
10196,1788867533,1
10197,1788868904,1
10198,1788869222,1
10199,1788869480,1
10200,1788869739,1
10201,1788869820,1
10202,1788870571,1
10203,1788870821,1
10204,1788870921,1
10205,1788870989,1
10206,1788871060,1
10207,1788871114,1
10208,1788871478,1
10209,1788871613,1
10210,1788871632,1
10211,1788872484,1
10212,1788872619,1
10213,1788873193,1
10214,1788873289,1
10215,1788873321,1
10216,1788873408,1
10217,1788873717,1
10218,1788873969,1
10219,1788874516,1
10220,1788875053,1
10221,1788875827,1
10222,1788876046,1
10223,1788876522,1
10224,1788876849,1
10225,1788877708,1
10226,1788877719,1
10227,1788877938,1
10228,1788878306,1
10229,1788878397,1
10230,1788878516,1
10231,1788878950,1
10232,1788879164,1
10233,1788879575,1
10234,1788880735,1
10235,1788880976,1
10236,1788881937,1
10237,1788882443,1
10238,1788883595,1
10239,1788883831,1
10240,1788883922,1
10241,1788884648,1
10242,1788884837,1
10243,1788885806,1
10244,1788885980,1
10245,1788886017,1
10246,1788886041,1
10247,1788886216,1
10248,1788886250,1
10249,1788887225,1
10250,1788887539,1
10251,1788887766,1
10252,1788888301,1
10253,1788888363,1
10254,1788888389,1
10255,1788888828,1
10256,1788889739,1
10257,1788889794,1
10258,1788890214,1
10259,1788890706,1
10260,1788891332,1
10261,1788892199,1
10262,1788892491,1
10263,1788892678,1
10264,1788894620,1
10265,1788895039,1
10266,1788895770,1
10267,1788896262,1
10268,1788896366,1
10269,1788896515,1
10270,1788896748,1
10271,1788896866,1
10272,1788897002,1
10273,1788897024,1
10274,1788897984,1
10275,1788898448,1
10276,1788898784,1
10277,1788899523,1
10278,1788899745,1
10279,1788900769,1
10280,1788901911,1
10281,1788902000,1
10282,1788903192,1
10283,1788903972,1
10284,1788905543,1
10285,1788905581,1
10286,1788906351,1
10287,1788907140,1
10288,1788907700,1
10289,1788908933,1
10290,1788909022,1
10291,1788909470,1
10292,1788910228,1
10293,1788910885,1
10294,1788911023,1
10295,1788911083,1
10296,1788912794,1
10297,1788913091,1
10298,1788913231,1
10299,1788914129,1
10300,1788914129,1
10301,1788914333,1
10302,1788914535,1
10303,1788914676,1
10304,1788914712,1
10305,1788915236,1
10306,1788915572,1
10307,1788915738,1
10308,1788916659,1
10309,1788916810,1
10310,1788917292,1
10311,1788919239,1
10312,1788920144,1
10313,1788922054,1
10314,1788922997,1
10315,1788924296,1
10316,1788924441,1
10317,1788924807,1
10318,1788924878,1
10319,1788925292,1
10320,1788925597,1
10321,1788925720,1
10322,1788925815,1
10323,1788927251,1
10324,1788928212,1
10325,1788928451,1
10326,1788928520,1
10327,1788929951,1
10328,1788930645,1
10329,1788931435,1
10330,1788931546,1
10331,1788931722,1
10332,1788932266,1
10333,1788932297,1
10334,1788932914,1
10335,1788933174,1
10336,1788933216,1
10337,1788933269,1
10338,1788933279,1
10339,1788934468,1
10340,1788935396,1
10341,1788935517,1
10342,1788936322,1
10343,1788936345,1
10344,1788936927,1
10345,1788937235,1
10346,1788938388,1
10347,1788938578,1
10348,1788939379,1
10349,1788939483,1
10350,1788940351,1
10351,1788940398,1
10352,1788940471,1
10353,1788941036,1
10354,1788941038,1
10355,1788941899,1
10356,1788942028,1
10357,1788942350,1
10358,1788943090,1
10359,1788943837,1
10360,1788943929,1
10361,1788944702,1
10362,1788945136,1
10363,1788945186,1
10364,1788946317,1
10365,1788946397,1
10366,1788946865,1
10367,1788947349,1
10368,1788947360,1
10369,1788947609,1
10370,1788948183,1
10371,1788948370,1
10372,1788950142,1
10373,1788950859,1
10374,1788950988,1
10375,1788951431,1
10376,1788952252,1
10377,1788952595,1
10378,1788953560,1
10379,1788954518,1
10380,1788954799,1
10381,1788955767,1
10382,1788955928,1
10383,1788956594,1
10384,1788956600,1
10385,1788957737,1
10386,1788958187,1
10387,1788959019,1
10388,1788959616,1
10389,1788959816,1
10390,1788960616,1
10391,1788960647,1
10392,1788960787,1
10393,1788961095,1
10394,1788961381,1
10395,1788961670,1
10396,1788962095,1
10397,1788962505,1
10398,1788962584,1
10399,1788963771,1
10400,1788963772,1
10401,1788963970,1
10402,1788964842,1
10403,1788964929,1
10404,1788966385,1
10405,1788966465,1
10406,1788968325,1
10407,1788968660,1
10408,1788969147,1
10409,1788969318,1
10410,1788969364,1
10411,1788969473,1
10412,1788969740,1
10413,1788969829,1
10414,1788970033,1
10415,1788970224,1
10416,1788970360,1
10417,1788970570,1
10418,1788970581,1
10419,1788970593,1
10420,1788970682,1
10421,1788970947,1
10422,1788971729,1
10423,1788971906,1
10424,1788972427,1
10425,1788972584,1
10426,1788972732,1
10427,1788973080,1
10428,1788973807,1
10429,1788974201,1
10430,1788974305,1
10431,1788974310,1
10432,1788974326,1
10433,1788974610,1
10434,1788974804,1
10435,1788975480,1
10436,1788977604,1
10437,1788979389,1
10438,1788979735,1
10439,1788979806,1
10440,1788981323,1
10441,1788981366,1
10442,1788981673,1
10443,1788982006,1
10444,1788985001,1
10445,1788985277,1
10446,1788985644,1
10447,1788985993,1
10448,1788989553,1
10449,1788989747,1
10450,1788990327,1
10451,1788990444,1
10452,1788990952,1
10453,1788991359,1
10454,1788991887,1
10455,1788992010,1
10456,1788993111,1
10457,1788993295,1
10458,1788994277,1
10459,1788995011,1
10460,1788995217,1
10461,1788995434,1
10462,1788995978,1
10463,1788998085,1
10464,1789000247,1
10465,1789001314,1
10466,1789001455,1
10467,1789003689,1
10468,1789003881,1
10469,1789005014,1
10470,1789005106,1
10471,1789005680,1
10472,1789009065,1
10473,1789009316,1
10474,1789012977,1
10475,1789016044,1
10476,1789016393,1
10477,1789016663,1
10478,1789018848,1
10479,1789019747,1
10480,1789020334,1
10481,1789021602,1
10482,1789021829,1
10483,1789021969,1
10484,1789022239,1
10485,1789022492,1
10486,1789022747,1
10487,1789023221,1
10488,1789023759,1
10489,1789025966,1
10490,1789026034,1
10491,1789026747,1
10492,1789026846,1
10493,1789027710,1
10494,1789028218,1
10495,1789028264,1
10496,1789028538,1
10497,1789029082,1
10498,1789029192,1
10499,1789029265,1
10500,1789029429,1
10501,1789030111,1
10502,1789030620,1
10503,1789030625,1
10504,1789030684,1
10505,1789030732,1
10506,1789030790,1
10507,1789030807,1
10508,1789030832,1
10509,1789031374,1
10510,1789031431,1
10511,1789031884,1
10512,1789031969,1
10513,1789032111,1
10514,1789032265,1
10515,1789032279,1
10516,1789032571,1
10517,1789032696,1
10518,1789032722,1
10519,1789032878,1
10520,1789032916,1
10521,1789033100,1
10522,1789033109,1
10523,1789033232,1
10524,1789033274,1
10525,1789033944,1
10526,1789034053,1
10527,1789034200,1
10528,1789034223,1
10529,1789035421,1
10530,1789035476,1
10531,1789035572,1
10532,1789035827,1
10533,1789035945,1
10534,1789036033,1
10535,1789036188,1
10536,1789036557,1
10537,1789037527,1
10538,1789037581,1
10539,1789037606,1
10540,1789038326,1
10541,1789038332,1
10542,1789038949,1
10543,1789039366,1
10544,1789041083,1
10545,1789041389,1
10546,1789041566,1
10547,1789041593,1
10548,1789041601,1
10549,1789041686,1
10550,1789041759,1
10551,1789041868,1
10552,1789041871,1
10553,1789042057,1
10554,1789043382,1
10555,1789043631,1
10556,1789043695,1
10557,1789044002,1
10558,1789044181,1
10559,1789044339,1
10560,1789044614,1
10561,1789044963,1
10562,1789044993,1
10563,1789045841,1
10564,1789046041,1
10565,1789046188,1
10566,1789046423,1
10567,1789046515,1
10568,1789046897,1
10569,1789046963,1
10570,1789048084,1
10571,1789048126,1
10572,1789049317,1
10573,1789049620,1
10574,1789050542,1
10575,1789051014,1
10576,1789051040,1
10577,1789051735,1
10578,1789051872,1
10579,1789051874,1
10580,1789052472,1
10581,1789052671,1
10582,1789052815,1
10583,1789053232,1
10584,1789055111,1
10585,1789055610,1
10586,1789056323,1
10587,1789056393,1
10588,1789056518,1
10589,1789056571,1
10590,1789056726,1
10591,1789056818,1
10592,1789057249,1
10593,1789057522,1
10594,1789057783,1
10595,1789058081,1
10596,1789058086,1
10597,1789058335,1
10598,1789059159,1
10599,1789059219,1
10600,1789060916,1
10601,1789061750,1
10602,1789061759,1
10603,1789062194,1
10604,1789062204,1
10605,1789062213,1
10606,1789062224,1
10607,1789062240,1
10608,1789062251,1
10609,1789062260,1
10610,1789062270,1
10611,1789062279,1
10612,1789062288,1
10613,1789062298,1
10614,1789062307,1
10615,1789062317,1
10616,1789062327,1
10617,1789062336,1
10618,1789062345,1
10619,1789062354,1
10620,1789062363,1
10621,1789062372,1
10622,1789062382,1
10623,1789062394,1
10624,1789062408,1
10625,1789062419,1
10626,1789062429,1
10627,1789062438,1
10628,1789062447,1
10629,1789062456,1
10630,1789062465,1
10631,1789062474,1
10632,1789062484,1
10633,1789062494,1
10634,1789062503,1
10635,1789062513,1
10636,1789062523,1
10637,1789062532,1
10638,1789062541,1
10639,1789062550,1
10640,1789062559,1
10641,1789062570,1
10642,1789062580,1
10643,1789062589,1
10644,1789062598,1
10645,1789062608,1
10646,1789062619,1
10647,1789062633,1
10648,1789062643,1
10649,1789062768,1
10650,1789063568,1
10651,1789063669,1
10652,1789064501,1
10653,1789064816,1
10654,1789064952,1
10655,1789065616,1
10656,1789065948,1
10657,1789067200,1
10658,1789067208,1
10659,1789067278,1
10660,1789068410,1
10661,1789069094,1
10662,1789069561,1
10663,1789070259,1
10664,1789070744,1
10665,1789071694,1
10666,1789071716,1
10667,1789071767,1
10668,1789072294,1
10669,1789072951,1
10670,1789072996,1
10671,1789073057,1
10672,1789074237,1
10673,1789074392,1
10674,1789074514,1
10675,1789076082,1
10676,1789076226,1
10677,1789077368,1
10678,1789077534,1
10679,1789080185,1
10680,1789080593,1
10681,1789080922,1
10682,1789082390,1
10683,1789084444,1
10684,1789086188,1
10685,1789086242,1
10686,1789087165,1
10687,1789088637,1
10688,1789089347,1
10689,1789089375,1
10690,1789090272,1
10691,1789091030,1
10692,1789091053,1
10693,1789092387,1
10694,1789093948,1
10695,1789096584,1
10696,1789096589,1
10697,1789096908,1
10698,1789097774,1
10699,1789098493,1
10700,1789099247,1
10701,1789099293,1
10702,1789100352,1
10703,1789101946,1
10704,1789102151,1
10705,1789102165,1
10706,1789102287,1
10707,1789104458,1
10708,1789106887,1
10709,1789107670,1
10710,1789107780,1
10711,1789108017,1
10712,1789108232,1
10713,1789108376,1
10714,1789109185,1
10715,1789111843,1
10716,1789112084,1
10717,1789113797,1
10718,1789114364,1
10719,1789114431,1
10720,1789115913,1
10721,1789116456,1
10722,1789116489,1
10723,1789119127,1
10724,1789119218,1
10725,1789120402,1
10726,1789120777,1
10727,1789122306,1
10728,1789122696,1
10729,1789123118,1
10730,1789123156,1
10731,1789123191,1
10732,1789123200,1
10733,1789123985,1
10734,1789124205,1
10735,1789125818,1
10736,1789127611,1
10737,1789127808,1
10738,1789127866,1
10739,1789127929,1
10740,1789130606,1
10741,1789131744,1
10742,1789132167,1
10743,1789132321,1
10744,1789132326,1
10745,1789132355,1
10746,1789134030,1
10747,1789134156,1
10748,1789134193,1
10749,1789134753,1
10750,1789134797,1
10751,1789135044,1
10752,1789135352,1
10753,1789135515,1
10754,1789135983,1
10755,1789136096,1
10756,1789137233,1
10757,1789137706,1
10758,1789137706,1
10759,1789138890,1
10760,1789139353,1
10761,1789139646,1
10762,1789141088,1
10763,1789141158,1
10764,1789141447,1
10765,1789141580,1
10766,1789142402,1
10767,1789142614,1
10768,1789142940,1
10769,1789143365,1
10770,1789145868,1
10771,1789147188,1
10772,1789147304,1
10773,1789147405,1
10774,1789148535,1
10775,1789148732,1
10776,1789150309,1
10777,1789153858,1
10778,1789154341,1
10779,1789154898,1
10780,1789155368,1
10781,1789155976,1
10782,1789156263,1
10783,1789156889,1
10784,1789157520,1
10785,1789158398,1
10786,1789159799,1
10787,1789160402,1
10788,1789161805,1
10789,1789166738,1
10790,1789167007,1
10791,1789167150,1
10792,1789167722,1
10793,1789169309,1
10794,1789169975,1
10795,1789170430,1
10796,1789170909,1
10797,1789176341,1
10798,1789177074,1
10799,1789178603,1
10800,1789181972,1
10801,1789182260,1
10802,1789182548,1
10803,1789183047,1
10804,1789184274,1
10805,1789184935,1
10806,1789185817,1
10807,1789186142,1
10808,1789186297,1
10809,1789187901,1
10810,1789188735,1
10811,1789189758,1
10812,1789190371,1
10813,1789190457,1
10814,1789191592,1
10815,1789191923,1
10816,1789192411,1
10817,1789193991,1
10818,1789194126,1
10819,1789194179,1
10820,1789197169,1
10821,1789198143,1
10822,1789198769,1
10823,1789198983,1
10824,1789199612,1
10825,1789200606,1
10826,1789200679,1
10827,1789201426,1
10828,1789201880,1
10829,1789202893,1
10830,1789204547,1
10831,1789205878,1
10832,1789205940,1
10833,1789206226,1
10834,1789207183,1
10835,1789207697,1
10836,1789208045,1
10837,1789208418,1
10838,1789209095,1
10839,1789209936,1
10840,1789210363,1
10841,1789210600,1
10842,1789210801,1
10843,1789211139,1
10844,1789212588,1
10845,1789213799,1
10846,1789216871,1
10847,1789217129,1
10848,1789218732,1
10849,1789219586,1
10850,1789220457,1
10851,1789221851,1
10852,1789223398,1
10853,1789223793,1
10854,1789224209,1
10855,1789225368,1
10856,1789225546,1
10857,1789227821,1
10858,1789228200,1
10859,1789228449,1
10860,1789229201,1
10861,1789230368,1
10862,1789231131,1
10863,1789231518,1
10864,1789231673,1
10865,1789233978,1
10866,1789234509,1
10867,1789235224,1
10868,1789235591,1
10869,1789240474,1
10870,1789240542,1
10871,1789241264,1
10872,1789242425,1
10873,1789244106,1
10874,1789244679,1
10875,1789246775,1
10876,1789246956,1
10877,1789247725,1
10878,1789249507,1
10879,1789255438,1
10880,1789256948,1
10881,1789259105,1
10882,1789259543,1
10883,1789262232,1
10884,1789262339,1
10885,1789262397,1
10886,1789263858,1
10887,1789264392,1
10888,1789267632,1
10889,1789268032,1
10890,1789268636,1
10891,1789268727,1
10892,1789269430,1
10893,1789270126,1
10894,1789271922,1
10895,1789272862,1
10896,1789273008,1
10897,1789274808,1
10898,1789274927,1
10899,1789275469,1
10900,1789276686,1
10901,1789277437,1
10902,1789279419,1
10903,1789279518,1
10904,1789279531,1
10905,1789280003,1
10906,1789280414,1
10907,1789280491,1
10908,1789280651,1
10909,1789281356,1
10910,1789282102,1
10911,1789282151,1
10912,1789283242,1
10913,1789283866,1
10914,1789285337,1
10915,1789288961,1
10916,1789290746,1
10917,1789290822,1
10918,1789291116,1
10919,1789291159,1
10920,1789292091,1
10921,1789292165,1
10922,1789292914,1
10923,1789293306,1
10924,1789293400,1
10925,1789294608,1
10926,1789294921,1
10927,1789295554,1
10928,1789295821,1
10929,1789296225,1
10930,1789296376,1
10931,1789296832,1
10932,1789299810,1
10933,1789299861,1
10934,1789299886,1
10935,1789300613,1
10936,1789300893,1
10937,1789301102,1
10938,1789302094,1
10939,1789303531,1
10940,1789303934,1
10941,1789304345,1
10942,1789306221,1
10943,1789306252,1
10944,1789306528,1
10945,1789307189,1
10946,1789307730,1
10947,1789308065,1
10948,1789308651,1
10949,1789309190,1
10950,1789309578,1
10951,1789309704,1
10952,1789309929,1
10953,1789309981,1
10954,1789310805,1
10955,1789311055,1
10956,1789311377,1
10957,1789311441,1
10958,1789311905,1
10959,1789312255,1
10960,1789312286,1
10961,1789312578,1
10962,1789312649,1
10963,1789312875,1
10964,1789312996,1
10965,1789313522,1
10966,1789314560,1
10967,1789316958,1
10968,1789318268,1
10969,1789319809,1
10970,1789321311,1
10971,1789321839,1
10972,1789322087,1
10973,1789322215,1
10974,1789323050,1
10975,1789323075,1
10976,1789323160,1
10977,1789323213,1
10978,1789323814,1
10979,1789323894,1
10980,1789324885,1
10981,1789325636,1
10982,1789325672,1
10983,1789326151,1
10984,1789328255,1
10985,1789328479,1
10986,1789331266,1
10987,1789332311,1
10988,1789333447,1
10989,1789340089,1
10990,1789340538,1
10991,1789341029,1
10992,1789343912,1
10993,1789345960,1
10994,1789347641,1
10995,1789349752,1
10996,1789349789,1
10997,1789349822,1
10998,1789350346,1
10999,1789350581,1
11000,1789353243,1
11001,1789353254,1
11002,1789354100,1
11003,1789354514,1
11004,1789354990,1
11005,1789357586,1
11006,1789357664,1
11007,1789357952,1
11008,1789358376,1
11009,1789359227,1
11010,1789359725,1
11011,1789360810,1
11012,1789361639,1
11013,1789362167,1
11014,1789366472,1
11015,1789366657,1
11016,1789367667,1
11017,1789368284,1
11018,1789370098,1
11019,1789370107,1
11020,1789370503,1
11021,1789370772,1
11022,1789372060,1
11023,1789372499,1
11024,1789372583,1
11025,1789374170,1
11026,1789374285,1
11027,1789374330,1
11028,1789374555,1
11029,1789374762,1
11030,1789374875,1
11031,1789375632,1
11032,1789375841,1
11033,1789377226,1
11034,1789377585,1
11035,1789377644,1
11036,1789378807,1
11037,1789379263,1
11038,1789379659,1
11039,1789380087,1
11040,1789380470,1
11041,1789380816,1
11042,1789381384,1
11043,1789383405,1
11044,1789383715,1
11045,1789383839,1
11046,1789384416,1
11047,1789384599,1
11048,1789384852,1
11049,1789387248,1
11050,1789387339,1
11051,1789387364,1
11052,1789388012,1
11053,1789388168,1
11054,1789388387,1
11055,1789388880,1
11056,1789389240,1
11057,1789389349,1
11058,1789389466,1
11059,1789390048,1
11060,1789390232,1
11061,1789391268,1
11062,1789391407,1
11063,1789391743,1
11064,1789392440,1
11065,1789392627,1
11066,1789393099,1
11067,1789393357,1
11068,1789393407,1
11069,1789393483,1
11070,1789393514,1
11071,1789394271,1
11072,1789394762,1
11073,1789394784,1
11074,1789394794,1
11075,1789395235,1
11076,1789395269,1
11077,1789395439,1
11078,1789395685,1
11079,1789395744,1
11080,1789396073,1
11081,1789396109,1
11082,1789396237,1
11083,1789396240,1
11084,1789396289,1
11085,1789396531,1
11086,1789396531,1
11087,1789396628,1
11088,1789396682,1
11089,1789396711,1
11090,1789396714,1
11091,1789396809,1
11092,1789396862,1
11093,1789397180,1
11094,1789397355,1
11095,1789397459,1
11096,1789397544,1
11097,1789397572,1
11098,1789397592,1
11099,1789397742,1
11100,1789398178,1
11101,1789398181,1
11102,1789398235,1
11103,1789398591,1
11104,1789398795,1
11105,1789398941,1
11106,1789398970,1
11107,1789399196,1
11108,1789399253,1
11109,1789399279,1
11110,1789399304,1
11111,1789399323,1
11112,1789399372,1
11113,1789399463,1
11114,1789399622,1
11115,1789399701,1
11116,1789399709,1
11117,1789399767,1
11118,1789400057,1
11119,1789400419,1
11120,1789400444,1
11121,1789400618,1
11122,1789400630,1
11123,1789400691,1
11124,1789400794,1
11125,1789400962,1
11126,1789401179,1
11127,1789401211,1
11128,1789401360,1
11129,1789401382,1
11130,1789401596,1
11131,1789401613,1
11132,1789402080,1
11133,1789402414,1
11134,1789402763,1
11135,1789402778,1
11136,1789403130,1
11137,1789403301,1
11138,1789403338,1
11139,1789403387,1
11140,1789403831,1
11141,1789404307,1
11142,1789404505,1
11143,1789404905,1
11144,1789404948,1
11145,1789405295,1
11146,1789405301,1
11147,1789405307,1
11148,1789405333,1
11149,1789405400,1
11150,1789406351,1
11151,1789406408,1
11152,1789406635,1
11153,1789407319,1
11154,1789407583,1
11155,1789407920,1
11156,1789408114,1
11157,1789408172,1
11158,1789408407,1
11159,1789408544,1
11160,1789408719,1
11161,1789409018,1
11162,1789409135,1
11163,1789409607,1
11164,1789409840,1
11165,1789409897,1
11166,1789409927,1
11167,1789410152,1
11168,1789410274,1
11169,1789410343,1
11170,1789410357,1
11171,1789410562,1
11172,1789410577,1
11173,1789410605,1
11174,1789410658,1
11175,1789410732,1
11176,1789410913,1
11177,1789410940,1
11178,1789411106,1
11179,1789411880,1
11180,1789411880,1
11181,1789412574,1
11182,1789412796,1
11183,1789412826,1
11184,1789412959,1
11185,1789413294,1
11186,1789413457,1
11187,1789413701,1
11188,1789413808,1
11189,1789414307,1
11190,1789414871,1
11191,1789415601,1
11192,1789415620,1
11193,1789416620,1
11194,1789417377,1
11195,1789417948,1
11196,1789418445,1
11197,1789418867,1
11198,1789419412,1
11199,1789419561,1
11200,1789420390,1
11201,1789421054,1
11202,1789421248,1
11203,1789421298,1
11204,1789421488,1
11205,1789421718,1
11206,1789421792,1
11207,1789421924,1
11208,1789422354,1
11209,1789422976,1
11210,1789426473,1
11211,1789427322,1
11212,1789427456,1
11213,1789427630,1
11214,1789429077,1
11215,1789429379,1
11216,1789429558,1
11217,1789429919,1
11218,1789430062,1
11219,1789430482,1
11220,1789431202,1
11221,1789432325,1
11222,1789434686,1
11223,1789435277,1
11224,1789436000,1
11225,1789436164,1
11226,1789436246,1
11227,1789436789,1
11228,1789436854,1
11229,1789436994,1
11230,1789437291,1
11231,1789437749,1
11232,1789437830,1
11233,1789437890,1
11234,1789438127,1
11235,1789438420,1
11236,1789438503,1
11237,1789438762,1
11238,1789439083,1
11239,1789439133,1
11240,1789439199,1
11241,1789439384,1
11242,1789440336,1
11243,1789441169,1
11244,1789441652,1
11245,1789441741,1
11246,1789442050,1
11247,1789442112,1
11248,1789442633,1
11249,1789442775,1
11250,1789443479,1
11251,1789443495,1
11252,1789443830,1
11253,1789444043,1
11254,1789444159,1
11255,1789444214,1
11256,1789444430,1
11257,1789445298,1
11258,1789445529,1
11259,1789445906,1
11260,1789445972,1
11261,1789445989,1
11262,1789447158,1
11263,1789447666,1
11264,1789447807,1
11265,1789448958,1
11266,1789449044,1
11267,1789449263,1
11268,1789449273,1
11269,1789449997,1
11270,1789450339,1
11271,1789450408,1
11272,1789450567,1
11273,1789450939,1
11274,1789451047,1
11275,1789452447,1
11276,1789452473,1
11277,1789452630,1
11278,1789453729,1
11279,1789454012,1
11280,1789454157,1
11281,1789454472,1
11282,1789455666,1
11283,1789455754,1
11284,1789456804,1
11285,1789457300,1
11286,1789457550,1
11287,1789458355,1
11288,1789458756,1
11289,1789458958,1
11290,1789459254,1
11291,1789459457,1
11292,1789459593,1
11293,1789460457,1
11294,1789461340,1
11295,1789461481,1
11296,1789462315,1
11297,1789462861,1
11298,1789462861,1
11299,1789462926,1
11300,1789463015,1
11301,1789463287,1
11302,1789463559,1
11303,1789464304,1
11304,1789465189,1
11305,1789465664,1
11306,1789465853,1
11307,1789465873,1
11308,1789466355,1
11309,1789466682,1
11310,1789466686,1
11311,1789467041,1
11312,1789467116,1
11313,1789467170,1
11314,1789467442,1
11315,1789467545,1
11316,1789467988,1
11317,1789468011,1
11318,1789468070,1
11319,1789468118,1
11320,1789468266,1
11321,1789468863,1
11322,1789469222,1
11323,1789469813,1
11324,1789470365,1
11325,1789471627,1
11326,1789472377,1
11327,1789472774,1
11328,1789473126,1
11329,1789473328,1
11330,1789473550,1
11331,1789473770,1
11332,1789473911,1
11333,1789473973,1
11334,1789474111,1
11335,1789474297,1
11336,1789474537,1
11337,1789474803,1
11338,1789474979,1
11339,1789475270,1
11340,1789475542,1
11341,1789476077,1
11342,1789476143,1
11343,1789476411,1
11344,1789476696,1
11345,1789477202,1
11346,1789477216,1
11347,1789477481,1
11348,1789477824,1
11349,1789478510,1
11350,1789479398,1
11351,1789479588,1
11352,1789479612,1
11353,1789480104,1
11354,1789480328,1
11355,1789480463,1
11356,1789480839,1
11357,1789480988,1
11358,1789481207,1
11359,1789481542,1
11360,1789481694,1
11361,1789481804,1
11362,1789481887,1
11363,1789481947,1
11364,1789482080,1
11365,1789482295,1
11366,1789482318,1
11367,1789483092,1
11368,1789483261,1
11369,1789483578,1
11370,1789484223,1
11371,1789484254,1
11372,1789485857,1
11373,1789486011,1
11374,1789486568,1
11375,1789486788,1
11376,1789486866,1
11377,1789486945,1
11378,1789487151,1
11379,1789487318,1
11380,1789487476,1
11381,1789487716,1
11382,1789487971,1
11383,1789488035,1
11384,1789488221,1
11385,1789488299,1
11386,1789488815,1
11387,1789489157,1
11388,1789489320,1
11389,1789489373,1
11390,1789490029,1
11391,1789491179,1
11392,1789491194,1
11393,1789491282,1
11394,1789492542,1
11395,1789493376,1
11396,1789493729,1
11397,1789494148,1
11398,1789494266,1
11399,1789494972,1
11400,1789495373,1
11401,1789495796,1
11402,1789496290,1
11403,1789498398,1
11404,1789498401,1
11405,1789499438,1
11406,1789500379,1
11407,1789500971,1
11408,1789501901,1
11409,1789502282,1
11410,1789503427,1
11411,1789503515,1
11412,1789504838,1
11413,1789505514,1
11414,1789506966,1
11415,1789507608,1
11416,1789508224,1
11417,1789508694,1
11418,1789510711,1
11419,1789510933,1
11420,1789511364,1
11421,1789511671,1
11422,1789511796,1
11423,1789512449,1
11424,1789513377,1
11425,1789515756,1
11426,1789516346,1
11427,1789516401,1
11428,1789516994,1
11429,1789518257,1
11430,1789519153,1
11431,1789519185,1
11432,1789521280,1
11433,1789521300,1
11434,1789522790,1
11435,1789523253,1
11436,1789524615,1
11437,1789525443,1
11438,1789526263,1
11439,1789526333,1
11440,1789526780,1
11441,1789527353,1
11442,1789527598,1
11443,1789527733,1
11444,1789530211,1
11445,1789530320,1
11446,1789530581,1
11447,1789531050,1
11448,1789531348,1
11449,1789532266,1
11450,1789534598,1
11451,1789534914,1
11452,1789535048,1
11453,1789535948,1
11454,1789536584,1
11455,1789536720,1
11456,1789539284,1
11457,1789539783,1
11458,1789539852,1
11459,1789540242,1
11460,1789540431,1
11461,1789540765,1
11462,1789541074,1
11463,1789541311,1
11464,1789541313,1
11465,1789541362,1
11466,1789541855,1
11467,1789544546,1
11468,1789544894,1
11469,1789545884,1
11470,1789546119,1
11471,1789546344,1
11472,1789546497,1
11473,1789547830,1
11474,1789548133,1
11475,1789549136,1
11476,1789550256,1
11477,1789550673,1
11478,1789551792,1
11479,1789552194,1
11480,1789553199,1
11481,1789553643,1
11482,1789553798,1
11483,1789554668,1
11484,1789554887,1
11485,1789554976,1
11486,1789555292,1
11487,1789555654,1
11488,1789555997,1
11489,1789556460,1
11490,1789557469,1
11491,1789558991,1
11492,1789559174,1
11493,1789559648,1
11494,1789560130,1
11495,1789560298,1
11496,1789561197,1
11497,1789561613,1
11498,1789562462,1
11499,1789562577,1
11500,1789562752,1
11501,1789563244,1
11502,1789563381,1
11503,1789564138,1
11504,1789564614,1
11505,1789565544,1
11506,1789565946,1
11507,1789566331,1
11508,1789567187,1
11509,1789568270,1
11510,1789571143,1
11511,1789571248,1
11512,1789571922,1
11513,1789571934,1
11514,1789572472,1
11515,1789572530,1
11516,1789573283,1
11517,1789573459,1
11518,1789573582,1
11519,1789573635,1
11520,1789573717,1
11521,1789574860,1
11522,1789574885,1
11523,1789574986,1
11524,1789575639,1
11525,1789575816,1
11526,1789576404,1
11527,1789576875,1
11528,1789577012,1
11529,1789577646,1
11530,1789578545,1
11531,1789578849,1
11532,1789579154,1
11533,1789579329,1
11534,1789580315,1
11535,1789580779,1
11536,1789580998,1
11537,1789581043,1
11538,1789581218,1
11539,1789581430,1
11540,1789581729,1
11541,1789581872,1
11542,1789581927,1
11543,1789582369,1
11544,1789582690,1
11545,1789582698,1
11546,1789582882,1
11547,1789583685,1
11548,1789584185,1
11549,1789585285,1
11550,1789585788,1
11551,1789585844,1
11552,1789586056,1
11553,1789586094,1
11554,1789586447,1
11555,1789586485,1
11556,1789586886,1
11557,1789587473,1
11558,1789587492,1
11559,1789588284,1
11560,1789588514,1
11561,1789588915,1
11562,1789589134,1
11563,1789589844,1
11564,1789590705,1
11565,1789591452,1
11566,1789591673,1
11567,1789592270,1
11568,1789594732,1
11569,1789595907,1
11570,1789596563,1
11571,1789596979,1
11572,1789597456,1
11573,1789597536,1
11574,1789597685,1
11575,1789598257,1
11576,1789598391,1
11577,1789598518,1
11578,1789599912,1
11579,1789600812,1
11580,1789602374,1
11581,1789603100,1
11582,1789603245,1
11583,1789605433,1
11584,1789605888,1
11585,1789610294,1
11586,1789610477,1
11587,1789612420,1
11588,1789612520,1
11589,1789613129,1
11590,1789613379,1
11591,1789614835,1
11592,1789614900,1
11593,1789615031,1
11594,1789615351,1
11595,1789615655,1
11596,1789615672,1
11597,1789615687,1
11598,1789616731,1
11599,1789616979,1
11600,1789617586,1
11601,1789617811,1
11602,1789618771,1
11603,1789620911,1
11604,1789621536,1
11605,1789622061,1
11606,1789623120,1
11607,1789623363,1
11608,1789625816,1
11609,1789626016,1
11610,1789627099,1
11611,1789627204,1
11612,1789628283,1
11613,1789628463,1
11614,1789629422,1
11615,1789629454,1
11616,1789629699,1
11617,1789630140,1
11618,1789631031,1
11619,1789631276,1
11620,1789631312,1
11621,1789633303,1
11622,1789634221,1
11623,1789635187,1
11624,1789635871,1
11625,1789636156,1
11626,1789636672,1
11627,1789636777,1
11628,1789637032,1
11629,1789637338,1
11630,1789637436,1
11631,1789637776,1
11632,1789637790,1
11633,1789637910,1
11634,1789637976,1
11635,1789638139,1
11636,1789638187,1
11637,1789638333,1
11638,1789638379,1
11639,1789638417,1
11640,1789638450,1
11641,1789638710,1
11642,1789638868,1
11643,1789638954,1
11644,1789639013,1
11645,1789639415,1
11646,1789639657,1
11647,1789639822,1
11648,1789640365,1
11649,1789640649,1
11650,1789641091,1
11651,1789641245,1
11652,1789641927,1
11653,1789642126,1
11654,1789642329,1
11655,1789642989,1
11656,1789643207,1
11657,1789643636,1
11658,1789643811,1
11659,1789644184,1
11660,1789644513,1
11661,1789646363,1
11662,1789646570,1
11663,1789646614,1
11664,1789646670,1
11665,1789646891,1
11666,1789647290,1
11667,1789647469,1
11668,1789647951,1
11669,1789647965,1
11670,1789647973,1
11671,1789648092,1
11672,1789648653,1
11673,1789648809,1
11674,1789648922,1
11675,1789649459,1
11676,1789649495,1
11677,1789649749,1
11678,1789649868,1
11679,1789650409,1
11680,1789651408,1
11681,1789651563,1
11682,1789651665,1
11683,1789651740,1
11684,1789652422,1
11685,1789652443,1
11686,1789653852,1
11687,1789654055,1
11688,1789654156,1
11689,1789654221,1
11690,1789654287,1
11691,1789654299,1
11692,1789654442,1
11693,1789654450,1
11694,1789654519,1
11695,1789654833,1
11696,1789654907,1
11697,1789655040,1
11698,1789655086,1
11699,1789655275,1
11700,1789655973,1
11701,1789656595,1
11702,1789656747,1
11703,1789656852,1
11704,1789656995,1
11705,1789657028,1
11706,1789657095,1
11707,1789657251,1
11708,1789657267,1
11709,1789657281,1
11710,1789657368,1
11711,1789657389,1
11712,1789657419,1
11713,1789657619,1
11714,1789657760,1
11715,1789657921,1
11716,1789657965,1
11717,1789658127,1
11718,1789658167,1
11719,1789658255,1
11720,1789658662,1
11721,1789658750,1
11722,1789658991,1
11723,1789659010,1
11724,1789659159,1
11725,1789659250,1
11726,1789659254,1
11727,1789659388,1
11728,1789659441,1
11729,1789659500,1
11730,1789659564,1
11731,1789659587,1
11732,1789659739,1
11733,1789659739,1
11734,1789659866,1
11735,1789659932,1
11736,1789659936,1
11737,1789660168,1
11738,1789660377,1
11739,1789660477,1
11740,1789660688,1
11741,1789660709,1
11742,1789661017,1
11743,1789661020,1
11744,1789661037,1
11745,1789661233,1
11746,1789661243,1
11747,1789661447,1
11748,1789662017,1
11749,1789662097,1
11750,1789663188,1
11751,1789663205,1
11752,1789663517,1
11753,1789663532,1
11754,1789663929,1
11755,1789663965,1
11756,1789664507,1
11757,1789664889,1
11758,1789665022,1
11759,1789665248,1
11760,1789665410,1
11761,1789665526,1
11762,1789665674,1
11763,1789665896,1
11764,1789666291,1
11765,1789666539,1
11766,1789668169,1
11767,1789668693,1
11768,1789669268,1
11769,1789669292,1
11770,1789670300,1
11771,1789670564,1
11772,1789670572,1
11773,1789670662,1
11774,1789670998,1
11775,1789671393,1
11776,1789671944,1
11777,1789672326,1
11778,1789672864,1
11779,1789672995,1
11780,1789673051,1
11781,1789673111,1
11782,1789674658,1
11783,1789676345,1
11784,1789676815,1
11785,1789677421,1
11786,1789677507,1
11787,1789678287,1
11788,1789679342,1
11789,1789679468,1
11790,1789679852,1
11791,1789680855,1
11792,1789682167,1
11793,1789682609,1
11794,1789683052,1
11795,1789684778,1
11796,1789684827,1
11797,1789686361,1
11798,1789687980,1
11799,1789689191,1
11800,1789689592,1
11801,1789690066,1
11802,1789690077,1
11803,1789691945,1
11804,1789692127,1
11805,1789692236,1
11806,1789693094,1
11807,1789693338,1
11808,1789693545,1
11809,1789698023,1
11810,1789699596,1
11811,1789699925,1
11812,1789700029,1
11813,1789700300,1
11814,1789701135,1
11815,1789702459,1
11816,1789703646,1
11817,1789704028,1
11818,1789706128,1
11819,1789706298,1
11820,1789706319,1
11821,1789707111,1
11822,1789707268,1
11823,1789707465,1
11824,1789707487,1
11825,1789708510,1
11826,1789708937,1
11827,1789710513,1
11828,1789711193,1
11829,1789711354,1
11830,1789712123,1
11831,1789712475,1
11832,1789712762,1
11833,1789713191,1
11834,1789713908,1
11835,1789714302,1
11836,1789714845,1
11837,1789715376,1
11838,1789716682,1
11839,1789717357,1
11840,1789717395,1
11841,1789717459,1
11842,1789717989,1
11843,1789718126,1
11844,1789718598,1
11845,1789721193,1
11846,1789721301,1
11847,1789722144,1
11848,1789722535,1
11849,1789723288,1
11850,1789723395,1
11851,1789723725,1
11852,1789724135,1
11853,1789725618,1
11854,1789725793,1
11855,1789726910,1
11856,1789727273,1
11857,1789727578,1
11858,1789727700,1
11859,1789728919,1
11860,1789729143,1
11861,1789729704,1
11862,1789730076,1
11863,1789730243,1
11864,1789730354,1
11865,1789730763,1
11866,1789730789,1
11867,1789732294,1
11868,1789733285,1
11869,1789733333,1
11870,1789733371,1
11871,1789733600,1
11872,1789733651,1
11873,1789733843,1
11874,1789733999,1
11875,1789734202,1
11876,1789734999,1
11877,1789735419,1
11878,1789735831,1
11879,1789735957,1
11880,1789736145,1
11881,1789736369,1
11882,1789736730,1
11883,1789736967,1
11884,1789737275,1
11885,1789737485,1
11886,1789737901,1
11887,1789738063,1
11888,1789738102,1
11889,1789739347,1
11890,1789739623,1
11891,1789740232,1
11892,1789741419,1
11893,1789741790,1
11894,1789742737,1
11895,1789743224,1
11896,1789743252,1
11897,1789744280,1
11898,1789744374,1
11899,1789745309,1
11900,1789746543,1
11901,1789747256,1
11902,1789747348,1
11903,1789748074,1
11904,1789748671,1
11905,1789748825,1
11906,1789749553,1
11907,1789749816,1
11908,1789751376,1
11909,1789751735,1
11910,1789751923,1
11911,1789752191,1
11912,1789753812,1
11913,1789755815,1
11914,1789755976,1
11915,1789757801,1
11916,1789759278,1
11917,1789759289,1
11918,1789759508,1
11919,1789760755,1
11920,1789762543,1
11921,1789762593,1
11922,1789763640,1
11923,1789764015,1
11924,1789765017,1
11925,1789767738,1
11926,1789768415,1
11927,1789768808,1
11928,1789769344,1
11929,1789769753,1
11930,1789770583,1
11931,1789771209,1
11932,1789771923,1
11933,1789773126,1
11934,1789775628,1
11935,1789776091,1
11936,1789777741,1
11937,1789777929,1
11938,1789778792,1
11939,1789780066,1
11940,1789780419,1
11941,1789780991,1
11942,1789781093,1
11943,1789783901,1
11944,1789785369,1
11945,1789787821,1
11946,1789789387,1
11947,1789789903,1
11948,1789789915,1
11949,1789790430,1
11950,1789792308,1
11951,1789793205,1
11952,1789793255,1
11953,1789798237,1
11954,1789798974,1
11955,1789799103,1
11956,1789799223,1
11957,1789802515,1
11958,1789802852,1
11959,1789803115,1
11960,1789803451,1
11961,1789803595,1
11962,1789803674,1
11963,1789803797,1
11964,1789803857,1
11965,1789808543,1
11966,1789809221,1
11967,1789810495,1
11968,1789811444,1
11969,1789813019,1
11970,1789813059,1
11971,1789813432,1
11972,1789814587,1
11973,1789815028,1
11974,1789815879,1
11975,1789817458,1
11976,1789817858,1
11977,1789818070,1
11978,1789818542,1
11979,1789819486,1
11980,1789819877,1
11981,1789820360,1
11982,1789820487,1
11983,1789820875,1
11984,1789821170,1
11985,1789821630,1
11986,1789821871,1
11987,1789822177,1
11988,1789822246,1
11989,1789823589,1
11990,1789823947,1
11991,1789824380,1
11992,1789825184,1
11993,1789825303,1
11994,1789825358,1
11995,1789828470,1
11996,1789828591,1
11997,1789829355,1
11998,1789829808,1
11999,1789830033,1
12000,1789830078,1
12001,1789830312,1
12002,1789830641,1
12003,1789831305,1
12004,1789831512,1
12005,1789831657,1
12006,1789831718,1
12007,1789831801,1
12008,1789832570,1
12009,1789832956,1
12010,1789833665,1
12011,1789834362,1
12012,1789834948,1
12013,1789835507,1
12014,1789835510,1
12015,1789835726,1
12016,1789836105,1
12017,1789838574,1
12018,1789838582,1
12019,1789838769,1
12020,1789838915,1
12021,1789839146,1
12022,1789839285,1
12023,1789839554,1
12024,1789839808,1
12025,1789839901,1
12026,1789840217,1
12027,1789840378,1
12028,1789841183,1
12029,1789841574,1
12030,1789843934,1
12031,1789845050,1
12032,1789847613,1
12033,1789848073,1
12034,1789848300,1
12035,1789848636,1
12036,1789848667,1
12037,1789849880,1
12038,1789849898,1
12039,1789850431,1
12040,1789850844,1
12041,1789851154,1
12042,1789851220,1
12043,1789854590,1
12044,1789859217,1
12045,1789863426,1
12046,1789863952,1
12047,1789867511,1
12048,1789869466,1
12049,1789869839,1
12050,1789872152,1
12051,1789873202,1
12052,1789874763,1
12053,1789876753,1
12054,1789878327,1
12055,1789882861,1
12056,1789883953,1
12057,1789885575,1
12058,1789887285,1
12059,1789888766,1
12060,1789889083,1
12061,1789889446,1
12062,1789889470,1
12063,1789890841,1
12064,1789891348,1
12065,1789891937,1
12066,1789892567,1
12067,1789892902,1
12068,1789893280,1
12069,1789893670,1
12070,1789894066,1
12071,1789894088,1
12072,1789897067,1
12073,1789898235,1
12074,1789898297,1
12075,1789898356,1
12076,1789899249,1
12077,1789899293,1
12078,1789899510,1
12079,1789899668,1
12080,1789899714,1
12081,1789899714,1
12082,1789900065,1
12083,1789900409,1
12084,1789900741,1
12085,1789901435,1
12086,1789901760,1
12087,1789902677,1
12088,1789903474,1
12089,1789904044,1
12090,1789904778,1
12091,1789904872,1
12092,1789904901,1
12093,1789905023,1
12094,1789905094,1
12095,1789905138,1
12096,1789905292,1
12097,1789905323,1
12098,1789905470,1
12099,1789905511,1
12100,1789906203,1
12101,1789906265,1
12102,1789906912,1
12103,1789907169,1
12104,1789907266,1
12105,1789907342,1
12106,1789907546,1
12107,1789908501,1
12108,1789908509,1
12109,1789908650,1
12110,1789908948,1
12111,1789909280,1
12112,1789909488,1
12113,1789910091,1
12114,1789910120,1
12115,1789910403,1
12116,1789910551,1
12117,1789910623,1
12118,1789910706,1
12119,1789910842,1
12120,1789911013,1
12121,1789911065,1
12122,1789911927,1
12123,1789912531,1
12124,1789912683,1
12125,1789912705,1
12126,1789913303,1
12127,1789913347,1
12128,1789913408,1
12129,1789913588,1
12130,1789913814,1
12131,1789914341,1
12132,1789914477,1
12133,1789914771,1
12134,1789915075,1
12135,1789915579,1
12136,1789916138,1
12137,1789917053,1
12138,1789917099,1
12139,1789917633,1
12140,1789919805,1
12141,1789921323,1
12142,1789921780,1
12143,1789922108,1
12144,1789922143,1
12145,1789922161,1
12146,1789922360,1
12147,1789922456,1
12148,1789922829,1
12149,1789922940,1
12150,1789923309,1
12151,1789923785,1
12152,1789924646,1
12153,1789924715,1
12154,1789925369,1
12155,1789925495,1
12156,1789925827,1
12157,1789926563,1
12158,1789929058,1
12159,1789929309,1
12160,1789930477,1
12161,1789931257,1
12162,1789931515,1
12163,1789931574,1
12164,1789932721,1
12165,1789933561,1
12166,1789933607,1
12167,1789934193,1
12168,1789934430,1
12169,1789934490,1
12170,1789934506,1
12171,1789934574,1
12172,1789934713,1
12173,1789934827,1
12174,1789936386,1
12175,1789937004,1
12176,1789939023,1
12177,1789939573,1
12178,1789939628,1
12179,1789941403,1
12180,1789942075,1
12181,1789942768,1
12182,1789943758,1
12183,1789946451,1
12184,1789948464,1
12185,1789949892,1
12186,1789950505,1
12187,1789951473,1
12188,1789952875,1
12189,1789953839,1
12190,1789954281,1
12191,1789954298,1
12192,1789955251,1
12193,1789955346,1
12194,1789957676,1
12195,1789958228,1
12196,1789958624,1
12197,1789958923,1
12198,1789959245,1
12199,1789960621,1
12200,1789961479,1
12201,1789962203,1
12202,1789963095,1
12203,1789964339,1
12204,1789964836,1
12205,1789966946,1
12206,1789967652,1
12207,1789968521,1
12208,1789968526,1
12209,1789968747,1
12210,1789968889,1
12211,1789971298,1
12212,1789972134,1
12213,1789973078,1
12214,1789974128,1
12215,1789975101,1
12216,1789975693,1
12217,1789975831,1
12218,1789976496,1
12219,1789978402,1
12220,1789979006,1
12221,1789979133,1
12222,1789979798,1
12223,1789980199,1
12224,1789980199,1
12225,1789980573,1
12226,1789981047,1
12227,1789983693,1
12228,1789984908,1
12229,1789985274,1
12230,1789986352,1
12231,1789986393,1
12232,1789986510,1
12233,1789987474,1
12234,1789987545,1
12235,1789987640,1
12236,1789989169,1
12237,1789989545,1
12238,1789990382,1
12239,1789990392,1
12240,1789990646,1
12241,1789990689,1
12242,1789990788,1
12243,1789990840,1
12244,1789990943,1
12245,1789991010,1
12246,1789991010,1
12247,1789991150,1
12248,1789992508,1
12249,1789992628,1
12250,1789995571,1
12251,1789996044,1
12252,1789997060,1
12253,1789997376,1
12254,1789997707,1
12255,1789997730,1
12256,1789998685,1
12257,1789999218,1
12258,1789999234,1
12259,1790000223,1
12260,1790000761,1
12261,1790001295,1
12262,1790001623,1
12263,1790002070,1
12264,1790002517,1
12265,1790004557,1
12266,1790005526,1
12267,1790006194,1
12268,1790007244,1
12269,1790008075,1
12270,1790008766,1
12271,1790009248,1
12272,1790009959,1
12273,1790009992,1
12274,1790010065,1
12275,1790010120,1
12276,1790010374,1
12277,1790010514,1
12278,1790012238,1
12279,1790013436,1
12280,1790013801,1
12281,1790013823,1
12282,1790015297,1
12283,1790016781,1
12284,1790018608,1
12285,1790018761,1
12286,1790019183,1
12287,1790021426,1
12288,1790026251,1
12289,1790029273,1
12290,1790030301,1
12291,1790032773,1
12292,1790032874,1
12293,1790033667,1
12294,1790033779,1
12295,1790034697,1
12296,1790034921,1
12297,1790035563,1
12298,1790036027,1
12299,1790037482,1
12300,1790039813,1
12301,1790040456,1
12302,1790041414,1
12303,1790042117,1
12304,1790042513,1
12305,1790042869,1
12306,1790044463,1
12307,1790044578,1
12308,1790045252,1
12309,1790045282,1
12310,1790045979,1
12311,1790048545,1
12312,1790052809,1
12313,1790053603,1
12314,1790053799,1
12315,1790054864,1
12316,1790056165,1
12317,1790057620,1
12318,1790058356,1
12319,1790058913,1
12320,1790059411,1
12321,1790061136,1
12322,1790061760,1
12323,1790061968,1
12324,1790063196,1
12325,1790063317,1
12326,1790063325,1
12327,1790064580,1
12328,1790066056,1
12329,1790066722,1
12330,1790066767,1
12331,1790066980,1
12332,1790067465,1
12333,1790069722,1
12334,1790070896,1
12335,1790070953,1
12336,1790071620,1
12337,1790071630,1
12338,1790072171,1
12339,1790072313,1
12340,1790072414,1
12341,1790073843,1
12342,1790074533,1
12343,1790074890,1
12344,1790074976,1
12345,1790075080,1
12346,1790075738,1
12347,1790076034,1
12348,1790076055,1
12349,1790077002,1
12350,1790077461,1
12351,1790077980,1
12352,1790078192,1
12353,1790078325,1
12354,1790078536,1
12355,1790078667,1
12356,1790078977,1
12357,1790078987,1
12358,1790079721,1
12359,1790079949,1
12360,1790081276,1
12361,1790081362,1
12362,1790081487,1
12363,1790082395,1
12364,1790082692,1
12365,1790083148,1
12366,1790083208,1
12367,1790083592,1
12368,1790084014,1
12369,1790084484,1
12370,1790084987,1
12371,1790085286,1
12372,1790085319,1
12373,1790085629,1
12374,1790088396,1
12375,1790088537,1
12376,1790088759,1
12377,1790095990,1
12378,1790096323,1
12379,1790096759,1
12380,1790097737,1
12381,1790098085,1
12382,1790098230,1
12383,1790098920,1
12384,1790099505,1
12385,1790099515,1
12386,1790099676,1
12387,1790099758,1
12388,1790100759,1
12389,1790101452,1
12390,1790102015,1
12391,1790102126,1
12392,1790102474,1
12393,1790106279,1
12394,1790106988,1
12395,1790107841,1
12396,1790110578,1
12397,1790112680,1
12398,1790112752,1
12399,1790112931,1
12400,1790114320,1
12401,1790114456,1
12402,1790114487,1
12403,1790114862,1
12404,1790115035,1
12405,1790116476,1
12406,1790118559,1
12407,1790118575,1
12408,1790119198,1
12409,1790120068,1
12410,1790124595,1
12411,1790124645,1
12412,1790126055,1
12413,1790126055,1
12414,1790126130,1
12415,1790126543,1
12416,1790128882,1
12417,1790129506,1
12418,1790129666,1
12419,1790129748,1
12420,1790129769,1
12421,1790132036,1
12422,1790133089,1
12423,1790134176,1
12424,1790134810,1
12425,1790134906,1
12426,1790135387,1
12427,1790138258,1
12428,1790138314,1
12429,1790139281,1
12430,1790140406,1
12431,1790141069,1
12432,1790141281,1
12433,1790142166,1
12434,1790143230,1
12435,1790143301,1
12436,1790143766,1
12437,1790143998,1
12438,1790145571,1
12439,1790150594,1
12440,1790152913,1
12441,1790154966,1
12442,1790154989,1
12443,1790155000,1
12444,1790155076,1
12445,1790155142,1
12446,1790155238,1
12447,1790157392,1
12448,1790157406,1
12449,1790158489,1
12450,1790159314,1
12451,1790160754,1
12452,1790160920,1
12453,1790161790,1
12454,1790161939,1
12455,1790163087,1
12456,1790163330,1
12457,1790164411,1
12458,1790164654,1
12459,1790164793,1
12460,1790166812,1
12461,1790167090,1
12462,1790167251,1
12463,1790167524,1
12464,1790169721,1
12465,1790169783,1
12466,1790170504,1
12467,1790171261,1
12468,1790171492,1
12469,1790173204,1
12470,1790173236,1
12471,1790174194,1
12472,1790175171,1
12473,1790175679,1
12474,1790176022,1
12475,1790176374,1
12476,1790178258,1
12477,1790178460,1
12478,1790181367,1
12479,1790183201,1
12480,1790184043,1
12481,1790185819,1
12482,1790186867,1
12483,1790187535,1
12484,1790189935,1
12485,1790190481,1
12486,1790190839,1
12487,1790191088,1
12488,1790191622,1
12489,1790191868,1
12490,1790192001,1
12491,1790193741,1
12492,1790194062,1
12493,1790194644,1
12494,1790195408,1
12495,1790199360,1
12496,1790202394,1
12497,1790203102,1
12498,1790203950,1
12499,1790206554,1
12500,1790206762,1
12501,1790207532,1
12502,1790207868,1
12503,1790208489,1
12504,1790209184,1
12505,1790211052,1
12506,1790213774,1
12507,1790213827,1
12508,1790214666,1
12509,1790215318,1
12510,1790215827,1
12511,1790217546,1
12512,1790217729,1
12513,1790218236,1
12514,1790218479,1
12515,1790218625,1
12516,1790219536,1
12517,1790220128,1
12518,1790220514,1
12519,1790221104,1
12520,1790221799,1
12521,1790222009,1
12522,1790222129,1
12523,1790223195,1
12524,1790223369,1
12525,1790224689,1
12526,1790226736,1
12527,1790227392,1
12528,1790229129,1
12529,1790230959,1
12530,1790230996,1
12531,1790231103,1
12532,1790231276,1
12533,1790231623,1
12534,1790232324,1
12535,1790232656,1
12536,1790233415,1
12537,1790234469,1
12538,1790234714,1
12539,1790234886,1
12540,1790236405,1
12541,1790236838,1
12542,1790237150,1
12543,1790237410,1
12544,1790237931,1
12545,1790239658,1
12546,1790240351,1
12547,1790240801,1
12548,1790240840,1
12549,1790240878,1
12550,1790242297,1
12551,1790242309,1
12552,1790242776,1
12553,1790246259,1
12554,1790247080,1
12555,1790247718,1
12556,1790247919,1
12557,1790248197,1
12558,1790248258,1
12559,1790250993,1
12560,1790251304,1
12561,1790251455,1
12562,1790251706,1
12563,1790251802,1
12564,1790252842,1
12565,1790253297,1
12566,1790253756,1
12567,1790254057,1
12568,1790254291,1
12569,1790255472,1
12570,1790255489,1
12571,1790255610,1
12572,1790255727,1
12573,1790256167,1
12574,1790256183,1
12575,1790256307,1
12576,1790256461,1
12577,1790257316,1
12578,1790257368,1
12579,1790257431,1
12580,1790257775,1
12581,1790259124,1
12582,1790259659,1
12583,1790260317,1
12584,1790260570,1
12585,1790260989,1
12586,1790261264,1
12587,1790261579,1
12588,1790261984,1
12589,1790262456,1
12590,1790262769,1
12591,1790263269,1
12592,1790263472,1
12593,1790264262,1
12594,1790265143,1
12595,1790265241,1
12596,1790267424,1
12597,1790268441,1
12598,1790268618,1
12599,1790270761,1
12600,1790275595,1
12601,1790277209,1
12602,1790278523,1
12603,1790280732,1
12604,1790280908,1
12605,1790281076,1
12606,1790282775,1
12607,1790283741,1
12608,1790284014,1
12609,1790284821,1
12610,1790287124,1
12611,1790289114,1
12612,1790289780,1
12613,1790291837,1
12614,1790295749,1
12615,1790297575,1
12616,1790298295,1
12617,1790300770,1
12618,1790304858,1
12619,1790307861,1
12620,1790308211,1
12621,1790308656,1
12622,1790310985,1
12623,1790311126,1
12624,1790312136,1
12625,1790312466,1
12626,1790313960,1
12627,1790314445,1
12628,1790314570,1
12629,1790315086,1
12630,1790316918,1
12631,1790320014,1
12632,1790321118,1
12633,1790321406,1
12634,1790323438,1
12635,1790324704,1
12636,1790326644,1
12637,1790327351,1
12638,1790327568,1
12639,1790329536,1
12640,1790330245,1
12641,1790330328,1
12642,1790330483,1
12643,1790331181,1
12644,1790331788,1
12645,1790332184,1
12646,1790332721,1
12647,1790335306,1
12648,1790335488,1
12649,1790336802,1
12650,1790336897,1
12651,1790338597,1
12652,1790339302,1
12653,1790341197,1
12654,1790341654,1
12655,1790341689,1
12656,1790342398,1
12657,1790343235,1
12658,1790343376,1
12659,1790344478,1
12660,1790344491,1
12661,1790344564,1
12662,1790345198,1
12663,1790345343,1
12664,1790345375,1
12665,1790346035,1
12666,1790346596,1
12667,1790347358,1
12668,1790347743,1
12669,1790348224,1
12670,1790348586,1
12671,1790349589,1
12672,1790350374,1
12673,1790350772,1
12674,1790351118,1
12675,1790351600,1
12676,1790353302,1
12677,1790353429,1
12678,1790353477,1
12679,1790354761,1
12680,1790354970,1
12681,1790355242,1
12682,1790355264,1
12683,1790355943,1
12684,1790356696,1
12685,1790357136,1
12686,1790357162,1
12687,1790357362,1
12688,1790357750,1
12689,1790358053,1
12690,1790362085,1
12691,1790362204,1
12692,1790362818,1
12693,1790363404,1
12694,1790366191,1
12695,1790366607,1
12696,1790366745,1
12697,1790366946,1
12698,1790367017,1
12699,1790367159,1
12700,1790367190,1
12701,1790367318,1
12702,1790368123,1
12703,1790369189,1
12704,1790369306,1
12705,1790369458,1
12706,1790371048,1
12707,1790371365,1
12708,1790373757,1
12709,1790374668,1
12710,1790375777,1
12711,1790377063,1
12712,1790377572,1
12713,1790377598,1
12714,1790377860,1
12715,1790378304,1
12716,1790380570,1
12717,1790380598,1
12718,1790380856,1
12719,1790380975,1
12720,1790381141,1
12721,1790382803,1
12722,1790383106,1
12723,1790383377,1
12724,1790384147,1
12725,1790384528,1
12726,1790385567,1
12727,1790386468,1
12728,1790388247,1
12729,1790388915,1
12730,1790389619,1
12731,1790389869,1
12732,1790392864,1
12733,1790393198,1
12734,1790394736,1
12735,1790395078,1
12736,1790395223,1
12737,1790395492,1
12738,1790395561,1
12739,1790395571,1
12740,1790397712,1
12741,1790397770,1
12742,1790398516,1
12743,1790398547,1
12744,1790398565,1
12745,1790399765,1
12746,1790400329,1
12747,1790401205,1
12748,1790401413,1
12749,1790401480,1
12750,1790401636,1
12751,1790402057,1
12752,1790403110,1
12753,1790403546,1
12754,1790404157,1
12755,1790405155,1
12756,1790405294,1
12757,1790405403,1
12758,1790405841,1
12759,1790406180,1
12760,1790406307,1
12761,1790406771,1
12762,1790407112,1
12763,1790407351,1
12764,1790407800,1
12765,1790408404,1
12766,1790408739,1
12767,1790409887,1
12768,1790410051,1
12769,1790410538,1
12770,1790410792,1
12771,1790410948,1
12772,1790411285,1
12773,1790411306,1
12774,1790411759,1
12775,1790411895,1
12776,1790412294,1
12777,1790412355,1
12778,1790413304,1
12779,1790413661,1
12780,1790414637,1
12781,1790415353,1
12782,1790416382,1
12783,1790417313,1
12784,1790418438,1
12785,1790419159,1
12786,1790419179,1
12787,1790419441,1
12788,1790419830,1
12789,1790420148,1
12790,1790420828,1
12791,1790421350,1
12792,1790421628,1
12793,1790422017,1
12794,1790422035,1
12795,1790422589,1
12796,1790422784,1
12797,1790423103,1
12798,1790423726,1
12799,1790424336,1
12800,1790425202,1
12801,1790425202,1
12802,1790426099,1
12803,1790426636,1
12804,1790426764,1
12805,1790427027,1
12806,1790427187,1
12807,1790427215,1
12808,1790428028,1
12809,1790429597,1
12810,1790429798,1
12811,1790430273,1
12812,1790430459,1
12813,1790431108,1
12814,1790431357,1
12815,1790434859,1
12816,1790436477,1
12817,1790436665,1
12818,1790437152,1
12819,1790437563,1
12820,1790437792,1
12821,1790439160,1
12822,1790439659,1
12823,1790441865,1
12824,1790443145,1
12825,1790444992,1
12826,1790445387,1
12827,1790445830,1
12828,1790446786,1
12829,1790446944,1
12830,1790447908,1
12831,1790448306,1
12832,1790449153,1
12833,1790453154,1
12834,1790453218,1
12835,1790453448,1
12836,1790453539,1
12837,1790454132,1
12838,1790455187,1
12839,1790456348,1
12840,1790458080,1
12841,1790458542,1
12842,1790458752,1
12843,1790461669,1
12844,1790463433,1
12845,1790463701,1
12846,1790463898,1
12847,1790465069,1
12848,1790468751,1
12849,1790469368,1
12850,1790473396,1
12851,1790473997,1
12852,1790482181,1
12853,1790483578,1
12854,1790485781,1
12855,1790486101,1
12856,1790486565,1
12857,1790488628,1
12858,1790489128,1
12859,1790489435,1
12860,1790492390,1
12861,1790492600,1
12862,1790492829,1
12863,1790492912,1
12864,1790494201,1
12865,1790494902,1
12866,1790497057,1
12867,1790497199,1
12868,1790498210,1
12869,1790499874,1
12870,1790500510,1
12871,1790502068,1
12872,1790504104,1
12873,1790505544,1
12874,1790505783,1
12875,1790506019,1
12876,1790507129,1
12877,1790508067,1
12878,1790508604,1
12879,1790508883,1
12880,1790509215,1
12881,1790510279,1
12882,1790513657,1
12883,1790514149,1
12884,1790515345,1
12885,1790515723,1
12886,1790516035,1
12887,1790516311,1
12888,1790517408,1
12889,1790518293,1
12890,1790520618,1
12891,1790521161,1
12892,1790523053,1
12893,1790523420,1
12894,1790524216,1
12895,1790524523,1
12896,1790524609,1
12897,1790524820,1
12898,1790525012,1
12899,1790526557,1
12900,1790530195,1
12901,1790530531,1
12902,1790530651,1
12903,1790530676,1
12904,1790531293,1
12905,1790532402,1
12906,1790532782,1
12907,1790533609,1
12908,1790535623,1
12909,1790535999,1
12910,1790537831,1
12911,1790537971,1
12912,1790539942,1
12913,1790541805,1
12914,1790542477,1
12915,1790544355,1
12916,1790545126,1
12917,1790549674,1
12918,1790550864,1
12919,1790551466,1
12920,1790551828,1
12921,1790552217,1
12922,1790554032,1
12923,1790555095,1
12924,1790555726,1
12925,1790556895,1
12926,1790557843,1
12927,1790558467,1
12928,1790558482,1
12929,1790559521,1
12930,1790559963,1
12931,1790562485,1
12932,1790563306,1
12933,1790564295,1
12934,1790564827,1
12935,1790564850,1
12936,1790565024,1
12937,1790565374,1
12938,1790565402,1
12939,1790567283,1
12940,1790567343,1
12941,1790570104,1
12942,1790570684,1
12943,1790572597,1
12944,1790574914,1
12945,1790576859,1
12946,1790577165,1
12947,1790577229,1
12948,1790577268,1
12949,1790577293,1
12950,1790577388,1
12951,1790578300,1
12952,1790578543,1
12953,1790578720,1
12954,1790579107,1
12955,1790579740,1
12956,1790581334,1
12957,1790582313,1
12958,1790582653,1
12959,1790583132,1
12960,1790583320,1
12961,1790583714,1
12962,1790583759,1
12963,1790584734,1
12964,1790585001,1
12965,1790585451,1
12966,1790585750,1
12967,1790585916,1
12968,1790586434,1
12969,1790588834,1
12970,1790590756,1
12971,1790590921,1
12972,1790591100,1
12973,1790592491,1
12974,1790592585,1
12975,1790592945,1
12976,1790593013,1
12977,1790594705,1
12978,1790594828,1
12979,1790595833,1
12980,1790597505,1
12981,1790597595,1
12982,1790598009,1
12983,1790599483,1
12984,1790600519,1
12985,1790601736,1
12986,1790601858,1
12987,1790602203,1
12988,1790605408,1
12989,1790605420,1
12990,1790605524,1
12991,1790606558,1
12992,1790608235,1
12993,1790609260,1
12994,1790609510,1
12995,1790609822,1
12996,1790609983,1
12997,1790610901,1
12998,1790611438,1
12999,1790613138,1
13000,1790613277,1
13001,1790613900,1
13002,1790614002,1
13003,1790614195,1
13004,1790614279,1
13005,1790615567,1
13006,1790615790,1
13007,1790616146,1
13008,1790616470,1
13009,1790616698,1
13010,1790617913,1
13011,1790617960,1
13012,1790618036,1
13013,1790618539,1
13014,1790621120,1
13015,1790621749,1
13016,1790622621,1
13017,1790623347,1
13018,1790623647,1
13019,1790623870,1
13020,1790624239,1
13021,1790624257,1
13022,1790624684,1
13023,1790626567,1
13024,1790626713,1
13025,1790626791,1
13026,1790628855,1
13027,1790629679,1
13028,1790629724,1
13029,1790629822,1
13030,1790630134,1
13031,1790630495,1
13032,1790631875,1
13033,1790632360,1
13034,1790632464,1
13035,1790634656,1
13036,1790636447,1
13037,1790636635,1
13038,1790636868,1
13039,1790638766,1
13040,1790640110,1
13041,1790642761,1
13042,1790644209,1
13043,1790644316,1
13044,1790644804,1
13045,1790645560,1
13046,1790646046,1
13047,1790646631,1
13048,1790647195,1
13049,1790647445,1
13050,1790647635,1
13051,1790648224,1
13052,1790651207,1
13053,1790651211,1
13054,1790651610,1
13055,1790651830,1
13056,1790651885,1
13057,1790652265,1
13058,1790653260,1
13059,1790653761,1
13060,1790653797,1
13061,1790653849,1
13062,1790653896,1
13063,1790653925,1
13064,1790653954,1
13065,1790654127,1
13066,1790654210,1
13067,1790654383,1
13068,1790654623,1
13069,1790654886,1
13070,1790655223,1
13071,1790655741,1
13072,1790655766,1
13073,1790655799,1
13074,1790656992,1
13075,1790657855,1
13076,1790659057,1
13077,1790659128,1
13078,1790659136,1
13079,1790659996,1
13080,1790660041,1
13081,1790660163,1
13082,1790660285,1
13083,1790660771,1
13084,1790660833,1
13085,1790660949,1
13086,1790661426,1
13087,1790661539,1
13088,1790661683,1
13089,1790661977,1
13090,1790662051,1
13091,1790663138,1
13092,1790664376,1
13093,1790664484,1
13094,1790665375,1
13095,1790665837,1
13096,1790666356,1
13097,1790666467,1
13098,1790666518,1
13099,1790666558,1
13100,1790666665,1
13101,1790666738,1
13102,1790667362,1
13103,1790667548,1
13104,1790667608,1
13105,1790667662,1
13106,1790668276,1
13107,1790669193,1
13108,1790669478,1
13109,1790669709,1
13110,1790669908,1
13111,1790670062,1
13112,1790670399,1
13113,1790670465,1
13114,1790670764,1
13115,1790670767,1
13116,1790671634,1
13117,1790671889,1
13118,1790672027,1
13119,1790672118,1
13120,1790672583,1
13121,1790672593,1
13122,1790672593,1
13123,1790672706,1
13124,1790673030,1
13125,1790673034,1
13126,1790673204,1
13127,1790673880,1
13128,1790674023,1
13129,1790674357,1
13130,1790674804,1
13131,1790675261,1
13132,1790675265,1
13133,1790676297,1
13134,1790676719,1
13135,1790676733,1
13136,1790677175,1
13137,1790679853,1
13138,1790679929,1
13139,1790681386,1
13140,1790681525,1
13141,1790681570,1
13142,1790681665,1
13143,1790681665,1
13144,1790681705,1
13145,1790681796,1
13146,1790681820,1
13147,1790681960,1
13148,1790681970,1
13149,1790682059,1
13150,1790682195,1
13151,1790682243,1
13152,1790682257,1
13153,1790682322,1
13154,1790682340,1
13155,1790682685,1
13156,1790683089,1
13157,1790684036,1
13158,1790684319,1
13159,1790684400,1
13160,1790684406,1
13161,1790684454,1
13162,1790684540,1
13163,1790684977,1
13164,1790685081,1
13165,1790685178,1
13166,1790685335,1
13167,1790685666,1
13168,1790685840,1
13169,1790686264,1
13170,1790686423,1
13171,1790686676,1
13172,1790686845,1
13173,1790687185,1
13174,1790687232,1
13175,1790687243,1
13176,1790687734,1
13177,1790687838,1
13178,1790688448,1
13179,1790689272,1
13180,1790689754,1
13181,1790690024,1
13182,1790690482,1
13183,1790691064,1
13184,1790691544,1
13185,1790692160,1
13186,1790692227,1
13187,1790692848,1
13188,1790693292,1
13189,1790693533,1
13190,1790693829,1
13191,1790694117,1
13192,1790696548,1
13193,1790697115,1
13194,1790697537,1
13195,1790697596,1
13196,1790697772,1
13197,1790698237,1
13198,1790698450,1
13199,1790699140,1
13200,1790700399,1
13201,1790701563,1
13202,1790701593,1
13203,1790703854,1
13204,1790704038,1
13205,1790704202,1
13206,1790708605,1
13207,1790709676,1
13208,1790709750,1
13209,1790709774,1
13210,1790711284,1
13211,1790713436,1
13212,1790713835,1
13213,1790714901,1
13214,1790716859,1
13215,1790723463,1
13216,1790723787,1
13217,1790725445,1
13218,1790728128,1
13219,1790728488,1
13220,1790728984,1
13221,1790729529,1
13222,1790730449,1
13223,1790730648,1
13224,1790731082,1
13225,1790732791,1
13226,1790733481,1
13227,1790733681,1
13228,1790733684,1
13229,1790735185,1
13230,1790736016,1
13231,1790736806,1
13232,1790739303,1
13233,1790740436,1
13234,1790741890,1
13235,1790742319,1
13236,1790742996,1
13237,1790743169,1
13238,1790743418,1
13239,1790743425,1
13240,1790743722,1
13241,1790744960,1
13242,1790746405,1
13243,1790748572,1
13244,1790749533,1
13245,1790750221,1
13246,1790750419,1
13247,1790750563,1
13248,1790751079,1
13249,1790752444,1
13250,1790753339,1
13251,1790755026,1
13252,1790755919,1
13253,1790756743,1
13254,1790759557,1
13255,1790760462,1
13256,1790761776,1
13257,1790762882,1
13258,1790765066,1
13259,1790765105,1
13260,1790765387,1
13261,1790766277,1
13262,1790767449,1
13263,1790768417,1
13264,1790768894,1
13265,1790768960,1
13266,1790768996,1
13267,1790769486,1
13268,1790769842,1
13269,1790769961,1
13270,1790770047,1
13271,1790770055,1
13272,1790770405,1
13273,1790771140,1
13274,1790771261,1
13275,1790771375,1
13276,1790771836,1
13277,1790773770,1
13278,1790774325,1
13279,1790774539,1
13280,1790774678,1
13281,1790775756,1
13282,1790776075,1
13283,1790776274,1
13284,1790776973,1
13285,1790777127,1
13286,1790778012,1
13287,1790779293,1
13288,1790779766,1
13289,1790779835,1
13290,1790780414,1
13291,1790780564,1
13292,1790781153,1
13293,1790781260,1
13294,1790781299,1
13295,1790782554,1
13296,1790783447,1
13297,1790783785,1
13298,1790786587,1
13299,1790786729,1
13300,1790786927,1
13301,1790788682,1
13302,1790789706,1
13303,1790789965,1
13304,1790790696,1
13305,1790791220,1
13306,1790791307,1
13307,1790795003,1
13308,1790795682,1
13309,1790796937,1
13310,1790800584,1
13311,1790803508,1
13312,1790803582,1
13313,1790803999,1
13314,1790805598,1
13315,1790807148,1
13316,1790810069,1
13317,1790810864,1
13318,1790813123,1
13319,1790816239,1
13320,1790816884,1
13321,1790817604,1
13322,1790819440,1
13323,1790822033,1
13324,1790822559,1
13325,1790823055,1
13326,1790823266,1
13327,1790823572,1
13328,1790824634,1
13329,1790826306,1
13330,1790827309,1
13331,1790827914,1
13332,1790828915,1
13333,1790829443,1
13334,1790829756,1
13335,1790831048,1
13336,1790832124,1
13337,1790832323,1
13338,1790833424,1
13339,1790834944,1
13340,1790834972,1
13341,1790835669,1
13342,1790837156,1
13343,1790837815,1
13344,1790838169,1
13345,1790838459,1
13346,1790838757,1
13347,1790838942,1
13348,1790839455,1
13349,1790839700,1
13350,1790841072,1
13351,1790841986,1
13352,1790844138,1
13353,1790844960,1
13354,1790846088,1
13355,1790846538,1
13356,1790846864,1
13357,1790847257,1
13358,1790848101,1
13359,1790848131,1
13360,1790849285,1
13361,1790850536,1
13362,1790850883,1
13363,1790851256,1
13364,1790852974,1
13365,1790854195,1
13366,1790854482,1
13367,1790856535,1
13368,1790856625,1
13369,1790857330,1
13370,1790857477,1
13371,1790857732,1
13372,1790858020,1
13373,1790858328,1
13374,1790858559,1
13375,1790858601,1
13376,1790858653,1
13377,1790858693,1
13378,1790858825,1
13379,1790859428,1
13380,1790859581,1
13381,1790859771,1
13382,1790859822,1
13383,1790860018,1
13384,1790860202,1
13385,1790860812,1
13386,1790861078,1
13387,1790862020,1
13388,1790862115,1
13389,1790862503,1
13390,1790863250,1
13391,1790863307,1
13392,1790864007,1
13393,1790864548,1
13394,1790864939,1
13395,1790867642,1
13396,1790868520,1
13397,1790869016,1
13398,1790869178,1
13399,1790869230,1
13400,1790869889,1
13401,1790870000,1
13402,1790870207,1
13403,1790870601,1
13404,1790870895,1
13405,1790872828,1
13406,1790872932,1
13407,1790873607,1
13408,1790873628,1
13409,1790876142,1
13410,1790876403,1
13411,1790877008,1
13412,1790877170,1
13413,1790878523,1
13414,1790879026,1
13415,1790879981,1
13416,1790880243,1
13417,1790880297,1
13418,1790880702,1
13419,1790880925,1
13420,1790881377,1
13421,1790881966,1
13422,1790883292,1
13423,1790883641,1
13424,1790884169,1
13425,1790887390,1
13426,1790888674,1
13427,1790891025,1
13428,1790891338,1
13429,1790891452,1
13430,1790893252,1
13431,1790896090,1
13432,1790896935,1
13433,1790897272,1
13434,1790898019,1
13435,1790898437,1
13436,1790898665,1
13437,1790899687,1
13438,1790902544,1
13439,1790902630,1
13440,1790903335,1
13441,1790903397,1
13442,1790905611,1
13443,1790907300,1
13444,1790907425,1
13445,1790908055,1
13446,1790908397,1
13447,1790908629,1
13448,1790910187,1
13449,1790910590,1
13450,1790911045,1
13451,1790911139,1
13452,1790911489,1
13453,1790913438,1
13454,1790913798,1
13455,1790914156,1
13456,1790915275,1
13457,1790918989,1
13458,1790919156,1
13459,1790919370,1
13460,1790920773,1
13461,1790923924,1
13462,1790924458,1
13463,1790924502,1
13464,1790924573,1
13465,1790925673,1
13466,1790927415,1
13467,1790927439,1
13468,1790927604,1
13469,1790927912,1
13470,1790928622,1
13471,1790928660,1
13472,1790930316,1
13473,1790930701,1
13474,1790931184,1
13475,1790932284,1
13476,1790932531,1
13477,1790933921,1
13478,1790934368,1
13479,1790935066,1
13480,1790935086,1
13481,1790935102,1
13482,1790935111,1
13483,1790935236,1
13484,1790935276,1
13485,1790935286,1
13486,1790935377,1
13487,1790935770,1
13488,1790935800,1
13489,1790935896,1
13490,1790935928,1
13491,1790936027,1
13492,1790936062,1
13493,1790936184,1
13494,1790936428,1
13495,1790936573,1
13496,1790936856,1
13497,1790937355,1
13498,1790937391,1
13499,1790937520,1
13500,1790937882,1
13501,1790938751,1
13502,1790939053,1
13503,1790939771,1
13504,1790940101,1
13505,1790940126,1
13506,1790940315,1
13507,1790940405,1
13508,1790941562,1
13509,1790942152,1
13510,1790942378,1
13511,1790942424,1
13512,1790942429,1
13513,1790942949,1
13514,1790943461,1
13515,1790943701,1
13516,1790943920,1
13517,1790944324,1
13518,1790944570,1
13519,1790944659,1
13520,1790945143,1
13521,1790945648,1
13522,1790945730,1
13523,1790945918,1
13524,1790946025,1
13525,1790946454,1
13526,1790946713,1
13527,1790946834,1
13528,1790947584,1
13529,1790948072,1
13530,1790948360,1
13531,1790948501,1
13532,1790948517,1
13533,1790948681,1
13534,1790948694,1
13535,1790948814,1
13536,1790948884,1
13537,1790948977,1
13538,1790949199,1
13539,1790949548,1
13540,1790949615,1
13541,1790949811,1
13542,1790950281,1
13543,1790950518,1
13544,1790950685,1
13545,1790951426,1
13546,1790952004,1
13547,1790952355,1
13548,1790952452,1
13549,1790952519,1
13550,1790952708,1
13551,1790953208,1
13552,1790953414,1
13553,1790953526,1
13554,1790954050,1
13555,1790954191,1
13556,1790954508,1
13557,1790954593,1
13558,1790955409,1
13559,1790958030,1
13560,1790958149,1
13561,1790958704,1
13562,1790960014,1
13563,1790960533,1
13564,1790960767,1
13565,1790964377,1
13566,1790964394,1
13567,1790965849,1
13568,1790966407,1
13569,1790967039,1
13570,1790967126,1
13571,1790967226,1
13572,1790968403,1
13573,1790968638,1
13574,1790971657,1
13575,1790974733,1
13576,1790977492,1
13577,1790979585,1
13578,1790985724,1
13579,1790986222,1
13580,1790988463,1
13581,1790989039,1
13582,1790990144,1
13583,1790990680,1
13584,1790990786,1
13585,1790990957,1
13586,1790991374,1
13587,1790991524,1
13588,1790997929,1
13589,1790999034,1
13590,1790999195,1
13591,1791000372,1
13592,1791001491,1
13593,1791002412,1
13594,1791002716,1
13595,1791002929,1
13596,1791004342,1
13597,1791004487,1
13598,1791005318,1
13599,1791005496,1
13600,1791005871,1
13601,1791005899,1
13602,1791008456,1
13603,1791008478,1
13604,1791008834,1
13605,1791008901,1
13606,1791008961,1
13607,1791009514,1
13608,1791009577,1
13609,1791010921,1
13610,1791010995,1
13611,1791011079,1
13612,1791014411,1
13613,1791015158,1
13614,1791015737,1
13615,1791015978,1
13616,1791016604,1
13617,1791017239,1
13618,1791017522,1
13619,1791018615,1
13620,1791018691,1
13621,1791020465,1
13622,1791021141,1
13623,1791021626,1
13624,1791021701,1
13625,1791021804,1
13626,1791022188,1
13627,1791022257,1
13628,1791022424,1
13629,1791022574,1
13630,1791024150,1
13631,1791024202,1
13632,1791024521,1
13633,1791024644,1
13634,1791024659,1
13635,1791024933,1
13636,1791025131,1
13637,1791025691,1
13638,1791025921,1
13639,1791025991,1
13640,1791027350,1
13641,1791027491,1
13642,1791028272,1
13643,1791028313,1
13644,1791028434,1
13645,1791028461,1
13646,1791029115,1
13647,1791029894,1
13648,1791030119,1
13649,1791030247,1
13650,1791031027,1
13651,1791032005,1
13652,1791032068,1
13653,1791032296,1
13654,1791032692,1
13655,1791032752,1
13656,1791033107,1
13657,1791033138,1
13658,1791033258,1
13659,1791035531,1
13660,1791035840,1
13661,1791036850,1
13662,1791037310,1
13663,1791037524,1
13664,1791039296,1
13665,1791039365,1
13666,1791039879,1
13667,1791040480,1
13668,1791040854,1
13669,1791041131,1
13670,1791041333,1
13671,1791041503,1
13672,1791042038,1
13673,1791042237,1
13674,1791042865,1
13675,1791043046,1
13676,1791043083,1
13677,1791044485,1
13678,1791045974,1
13679,1791046003,1
13680,1791046739,1
13681,1791046767,1
13682,1791046932,1
13683,1791047400,1
13684,1791047434,1
13685,1791047472,1
13686,1791048392,1
13687,1791049005,1
13688,1791049025,1
13689,1791049456,1
13690,1791049708,1
13691,1791049727,1
13692,1791049838,1
13693,1791049856,1
13694,1791050781,1
13695,1791051164,1
13696,1791051371,1
13697,1791051690,1
13698,1791051820,1
13699,1791053315,1
13700,1791053643,1
13701,1791054031,1
13702,1791054658,1
13703,1791055934,1
13704,1791055953,1
13705,1791056015,1
13706,1791056288,1
13707,1791057324,1
13708,1791057336,1
13709,1791058297,1
13710,1791058430,1
13711,1791058915,1
13712,1791059663,1
13713,1791059960,1
13714,1791060935,1
13715,1791061075,1
13716,1791061350,1
13717,1791061628,1
13718,1791062727,1
13719,1791062920,1
13720,1791063363,1
13721,1791063860,1
13722,1791064289,1
13723,1791065117,1
13724,1791065833,1
13725,1791067292,1
13726,1791067598,1
13727,1791068654,1
13728,1791069269,1
13729,1791069689,1
13730,1791070044,1
13731,1791070439,1
13732,1791070595,1
13733,1791070640,1
13734,1791071237,1
13735,1791071807,1
13736,1791072083,1
13737,1791072104,1
13738,1791072167,1
13739,1791073061,1
13740,1791074692,1
13741,1791076530,1
13742,1791076620,1
13743,1791077751,1
13744,1791078638,1
13745,1791080403,1
13746,1791080860,1
13747,1791081528,1
13748,1791081798,1
13749,1791081861,1
13750,1791081881,1
13751,1791082241,1
13752,1791082293,1
13753,1791082358,1
13754,1791082775,1
13755,1791083086,1
13756,1791084109,1
13757,1791084471,1
13758,1791085962,1
13759,1791086097,1
13760,1791086882,1
13761,1791087468,1
13762,1791087847,1
13763,1791088344,1
13764,1791088429,1
13765,1791088539,1
13766,1791089561,1
13767,1791089636,1
13768,1791090070,1
13769,1791090235,1
13770,1791091298,1
13771,1791091350,1
13772,1791091695,1
13773,1791092062,1
13774,1791092215,1
13775,1791092701,1
13776,1791093280,1
13777,1791093306,1
13778,1791094173,1
13779,1791094181,1
13780,1791094286,1
13781,1791094568,1
13782,1791094906,1
13783,1791095008,1
13784,1791095515,1
13785,1791095874,1
13786,1791096775,1
13787,1791097004,1
13788,1791097749,1
13789,1791098224,1
13790,1791098333,1
13791,1791098766,1
13792,1791099068,1
13793,1791099214,1
13794,1791099224,1
13795,1791099519,1
13796,1791099618,1
13797,1791099640,1
13798,1791099873,1
13799,1791099922,1
13800,1791100219,1
13801,1791100628,1
13802,1791101053,1
13803,1791101228,1
13804,1791101754,1
13805,1791101908,1
13806,1791102010,1
13807,1791102727,1
13808,1791102909,1
13809,1791103227,1
13810,1791103634,1
13811,1791104873,1
13812,1791106483,1
13813,1791106595,1
13814,1791106694,1
13815,1791107134,1
13816,1791108253,1
13817,1791109177,1
13818,1791109421,1
13819,1791109421,1
13820,1791109948,1
13821,1791110210,1
13822,1791110708,1
13823,1791110901,1
13824,1791111322,1
13825,1791111950,1
13826,1791112016,1
13827,1791112210,1
13828,1791112304,1
13829,1791112599,1
13830,1791112733,1
13831,1791112745,1
13832,1791112984,1
13833,1791113887,1
13834,1791114207,1
13835,1791116201,1
13836,1791116319,1
13837,1791117608,1
13838,1791118031,1
13839,1791118624,1
13840,1791118705,1
13841,1791119273,1
13842,1791119367,1
13843,1791119879,1
13844,1791119956,1
13845,1791121309,1
13846,1791121914,1
13847,1791122859,1
13848,1791122862,1
13849,1791123200,1
13850,1791123676,1
13851,1791124845,1
13852,1791125090,1
13853,1791125690,1
13854,1791126351,1
13855,1791126532,1
13856,1791126635,1
13857,1791127369,1
13858,1791127884,1
13859,1791128459,1
13860,1791129610,1
13861,1791130418,1
13862,1791131573,1
13863,1791131612,1
13864,1791132206,1
13865,1791132443,1
13866,1791132881,1
13867,1791133111,1
13868,1791136544,1
13869,1791136581,1
13870,1791136710,1
13871,1791137440,1
13872,1791139538,1
13873,1791139812,1
13874,1791139867,1
13875,1791142300,1
13876,1791144335,1
13877,1791144898,1
13878,1791145212,1
13879,1791145639,1
13880,1791146295,1
13881,1791146796,1
13882,1791146873,1
13883,1791148549,1
13884,1791148839,1
13885,1791150315,1
13886,1791151167,1
13887,1791156780,1
13888,1791157144,1
13889,1791160528,1
13890,1791161589,1
13891,1791162172,1
13892,1791163811,1
13893,1791163932,1
13894,1791164264,1
13895,1791164659,1
13896,1791165238,1
13897,1791165600,1
13898,1791167408,1
13899,1791167788,1
13900,1791168667,1
13901,1791168769,1
13902,1791169254,1
13903,1791169305,1
13904,1791170554,1
13905,1791171216,1
13906,1791171941,1
13907,1791172393,1
13908,1791172669,1
13909,1791173372,1
13910,1791173424,1
13911,1791173589,1
13912,1791174200,1
13913,1791174601,1
13914,1791175666,1
13915,1791176225,1
13916,1791176339,1
13917,1791176700,1
13918,1791177528,1
13919,1791177777,1
13920,1791177956,1
13921,1791178190,1
13922,1791178206,1
13923,1791178518,1
13924,1791179147,1
13925,1791179190,1
13926,1791179377,1
13927,1791179389,1
13928,1791179850,1
13929,1791180236,1
13930,1791180441,1
13931,1791180681,1
13932,1791180999,1
13933,1791181033,1
13934,1791181323,1
13935,1791181987,1
13936,1791182061,1
13937,1791182215,1
13938,1791182255,1
13939,1791182333,1
13940,1791182350,1
13941,1791182402,1
13942,1791182436,1
13943,1791182517,1
13944,1791182650,1
13945,1791182730,1
13946,1791182977,1
13947,1791182977,1
13948,1791184133,1
13949,1791184245,1
13950,1791184922,1
13951,1791185276,1
13952,1791186062,1
13953,1791186775,1
13954,1791187171,1
13955,1791187351,1
13956,1791187817,1
13957,1791188045,1
13958,1791188427,1
13959,1791188463,1
13960,1791189253,1
13961,1791190178,1
13962,1791190256,1
13963,1791190507,1
13964,1791190621,1
13965,1791190657,1
13966,1791190772,1
13967,1791190820,1
13968,1791190849,1
13969,1791190997,1
13970,1791191377,1
13971,1791191429,1
13972,1791191919,1
13973,1791192141,1
13974,1791192324,1
13975,1791192352,1
13976,1791193038,1
13977,1791193521,1
13978,1791193837,1
13979,1791194221,1
13980,1791194224,1
13981,1791194397,1
13982,1791194944,1
13983,1791195038,1
13984,1791195051,1
13985,1791196209,1
13986,1791196256,1
13987,1791196982,1
13988,1791197433,1
13989,1791198460,1
13990,1791199255,1
13991,1791199441,1
13992,1791199634,1
13993,1791200118,1
13994,1791200578,1
13995,1791200678,1
13996,1791200757,1
13997,1791201017,1
13998,1791201158,1
13999,1791201641,1
14000,1791202397,1
14001,1791202643,1
14002,1791202844,1
14003,1791203102,1
14004,1791203182,1
14005,1791203246,1
14006,1791203778,1
14007,1791203869,1
14008,1791204247,1
14009,1791204375,1
14010,1791204567,1
14011,1791204595,1
14012,1791204856,1
14013,1791205165,1
14014,1791205306,1
14015,1791205900,1
14016,1791205924,1
14017,1791206067,1
14018,1791206791,1
14019,1791207741,1
14020,1791208851,1
14021,1791208917,1
14022,1791209079,1
14023,1791209170,1
14024,1791209472,1
14025,1791210036,1
14026,1791210166,1
14027,1791210736,1
14028,1791210945,1
14029,1791211056,1
14030,1791211095,1
14031,1791211873,1
14032,1791212161,1
14033,1791212257,1
14034,1791212750,1
14035,1791212801,1
14036,1791213209,1
14037,1791213236,1
14038,1791213569,1
14039,1791213642,1
14040,1791213820,1
14041,1791214086,1
14042,1791214217,1
14043,1791214468,1
14044,1791214632,1
14045,1791214645,1
14046,1791215356,1
14047,1791215707,1
14048,1791215767,1
14049,1791216326,1
14050,1791216420,1
14051,1791216735,1
14052,1791216907,1
14053,1791216995,1
14054,1791217120,1
14055,1791217446,1
14056,1791217499,1
14057,1791217522,1
14058,1791217714,1
14059,1791217745,1
14060,1791218100,1
14061,1791218181,1
14062,1791218188,1
14063,1791218439,1
14064,1791219243,1
14065,1791219341,1
14066,1791219479,1
14067,1791219529,1
14068,1791219979,1
14069,1791220086,1
14070,1791220171,1
14071,1791220467,1
14072,1791220608,1
14073,1791220998,1
14074,1791221051,1
14075,1791221069,1
14076,1791221148,1
14077,1791222057,1
14078,1791222086,1
14079,1791224316,1
14080,1791224330,1
14081,1791226444,1
14082,1791226474,1
14083,1791227953,1
14084,1791231775,1
14085,1791233609,1
14086,1791233802,1
14087,1791234143,1
14088,1791234153,1
14089,1791236055,1
14090,1791237801,1
14091,1791238293,1
14092,1791239479,1
14093,1791239764,1
14094,1791239955,1
14095,1791242141,1
14096,1791243042,1
14097,1791243841,1
14098,1791243962,1
14099,1791244210,1
14100,1791244345,1
14101,1791244526,1
14102,1791244748,1
